event_type,symbol,signal_id,intended_execution_date,reason,requested_quantity,generated_quantity,sellable_quantity,total_quantity
zero_quantity,000001.SZ,strategy_003_ma_trend_holding_days:v1:000001.SZ:2023-01-06:entry,2023-01-09,insufficient_capital_for_one_lot,,,,
zero_quantity,600519.SH,strategy_003_ma_trend_holding_days:v1:600519.SH:2023-01-06:entry,2023-01-09,insufficient_capital_for_one_lot,,,,
zero_quantity,600036.SH,strategy_003_ma_trend_holding_days:v1:600036.SH:2023-01-06:entry,2023-01-09,insufficient_capital_for_one_lot,,,,
zero_quantity,300750.SZ,strategy_003_ma_trend_holding_days:v1:300750.SZ:2023-01-06:entry,2023-01-09,insufficient_capital_for_one_lot,,,,
zero_quantity,601318.SH,strategy_003_ma_trend_holding_days:v1:601318.SH:2023-01-06:entry,2023-01-09,insufficient_capital_for_one_lot,,,,
zero_quantity,002475.SZ,strategy_003_ma_trend_holding_days:v1:002475.SZ:2023-01-06:entry,2023-01-09,insufficient_capital_for_one_lot,,,,
zero_quantity,000001.SZ,strategy_003_ma_trend_holding_days:v1:000001.SZ:2023-01-09:entry,2023-01-10,insufficient_capital_for_one_lot,,,,
zero_quantity,000002.SZ,strategy_003_ma_trend_holding_days:v1:000002.SZ:2023-01-09:entry,2023-01-10,insufficient_capital_for_one_lot,,,,
zero_quantity,600519.SH,strategy_003_ma_trend_holding_days:v1:600519.SH:2023-01-09:entry,2023-01-10,insufficient_capital_for_one_lot,,,,
zero_quantity,600036.SH,strategy_003_ma_trend_holding_days:v1:600036.SH:2023-01-09:entry,2023-01-10,insufficient_capital_for_one_lot,,,,
zero_quantity,601318.SH,strategy_003_ma_trend_holding_days:v1:601318.SH:2023-01-09:entry,2023-01-10,insufficient_capital_for_one_lot,,,,
zero_quantity,000001.SZ,strategy_003_ma_trend_holding_days:v1:000001.SZ:2023-01-10:entry,2023-01-11,insufficient_capital_for_one_lot,,,,
zero_quantity,600519.SH,strategy_003_ma_trend_holding_days:v1:600519.SH:2023-01-10:entry,2023-01-11,insufficient_capital_for_one_lot,,,,
zero_quantity,600036.SH,strategy_003_ma_trend_holding_days:v1:600036.SH:2023-01-10:entry,2023-01-11,insufficient_capital_for_one_lot,,,,
zero_quantity,300750.SZ,strategy_003_ma_trend_holding_days:v1:300750.SZ:2023-01-10:entry,2023-01-11,insufficient_capital_for_one_lot,,,,
zero_quantity,601318.SH,strategy_003_ma_trend_holding_days:v1:601318.SH:2023-01-10:entry,2023-01-11,insufficient_capital_for_one_lot,,,,
zero_quantity,002475.SZ,strategy_003_ma_trend_holding_days:v1:002475.SZ:2023-01-10:entry,2023-01-11,insufficient_capital_for_one_lot,,,,
zero_quantity,000001.SZ,strategy_003_ma_trend_holding_days:v1:000001.SZ:2023-01-11:entry,2023-01-12,insufficient_capital_for_one_lot,,,,
zero_quantity,000002.SZ,strategy_003_ma_trend_holding_days:v1:000002.SZ:2023-01-11:entry,2023-01-12,insufficient_capital_for_one_lot,,,,
zero_quantity,600519.SH,strategy_003_ma_trend_holding_days:v1:600519.SH:2023-01-11:entry,2023-01-12,insufficient_capital_for_one_lot,,,,
zero_quantity,600036.SH,strategy_003_ma_trend_holding_days:v1:600036.SH:2023-01-11:entry,2023-01-12,insufficient_capital_for_one_lot,,,,
zero_quantity,601318.SH,strategy_003_ma_trend_holding_days:v1:601318.SH:2023-01-11:entry,2023-01-12,insufficient_capital_for_one_lot,,,,
zero_quantity,002475.SZ,strategy_003_ma_trend_holding_days:v1:002475.SZ:2023-01-11:entry,2023-01-12,insufficient_capital_for_one_lot,,,,
zero_quantity,000001.SZ,strategy_003_ma_trend_holding_days:v1:000001.SZ:2023-01-12:entry,2023-01-13,insufficient_capital_for_one_lot,,,,
zero_quantity,000002.SZ,strategy_003_ma_trend_holding_days:v1:000002.SZ:2023-01-12:entry,2023-01-13,insufficient_capital_for_one_lot,,,,
zero_quantity,600519.SH,strategy_003_ma_trend_holding_days:v1:600519.SH:2023-01-12:entry,2023-01-13,insufficient_capital_for_one_lot,,,,
zero_quantity,600036.SH,strategy_003_ma_trend_holding_days:v1:600036.SH:2023-01-12:entry,2023-01-13,insufficient_capital_for_one_lot,,,,
zero_quantity,601318.SH,strategy_003_ma_trend_holding_days:v1:601318.SH:2023-01-12:entry,2023-01-13,insufficient_capital_for_one_lot,,,,
zero_quantity,002475.SZ,strategy_003_ma_trend_holding_days:v1:002475.SZ:2023-01-12:entry,2023-01-13,insufficient_capital_for_one_lot,,,,
zero_quantity,000001.SZ,strategy_003_ma_trend_holding_days:v1:000001.SZ:2023-01-13:entry,2023-01-16,insufficient_capital_for_one_lot,,,,
zero_quantity,000002.SZ,strategy_003_ma_trend_holding_days:v1:000002.SZ:2023-01-13:entry,2023-01-16,insufficient_capital_for_one_lot,,,,
zero_quantity,600519.SH,strategy_003_ma_trend_holding_days:v1:600519.SH:2023-01-13:entry,2023-01-16,insufficient_capital_for_one_lot,,,,
zero_quantity,600036.SH,strategy_003_ma_trend_holding_days:v1:600036.SH:2023-01-13:entry,2023-01-16,insufficient_capital_for_one_lot,,,,
zero_quantity,300750.SZ,strategy_003_ma_trend_holding_days:v1:300750.SZ:2023-01-13:entry,2023-01-16,insufficient_capital_for_one_lot,,,,
zero_quantity,601318.SH,strategy_003_ma_trend_holding_days:v1:601318.SH:2023-01-13:entry,2023-01-16,insufficient_capital_for_one_lot,,,,
zero_quantity,002475.SZ,strategy_003_ma_trend_holding_days:v1:002475.SZ:2023-01-13:entry,2023-01-16,insufficient_capital_for_one_lot,,,,
zero_quantity,000001.SZ,strategy_003_ma_trend_holding_days:v1:000001.SZ:2023-01-16:entry,2023-01-17,insufficient_capital_for_one_lot,,,,
zero_quantity,000002.SZ,strategy_003_ma_trend_holding_days:v1:000002.SZ:2023-01-16:entry,2023-01-17,insufficient_capital_for_one_lot,,,,
zero_quantity,600519.SH,strategy_003_ma_trend_holding_days:v1:600519.SH:2023-01-16:entry,2023-01-17,insufficient_capital_for_one_lot,,,,
zero_quantity,600036.SH,strategy_003_ma_trend_holding_days:v1:600036.SH:2023-01-16:entry,2023-01-17,insufficient_capital_for_one_lot,,,,
zero_quantity,300750.SZ,strategy_003_ma_trend_holding_days:v1:300750.SZ:2023-01-16:entry,2023-01-17,insufficient_capital_for_one_lot,,,,
zero_quantity,601318.SH,strategy_003_ma_trend_holding_days:v1:601318.SH:2023-01-16:entry,2023-01-17,insufficient_capital_for_one_lot,,,,
zero_quantity,000001.SZ,strategy_003_ma_trend_holding_days:v1:000001.SZ:2023-01-17:entry,2023-01-18,insufficient_capital_for_one_lot,,,,
zero_quantity,000002.SZ,strategy_003_ma_trend_holding_days:v1:000002.SZ:2023-01-17:entry,2023-01-18,insufficient_capital_for_one_lot,,,,
zero_quantity,600519.SH,strategy_003_ma_trend_holding_days:v1:600519.SH:2023-01-17:entry,2023-01-18,insufficient_capital_for_one_lot,,,,
zero_quantity,600036.SH,strategy_003_ma_trend_holding_days:v1:600036.SH:2023-01-17:entry,2023-01-18,insufficient_capital_for_one_lot,,,,
zero_quantity,300750.SZ,strategy_003_ma_trend_holding_days:v1:300750.SZ:2023-01-17:entry,2023-01-18,insufficient_capital_for_one_lot,,,,
zero_quantity,601318.SH,strategy_003_ma_trend_holding_days:v1:601318.SH:2023-01-17:entry,2023-01-18,insufficient_capital_for_one_lot,,,,
zero_quantity,000001.SZ,strategy_003_ma_trend_holding_days:v1:000001.SZ:2023-01-18:entry,2023-01-19,insufficient_capital_for_one_lot,,,,
zero_quantity,000002.SZ,strategy_003_ma_trend_holding_days:v1:000002.SZ:2023-01-18:entry,2023-01-19,insufficient_capital_for_one_lot,,,,
zero_quantity,600519.SH,strategy_003_ma_trend_holding_days:v1:600519.SH:2023-01-18:entry,2023-01-19,insufficient_capital_for_one_lot,,,,
zero_quantity,600036.SH,strategy_003_ma_trend_holding_days:v1:600036.SH:2023-01-18:entry,2023-01-19,insufficient_capital_for_one_lot,,,,
zero_quantity,300750.SZ,strategy_003_ma_trend_holding_days:v1:300750.SZ:2023-01-18:entry,2023-01-19,insufficient_capital_for_one_lot,,,,
zero_quantity,601318.SH,strategy_003_ma_trend_holding_days:v1:601318.SH:2023-01-18:entry,2023-01-19,insufficient_capital_for_one_lot,,,,
zero_quantity,000001.SZ,strategy_003_ma_trend_holding_days:v1:000001.SZ:2023-01-19:entry,2023-01-20,insufficient_capital_for_one_lot,,,,
zero_quantity,000002.SZ,strategy_003_ma_trend_holding_days:v1:000002.SZ:2023-01-19:entry,2023-01-20,insufficient_capital_for_one_lot,,,,
zero_quantity,600519.SH,strategy_003_ma_trend_holding_days:v1:600519.SH:2023-01-19:entry,2023-01-20,insufficient_capital_for_one_lot,,,,
zero_quantity,600036.SH,strategy_003_ma_trend_holding_days:v1:600036.SH:2023-01-19:entry,2023-01-20,insufficient_capital_for_one_lot,,,,
zero_quantity,300750.SZ,strategy_003_ma_trend_holding_days:v1:300750.SZ:2023-01-19:entry,2023-01-20,insufficient_capital_for_one_lot,,,,
zero_quantity,601318.SH,strategy_003_ma_trend_holding_days:v1:601318.SH:2023-01-19:entry,2023-01-20,insufficient_capital_for_one_lot,,,,
zero_quantity,000002.SZ,strategy_003_ma_trend_holding_days:v1:000002.SZ:2023-01-20:entry,2023-01-23,insufficient_capital_for_one_lot,,,,
signal_conflict,600519.SH,strategy_003_ma_trend_holding_days:v1:600519.SH:2023-01-20:entry,2023-01-23,entry_exit_conflict_on_same_day,,,,
signal_conflict,600036.SH,strategy_003_ma_trend_holding_days:v1:600036.SH:2023-01-20:entry,2023-01-23,entry_exit_conflict_on_same_day,,,,
zero_quantity,601318.SH,strategy_003_ma_trend_holding_days:v1:601318.SH:2023-01-20:entry,2023-01-23,insufficient_capital_for_one_lot,,,,
signal_conflict,601318.SH,strategy_003_ma_trend_holding_days:v1:601318.SH:2023-01-23:entry,2023-01-24,entry_exit_conflict_on_same_day,,,,
zero_quantity,600519.SH,strategy_003_ma_trend_holding_days:v1:600519.SH:2023-01-26:entry,2023-01-27,insufficient_capital_for_one_lot,,,,
zero_quantity,600036.SH,strategy_003_ma_trend_holding_days:v1:600036.SH:2023-01-26:entry,2023-01-27,insufficient_capital_for_one_lot,,,,
zero_quantity,601318.SH,strategy_003_ma_trend_holding_days:v1:601318.SH:2023-01-26:entry,2023-01-27,insufficient_capital_for_one_lot,,,,
zero_quantity,000002.SZ,strategy_003_ma_trend_holding_days:v1:000002.SZ:2023-01-27:entry,2023-01-30,insufficient_capital_for_one_lot,,,,
zero_quantity,600519.SH,strategy_003_ma_trend_holding_days:v1:600519.SH:2023-01-27:entry,2023-01-30,insufficient_capital_for_one_lot,,,,
zero_quantity,600036.SH,strategy_003_ma_trend_holding_days:v1:600036.SH:2023-01-27:entry,2023-01-30,insufficient_capital_for_one_lot,,,,
zero_quantity,300750.SZ,strategy_003_ma_trend_holding_days:v1:300750.SZ:2023-01-27:entry,2023-01-30,insufficient_capital_for_one_lot,,,,
zero_quantity,601318.SH,strategy_003_ma_trend_holding_days:v1:601318.SH:2023-01-27:entry,2023-01-30,insufficient_capital_for_one_lot,,,,
zero_quantity,000002.SZ,strategy_003_ma_trend_holding_days:v1:000002.SZ:2023-01-30:entry,2023-01-31,insufficient_capital_for_one_lot,,,,
zero_quantity,600519.SH,strategy_003_ma_trend_holding_days:v1:600519.SH:2023-01-30:entry,2023-01-31,insufficient_capital_for_one_lot,,,,
zero_quantity,600036.SH,strategy_003_ma_trend_holding_days:v1:600036.SH:2023-01-30:entry,2023-01-31,insufficient_capital_for_one_lot,,,,
zero_quantity,300750.SZ,strategy_003_ma_trend_holding_days:v1:300750.SZ:2023-01-30:entry,2023-01-31,insufficient_capital_for_one_lot,,,,
zero_quantity,601318.SH,strategy_003_ma_trend_holding_days:v1:601318.SH:2023-01-30:entry,2023-01-31,insufficient_capital_for_one_lot,,,,
zero_quantity,000002.SZ,strategy_003_ma_trend_holding_days:v1:000002.SZ:2023-01-31:entry,2023-02-01,insufficient_capital_for_one_lot,,,,
zero_quantity,600519.SH,strategy_003_ma_trend_holding_days:v1:600519.SH:2023-01-31:entry,2023-02-01,insufficient_capital_for_one_lot,,,,
zero_quantity,600036.SH,strategy_003_ma_trend_holding_days:v1:600036.SH:2023-01-31:entry,2023-02-01,insufficient_capital_for_one_lot,,,,
zero_quantity,300750.SZ,strategy_003_ma_trend_holding_days:v1:300750.SZ:2023-01-31:entry,2023-02-01,insufficient_capital_for_one_lot,,,,
zero_quantity,601318.SH,strategy_003_ma_trend_holding_days:v1:601318.SH:2023-01-31:entry,2023-02-01,insufficient_capital_for_one_lot,,,,
zero_quantity,000002.SZ,strategy_003_ma_trend_holding_days:v1:000002.SZ:2023-02-01:entry,2023-02-02,insufficient_capital_for_one_lot,,,,
zero_quantity,600519.SH,strategy_003_ma_trend_holding_days:v1:600519.SH:2023-02-01:entry,2023-02-02,insufficient_capital_for_one_lot,,,,
zero_quantity,600036.SH,strategy_003_ma_trend_holding_days:v1:600036.SH:2023-02-01:entry,2023-02-02,insufficient_capital_for_one_lot,,,,
zero_quantity,601318.SH,strategy_003_ma_trend_holding_days:v1:601318.SH:2023-02-01:entry,2023-02-02,insufficient_capital_for_one_lot,,,,
zero_quantity,000002.SZ,strategy_003_ma_trend_holding_days:v1:000002.SZ:2023-02-02:entry,2023-02-03,insufficient_capital_for_one_lot,,,,
zero_quantity,600519.SH,strategy_003_ma_trend_holding_days:v1:600519.SH:2023-02-02:entry,2023-02-03,insufficient_capital_for_one_lot,,,,
zero_quantity,600036.SH,strategy_003_ma_trend_holding_days:v1:600036.SH:2023-02-02:entry,2023-02-03,insufficient_capital_for_one_lot,,,,
zero_quantity,300750.SZ,strategy_003_ma_trend_holding_days:v1:300750.SZ:2023-02-02:entry,2023-02-03,insufficient_capital_for_one_lot,,,,
zero_quantity,601318.SH,strategy_003_ma_trend_holding_days:v1:601318.SH:2023-02-02:entry,2023-02-03,insufficient_capital_for_one_lot,,,,
zero_quantity,000002.SZ,strategy_003_ma_trend_holding_days:v1:000002.SZ:2023-02-03:entry,2023-02-06,insufficient_capital_for_one_lot,,,,
zero_quantity,600519.SH,strategy_003_ma_trend_holding_days:v1:600519.SH:2023-02-03:entry,2023-02-06,insufficient_capital_for_one_lot,,,,
zero_quantity,600036.SH,strategy_003_ma_trend_holding_days:v1:600036.SH:2023-02-03:entry,2023-02-06,insufficient_capital_for_one_lot,,,,
zero_quantity,601318.SH,strategy_003_ma_trend_holding_days:v1:601318.SH:2023-02-03:entry,2023-02-06,insufficient_capital_for_one_lot,,,,
zero_quantity,000002.SZ,strategy_003_ma_trend_holding_days:v1:000002.SZ:2023-02-06:entry,2023-02-07,insufficient_capital_for_one_lot,,,,
zero_quantity,600519.SH,strategy_003_ma_trend_holding_days:v1:600519.SH:2023-02-06:entry,2023-02-07,insufficient_capital_for_one_lot,,,,
zero_quantity,600036.SH,strategy_003_ma_trend_holding_days:v1:600036.SH:2023-02-06:entry,2023-02-07,insufficient_capital_for_one_lot,,,,
zero_quantity,300750.SZ,strategy_003_ma_trend_holding_days:v1:300750.SZ:2023-02-06:entry,2023-02-07,insufficient_capital_for_one_lot,,,,
zero_quantity,601318.SH,strategy_003_ma_trend_holding_days:v1:601318.SH:2023-02-06:entry,2023-02-07,insufficient_capital_for_one_lot,,,,
zero_quantity,000002.SZ,strategy_003_ma_trend_holding_days:v1:000002.SZ:2023-02-07:entry,2023-02-08,insufficient_capital_for_one_lot,,,,
zero_quantity,600519.SH,strategy_003_ma_trend_holding_days:v1:600519.SH:2023-02-07:entry,2023-02-08,insufficient_capital_for_one_lot,,,,
zero_quantity,600036.SH,strategy_003_ma_trend_holding_days:v1:600036.SH:2023-02-07:entry,2023-02-08,insufficient_capital_for_one_lot,,,,
zero_quantity,601318.SH,strategy_003_ma_trend_holding_days:v1:601318.SH:2023-02-07:entry,2023-02-08,insufficient_capital_for_one_lot,,,,
signal_conflict,000002.SZ,strategy_003_ma_trend_holding_days:v1:000002.SZ:2023-02-08:entry,2023-02-09,entry_exit_conflict_on_same_day,,,,
signal_conflict,600519.SH,strategy_003_ma_trend_holding_days:v1:600519.SH:2023-02-08:entry,2023-02-09,entry_exit_conflict_on_same_day,,,,
zero_quantity,600036.SH,strategy_003_ma_trend_holding_days:v1:600036.SH:2023-02-08:entry,2023-02-09,insufficient_capital_for_one_lot,,,,
zero_quantity,601318.SH,strategy_003_ma_trend_holding_days:v1:601318.SH:2023-02-08:entry,2023-02-09,insufficient_capital_for_one_lot,,,,
signal_conflict,600036.SH,strategy_003_ma_trend_holding_days:v1:600036.SH:2023-02-09:entry,2023-02-10,entry_exit_conflict_on_same_day,,,,
signal_conflict,601318.SH,strategy_003_ma_trend_holding_days:v1:601318.SH:2023-02-09:entry,2023-02-10,entry_exit_conflict_on_same_day,,,,
zero_quantity,000002.SZ,strategy_003_ma_trend_holding_days:v1:000002.SZ:2023-02-15:entry,2023-02-16,insufficient_capital_for_one_lot,,,,
zero_quantity,600519.SH,strategy_003_ma_trend_holding_days:v1:600519.SH:2023-02-15:entry,2023-02-16,insufficient_capital_for_one_lot,,,,
zero_quantity,600036.SH,strategy_003_ma_trend_holding_days:v1:600036.SH:2023-02-15:entry,2023-02-16,insufficient_capital_for_one_lot,,,,
zero_quantity,601318.SH,strategy_003_ma_trend_holding_days:v1:601318.SH:2023-02-15:entry,2023-02-16,insufficient_capital_for_one_lot,,,,
zero_quantity,000002.SZ,strategy_003_ma_trend_holding_days:v1:000002.SZ:2023-02-16:entry,2023-02-17,insufficient_capital_for_one_lot,,,,
zero_quantity,600519.SH,strategy_003_ma_trend_holding_days:v1:600519.SH:2023-02-16:entry,2023-02-17,insufficient_capital_for_one_lot,,,,
zero_quantity,600036.SH,strategy_003_ma_trend_holding_days:v1:600036.SH:2023-02-16:entry,2023-02-17,insufficient_capital_for_one_lot,,,,
zero_quantity,601318.SH,strategy_003_ma_trend_holding_days:v1:601318.SH:2023-02-16:entry,2023-02-17,insufficient_capital_for_one_lot,,,,
zero_quantity,000002.SZ,strategy_003_ma_trend_holding_days:v1:000002.SZ:2023-02-17:entry,2023-02-20,insufficient_capital_for_one_lot,,,,
zero_quantity,600519.SH,strategy_003_ma_trend_holding_days:v1:600519.SH:2023-02-17:entry,2023-02-20,insufficient_capital_for_one_lot,,,,
zero_quantity,600036.SH,strategy_003_ma_trend_holding_days:v1:600036.SH:2023-02-17:entry,2023-02-20,insufficient_capital_for_one_lot,,,,
zero_quantity,601318.SH,strategy_003_ma_trend_holding_days:v1:601318.SH:2023-02-17:entry,2023-02-20,insufficient_capital_for_one_lot,,,,
zero_quantity,000001.SZ,strategy_003_ma_trend_holding_days:v1:000001.SZ:2023-02-20:entry,2023-02-21,insufficient_capital_for_one_lot,,,,
zero_quantity,000002.SZ,strategy_003_ma_trend_holding_days:v1:000002.SZ:2023-02-20:entry,2023-02-21,insufficient_capital_for_one_lot,,,,
zero_quantity,600519.SH,strategy_003_ma_trend_holding_days:v1:600519.SH:2023-02-20:entry,2023-02-21,insufficient_capital_for_one_lot,,,,
zero_quantity,600036.SH,strategy_003_ma_trend_holding_days:v1:600036.SH:2023-02-20:entry,2023-02-21,insufficient_capital_for_one_lot,,,,
zero_quantity,601318.SH,strategy_003_ma_trend_holding_days:v1:601318.SH:2023-02-20:entry,2023-02-21,insufficient_capital_for_one_lot,,,,
zero_quantity,000002.SZ,strategy_003_ma_trend_holding_days:v1:000002.SZ:2023-02-21:entry,2023-02-22,insufficient_capital_for_one_lot,,,,
zero_quantity,600519.SH,strategy_003_ma_trend_holding_days:v1:600519.SH:2023-02-21:entry,2023-02-22,insufficient_capital_for_one_lot,,,,
zero_quantity,600036.SH,strategy_003_ma_trend_holding_days:v1:600036.SH:2023-02-21:entry,2023-02-22,insufficient_capital_for_one_lot,,,,
zero_quantity,601318.SH,strategy_003_ma_trend_holding_days:v1:601318.SH:2023-02-21:entry,2023-02-22,insufficient_capital_for_one_lot,,,,
zero_quantity,000002.SZ,strategy_003_ma_trend_holding_days:v1:000002.SZ:2023-02-22:entry,2023-02-23,insufficient_capital_for_one_lot,,,,
zero_quantity,600519.SH,strategy_003_ma_trend_holding_days:v1:600519.SH:2023-02-22:entry,2023-02-23,insufficient_capital_for_one_lot,,,,
zero_quantity,600036.SH,strategy_003_ma_trend_holding_days:v1:600036.SH:2023-02-22:entry,2023-02-23,insufficient_capital_for_one_lot,,,,
zero_quantity,601318.SH,strategy_003_ma_trend_holding_days:v1:601318.SH:2023-02-22:entry,2023-02-23,insufficient_capital_for_one_lot,,,,
zero_quantity,000002.SZ,strategy_003_ma_trend_holding_days:v1:000002.SZ:2023-02-23:entry,2023-02-24,insufficient_capital_for_one_lot,,,,
zero_quantity,600519.SH,strategy_003_ma_trend_holding_days:v1:600519.SH:2023-02-23:entry,2023-02-24,insufficient_capital_for_one_lot,,,,
zero_quantity,600036.SH,strategy_003_ma_trend_holding_days:v1:600036.SH:2023-02-23:entry,2023-02-24,insufficient_capital_for_one_lot,,,,
zero_quantity,601318.SH,strategy_003_ma_trend_holding_days:v1:601318.SH:2023-02-23:entry,2023-02-24,insufficient_capital_for_one_lot,,,,
zero_quantity,000002.SZ,strategy_003_ma_trend_holding_days:v1:000002.SZ:2023-02-24:entry,2023-02-27,insufficient_capital_for_one_lot,,,,
zero_quantity,600519.SH,strategy_003_ma_trend_holding_days:v1:600519.SH:2023-02-24:entry,2023-02-27,insufficient_capital_for_one_lot,,,,
zero_quantity,600036.SH,strategy_003_ma_trend_holding_days:v1:600036.SH:2023-02-24:entry,2023-02-27,insufficient_capital_for_one_lot,,,,
zero_quantity,601318.SH,strategy_003_ma_trend_holding_days:v1:601318.SH:2023-02-24:entry,2023-02-27,insufficient_capital_for_one_lot,,,,
signal_conflict,000002.SZ,strategy_003_ma_trend_holding_days:v1:000002.SZ:2023-02-27:entry,2023-02-28,entry_exit_conflict_on_same_day,,,,
signal_conflict,600519.SH,strategy_003_ma_trend_holding_days:v1:600519.SH:2023-02-27:entry,2023-02-28,entry_exit_conflict_on_same_day,,,,
zero_quantity,600036.SH,strategy_003_ma_trend_holding_days:v1:600036.SH:2023-02-27:entry,2023-02-28,insufficient_capital_for_one_lot,,,,
zero_quantity,601318.SH,strategy_003_ma_trend_holding_days:v1:601318.SH:2023-02-27:entry,2023-02-28,insufficient_capital_for_one_lot,,,,
signal_conflict,600036.SH,strategy_003_ma_trend_holding_days:v1:600036.SH:2023-02-28:entry,2023-03-01,entry_exit_conflict_on_same_day,,,,
signal_conflict,601318.SH,strategy_003_ma_trend_holding_days:v1:601318.SH:2023-02-28:entry,2023-03-01,entry_exit_conflict_on_same_day,,,,
t1_frozen,000001.SZ,strategy_003_ma_trend_holding_days:v1:000001.SZ:2023-03-01:exit,2023-03-02,t1_frozen: all 1300 shares frozen,1300,0,0,1300
t1_frozen,300750.SZ,strategy_003_ma_trend_holding_days:v1:300750.SZ:2023-03-01:exit,2023-03-02,t1_frozen: all 800 shares frozen,800,0,0,800
t1_frozen,002475.SZ,strategy_003_ma_trend_holding_days:v1:002475.SZ:2023-03-01:exit,2023-03-02,t1_frozen: all 800 shares frozen,800,0,0,800
t1_frozen,600036.SH,strategy_003_ma_trend_holding_days:v1:600036.SH:2023-03-02:exit,2023-03-03,t1_frozen: all 600 shares frozen,600,0,0,600
partial_exit_due_to_t1_freeze,601318.SH,strategy_003_ma_trend_holding_days:v1:601318.SH:2023-03-07:exit,2023-03-08,"partial_exit: requested 1700, only 1400 sellable (frozen 300)",1700,1400,1400,1700
zero_quantity,000002.SZ,strategy_003_ma_trend_holding_days:v1:000002.SZ:2023-03-15:entry,2023-03-16,insufficient_capital_for_one_lot,,,,
partial_exit_due_to_t1_freeze,600519.SH,strategy_003_ma_trend_holding_days:v1:600519.SH:2023-03-15:exit,2023-03-16,"partial_exit: requested 4000, only 3900 sellable (frozen 100)",4000,3900,3900,4000
signal_conflict,000002.SZ,strategy_003_ma_trend_holding_days:v1:000002.SZ:2023-03-16:entry,2023-03-17,entry_exit_conflict_on_same_day,,,,
t1_frozen,000001.SZ,strategy_003_ma_trend_holding_days:v1:000001.SZ:2023-03-22:exit,2023-03-23,t1_frozen: all 1200 shares frozen,1200,0,0,1200
t1_frozen,000002.SZ,strategy_003_ma_trend_holding_days:v1:000002.SZ:2023-03-24:exit,2023-03-27,t1_frozen: all 500 shares frozen,500,0,0,500
zero_quantity,000002.SZ,strategy_003_ma_trend_holding_days:v1:000002.SZ:2023-03-30:entry,2023-03-31,insufficient_capital_for_one_lot,,,,
zero_quantity,300750.SZ,strategy_003_ma_trend_holding_days:v1:300750.SZ:2023-03-30:entry,2023-03-31,insufficient_capital_for_one_lot,,,,
zero_quantity,000002.SZ,strategy_003_ma_trend_holding_days:v1:000002.SZ:2023-03-31:entry,2023-04-03,insufficient_capital_for_one_lot,,,,
zero_quantity,300750.SZ,strategy_003_ma_trend_holding_days:v1:300750.SZ:2023-03-31:entry,2023-04-03,insufficient_capital_for_one_lot,,,,
partial_exit_due_to_t1_freeze,000001.SZ,strategy_003_ma_trend_holding_days:v1:000001.SZ:2023-03-31:exit,2023-04-03,"partial_exit: requested 1200, only 1100 sellable (frozen 100)",1200,1100,1100,1200
signal_conflict,300750.SZ,strategy_003_ma_trend_holding_days:v1:300750.SZ:2023-04-03:entry,2023-04-04,entry_exit_conflict_on_same_day,,,,
partial_exit_due_to_t1_freeze,300750.SZ,strategy_003_ma_trend_holding_days:v1:300750.SZ:2023-04-06:exit,2023-04-07,"partial_exit: requested 2100, only 1300 sellable (frozen 800)",2100,1300,1300,2100
t1_frozen,000002.SZ,strategy_003_ma_trend_holding_days:v1:000002.SZ:2023-04-06:exit,2023-04-07,t1_frozen: all 1100 shares frozen,1100,0,0,1100
signal_conflict,000001.SZ,strategy_003_ma_trend_holding_days:v1:000001.SZ:2023-04-12:entry,2023-04-13,entry_exit_conflict_on_same_day,,,,
partial_exit_due_to_t1_freeze,000001.SZ,strategy_003_ma_trend_holding_days:v1:000001.SZ:2023-04-12:exit,2023-04-13,"partial_exit: requested 6400, only 5800 sellable (frozen 600)",6400,5800,5800,6400
partial_exit_due_to_t1_freeze,002475.SZ,strategy_003_ma_trend_holding_days:v1:002475.SZ:2023-04-12:exit,2023-04-13,"partial_exit: requested 1600, only 1200 sellable (frozen 400)",1600,1200,1200,1600
signal_conflict,000001.SZ,strategy_003_ma_trend_holding_days:v1:000001.SZ:2023-04-13:entry,2023-04-14,entry_exit_conflict_on_same_day,,,,
partial_exit_due_to_t1_freeze,000002.SZ,strategy_003_ma_trend_holding_days:v1:000002.SZ:2023-04-18:exit,2023-04-19,"partial_exit: requested 3900, only 3300 sellable (frozen 600)",3900,3300,3300,3900
partial_exit_due_to_t1_freeze,300750.SZ,strategy_003_ma_trend_holding_days:v1:300750.SZ:2023-04-20:exit,2023-04-21,"partial_exit: requested 700, only 200 sellable (frozen 500)",700,200,200,700
zero_quantity,000001.SZ,strategy_003_ma_trend_holding_days:v1:000001.SZ:2023-04-26:entry,2023-04-27,insufficient_capital_for_one_lot,,,,
zero_quantity,000002.SZ,strategy_003_ma_trend_holding_days:v1:000002.SZ:2023-04-26:entry,2023-04-27,insufficient_capital_for_one_lot,,,,
zero_quantity,002475.SZ,strategy_003_ma_trend_holding_days:v1:002475.SZ:2023-04-26:entry,2023-04-27,insufficient_capital_for_one_lot,,,,
zero_quantity,000001.SZ,strategy_003_ma_trend_holding_days:v1:000001.SZ:2023-04-27:entry,2023-04-28,insufficient_capital_for_one_lot,,,,
zero_quantity,000002.SZ,strategy_003_ma_trend_holding_days:v1:000002.SZ:2023-04-27:entry,2023-04-28,insufficient_capital_for_one_lot,,,,
zero_quantity,002475.SZ,strategy_003_ma_trend_holding_days:v1:002475.SZ:2023-04-27:entry,2023-04-28,insufficient_capital_for_one_lot,,,,
zero_quantity,000001.SZ,strategy_003_ma_trend_holding_days:v1:000001.SZ:2023-04-28:entry,2023-05-01,insufficient_capital_for_one_lot,,,,
zero_quantity,000002.SZ,strategy_003_ma_trend_holding_days:v1:000002.SZ:2023-04-28:entry,2023-05-01,insufficient_capital_for_one_lot,,,,
zero_quantity,002475.SZ,strategy_003_ma_trend_holding_days:v1:002475.SZ:2023-04-28:entry,2023-05-01,insufficient_capital_for_one_lot,,,,
zero_quantity,000001.SZ,strategy_003_ma_trend_holding_days:v1:000001.SZ:2023-05-01:entry,2023-05-02,insufficient_capital_for_one_lot,,,,
zero_quantity,000002.SZ,strategy_003_ma_trend_holding_days:v1:000002.SZ:2023-05-01:entry,2023-05-02,insufficient_capital_for_one_lot,,,,
zero_quantity,002475.SZ,strategy_003_ma_trend_holding_days:v1:002475.SZ:2023-05-01:entry,2023-05-02,insufficient_capital_for_one_lot,,,,
zero_quantity,000002.SZ,strategy_003_ma_trend_holding_days:v1:000002.SZ:2023-05-02:entry,2023-05-03,insufficient_capital_for_one_lot,,,,
signal_conflict,002475.SZ,strategy_003_ma_trend_holding_days:v1:002475.SZ:2023-05-02:entry,2023-05-03,entry_exit_conflict_on_same_day,,,,
zero_quantity,000001.SZ,strategy_003_ma_trend_holding_days:v1:000001.SZ:2023-05-09:entry,2023-05-10,insufficient_capital_for_one_lot,,,,
signal_conflict,000002.SZ,strategy_003_ma_trend_holding_days:v1:000002.SZ:2023-05-09:entry,2023-05-10,entry_exit_conflict_on_same_day,,,,
partial_exit_due_to_t1_freeze,000002.SZ,strategy_003_ma_trend_holding_days:v1:000002.SZ:2023-05-09:exit,2023-05-10,"partial_exit: requested 3600, only 3500 sellable (frozen 100)",3600,3500,3500,3600
zero_quantity,600519.SH,strategy_003_ma_trend_holding_days:v1:600519.SH:2023-05-09:entry,2023-05-10,insufficient_capital_for_one_lot,,,,
zero_quantity,600036.SH,strategy_003_ma_trend_holding_days:v1:600036.SH:2023-05-09:entry,2023-05-10,insufficient_capital_for_one_lot,,,,
zero_quantity,300750.SZ,strategy_003_ma_trend_holding_days:v1:300750.SZ:2023-05-09:entry,2023-05-10,insufficient_capital_for_one_lot,,,,
zero_quantity,601318.SH,strategy_003_ma_trend_holding_days:v1:601318.SH:2023-05-09:entry,2023-05-10,insufficient_capital_for_one_lot,,,,
zero_quantity,002475.SZ,strategy_003_ma_trend_holding_days:v1:002475.SZ:2023-05-09:entry,2023-05-10,insufficient_capital_for_one_lot,,,,
signal_conflict,000002.SZ,strategy_003_ma_trend_holding_days:v1:000002.SZ:2023-05-10:entry,2023-05-11,entry_exit_conflict_on_same_day,,,,
partial_exit_due_to_t1_freeze,000002.SZ,strategy_003_ma_trend_holding_days:v1:000002.SZ:2023-05-15:exit,2023-05-16,"partial_exit: requested 1900, only 1200 sellable (frozen 700)",1900,1200,1200,1900
partial_exit_due_to_t1_freeze,000001.SZ,strategy_003_ma_trend_holding_days:v1:000001.SZ:2023-05-16:exit,2023-05-17,"partial_exit: requested 6300, only 5900 sellable (frozen 400)",6300,5900,5900,6300
partial_exit_due_to_t1_freeze,000002.SZ,strategy_003_ma_trend_holding_days:v1:000002.SZ:2023-05-24:exit,2023-05-25,"partial_exit: requested 4600, only 3400 sellable (frozen 1200)",4600,3400,3400,4600
partial_exit_due_to_t1_freeze,000002.SZ,strategy_003_ma_trend_holding_days:v1:000002.SZ:2023-05-31:exit,2023-06-01,"partial_exit: requested 4600, only 3400 sellable (frozen 1200)",4600,3400,3400,4600
t1_frozen,002475.SZ,strategy_003_ma_trend_holding_days:v1:002475.SZ:2023-06-01:exit,2023-06-02,t1_frozen: all 700 shares frozen,700,0,0,700
partial_exit_due_to_t1_freeze,000001.SZ,strategy_003_ma_trend_holding_days:v1:000001.SZ:2023-06-06:exit,2023-06-07,"partial_exit: requested 4500, only 3100 sellable (frozen 1400)",4500,3100,3100,4500
partial_exit_due_to_t1_freeze,600036.SH,strategy_003_ma_trend_holding_days:v1:600036.SH:2023-06-08:exit,2023-06-09,"partial_exit: requested 1500, only 700 sellable (frozen 800)",1500,700,700,1500
zero_quantity,300750.SZ,strategy_003_ma_trend_holding_days:v1:300750.SZ:2023-06-13:entry,2023-06-14,insufficient_capital_for_one_lot,,,,
zero_quantity,002475.SZ,strategy_003_ma_trend_holding_days:v1:002475.SZ:2023-06-13:entry,2023-06-14,insufficient_capital_for_one_lot,,,,
t1_frozen,600036.SH,strategy_003_ma_trend_holding_days:v1:600036.SH:2023-06-13:exit,2023-06-14,t1_frozen: all 300 shares frozen,300,0,0,300
zero_quantity,600036.SH,strategy_003_ma_trend_holding_days:v1:600036.SH:2023-06-14:entry,2023-06-15,insufficient_capital_for_one_lot,,,,
zero_quantity,300750.SZ,strategy_003_ma_trend_holding_days:v1:300750.SZ:2023-06-14:entry,2023-06-15,insufficient_capital_for_one_lot,,,,
zero_quantity,002475.SZ,strategy_003_ma_trend_holding_days:v1:002475.SZ:2023-06-14:entry,2023-06-15,insufficient_capital_for_one_lot,,,,
zero_quantity,000001.SZ,strategy_003_ma_trend_holding_days:v1:000001.SZ:2023-06-15:entry,2023-06-16,insufficient_capital_for_one_lot,,,,
zero_quantity,600036.SH,strategy_003_ma_trend_holding_days:v1:600036.SH:2023-06-15:entry,2023-06-16,insufficient_capital_for_one_lot,,,,
zero_quantity,300750.SZ,strategy_003_ma_trend_holding_days:v1:300750.SZ:2023-06-15:entry,2023-06-16,insufficient_capital_for_one_lot,,,,
zero_quantity,002475.SZ,strategy_003_ma_trend_holding_days:v1:002475.SZ:2023-06-15:entry,2023-06-16,insufficient_capital_for_one_lot,,,,
zero_quantity,000001.SZ,strategy_003_ma_trend_holding_days:v1:000001.SZ:2023-06-16:entry,2023-06-19,insufficient_capital_for_one_lot,,,,
zero_quantity,600036.SH,strategy_003_ma_trend_holding_days:v1:600036.SH:2023-06-16:entry,2023-06-19,insufficient_capital_for_one_lot,,,,
zero_quantity,300750.SZ,strategy_003_ma_trend_holding_days:v1:300750.SZ:2023-06-16:entry,2023-06-19,insufficient_capital_for_one_lot,,,,
zero_quantity,002475.SZ,strategy_003_ma_trend_holding_days:v1:002475.SZ:2023-06-16:entry,2023-06-19,insufficient_capital_for_one_lot,,,,
zero_quantity,000001.SZ,strategy_003_ma_trend_holding_days:v1:000001.SZ:2023-06-19:entry,2023-06-20,insufficient_capital_for_one_lot,,,,
zero_quantity,600036.SH,strategy_003_ma_trend_holding_days:v1:600036.SH:2023-06-19:entry,2023-06-20,insufficient_capital_for_one_lot,,,,
zero_quantity,300750.SZ,strategy_003_ma_trend_holding_days:v1:300750.SZ:2023-06-19:entry,2023-06-20,insufficient_capital_for_one_lot,,,,
zero_quantity,002475.SZ,strategy_003_ma_trend_holding_days:v1:002475.SZ:2023-06-19:entry,2023-06-20,insufficient_capital_for_one_lot,,,,
zero_quantity,000001.SZ,strategy_003_ma_trend_holding_days:v1:000001.SZ:2023-06-20:entry,2023-06-21,insufficient_capital_for_one_lot,,,,
zero_quantity,600036.SH,strategy_003_ma_trend_holding_days:v1:600036.SH:2023-06-20:entry,2023-06-21,insufficient_capital_for_one_lot,,,,
zero_quantity,300750.SZ,strategy_003_ma_trend_holding_days:v1:300750.SZ:2023-06-20:entry,2023-06-21,insufficient_capital_for_one_lot,,,,
zero_quantity,002475.SZ,strategy_003_ma_trend_holding_days:v1:002475.SZ:2023-06-20:entry,2023-06-21,insufficient_capital_for_one_lot,,,,
zero_quantity,000001.SZ,strategy_003_ma_trend_holding_days:v1:000001.SZ:2023-06-21:entry,2023-06-22,insufficient_capital_for_one_lot,,,,
zero_quantity,600036.SH,strategy_003_ma_trend_holding_days:v1:600036.SH:2023-06-21:entry,2023-06-22,insufficient_capital_for_one_lot,,,,
zero_quantity,300750.SZ,strategy_003_ma_trend_holding_days:v1:300750.SZ:2023-06-21:entry,2023-06-22,insufficient_capital_for_one_lot,,,,
signal_conflict,002475.SZ,strategy_003_ma_trend_holding_days:v1:002475.SZ:2023-06-21:entry,2023-06-22,entry_exit_conflict_on_same_day,,,,
signal_conflict,300750.SZ,strategy_003_ma_trend_holding_days:v1:300750.SZ:2023-06-22:entry,2023-06-23,entry_exit_conflict_on_same_day,,,,
zero_quantity,000001.SZ,strategy_003_ma_trend_holding_days:v1:000001.SZ:2023-06-26:entry,2023-06-27,insufficient_capital_for_one_lot,,,,
zero_quantity,600036.SH,strategy_003_ma_trend_holding_days:v1:600036.SH:2023-06-26:entry,2023-06-27,insufficient_capital_for_one_lot,,,,
zero_quantity,300750.SZ,strategy_003_ma_trend_holding_days:v1:300750.SZ:2023-06-26:entry,2023-06-27,insufficient_capital_for_one_lot,,,,
zero_quantity,601318.SH,strategy_003_ma_trend_holding_days:v1:601318.SH:2023-06-26:entry,2023-06-27,insufficient_capital_for_one_lot,,,,
zero_quantity,002475.SZ,strategy_003_ma_trend_holding_days:v1:002475.SZ:2023-06-26:entry,2023-06-27,insufficient_capital_for_one_lot,,,,
signal_conflict,000001.SZ,strategy_003_ma_trend_holding_days:v1:000001.SZ:2023-06-27:entry,2023-06-28,entry_exit_conflict_on_same_day,,,,
zero_quantity,600036.SH,strategy_003_ma_trend_holding_days:v1:600036.SH:2023-06-27:entry,2023-06-28,insufficient_capital_for_one_lot,,,,
zero_quantity,300750.SZ,strategy_003_ma_trend_holding_days:v1:300750.SZ:2023-06-27:entry,2023-06-28,insufficient_capital_for_one_lot,,,,
zero_quantity,601318.SH,strategy_003_ma_trend_holding_days:v1:601318.SH:2023-06-27:entry,2023-06-28,insufficient_capital_for_one_lot,,,,
zero_quantity,002475.SZ,strategy_003_ma_trend_holding_days:v1:002475.SZ:2023-06-27:entry,2023-06-28,insufficient_capital_for_one_lot,,,,
signal_conflict,600036.SH,strategy_003_ma_trend_holding_days:v1:600036.SH:2023-06-28:entry,2023-06-29,entry_exit_conflict_on_same_day,,,,
t1_frozen,000002.SZ,strategy_003_ma_trend_holding_days:v1:000002.SZ:2023-06-29:exit,2023-06-30,t1_frozen: all 600 shares frozen,600,0,0,600
zero_quantity,000001.SZ,strategy_003_ma_trend_holding_days:v1:000001.SZ:2023-06-30:entry,2023-07-03,insufficient_capital_for_one_lot,,,,
zero_quantity,000002.SZ,strategy_003_ma_trend_holding_days:v1:000002.SZ:2023-06-30:entry,2023-07-03,insufficient_capital_for_one_lot,,,,
zero_quantity,600519.SH,strategy_003_ma_trend_holding_days:v1:600519.SH:2023-06-30:entry,2023-07-03,insufficient_capital_for_one_lot,,,,
zero_quantity,600036.SH,strategy_003_ma_trend_holding_days:v1:600036.SH:2023-06-30:entry,2023-07-03,insufficient_capital_for_one_lot,,,,
zero_quantity,300750.SZ,strategy_003_ma_trend_holding_days:v1:300750.SZ:2023-06-30:entry,2023-07-03,insufficient_capital_for_one_lot,,,,
zero_quantity,601318.SH,strategy_003_ma_trend_holding_days:v1:601318.SH:2023-06-30:entry,2023-07-03,insufficient_capital_for_one_lot,,,,
partial_exit_due_to_t1_freeze,002475.SZ,strategy_003_ma_trend_holding_days:v1:002475.SZ:2023-06-30:exit,2023-07-03,"partial_exit: requested 2000, only 1700 sellable (frozen 300)",2000,1700,1700,2000
zero_quantity,000002.SZ,strategy_003_ma_trend_holding_days:v1:000002.SZ:2023-07-04:entry,2023-07-05,insufficient_capital_for_one_lot,,,,
zero_quantity,600519.SH,strategy_003_ma_trend_holding_days:v1:600519.SH:2023-07-04:entry,2023-07-05,insufficient_capital_for_one_lot,,,,
zero_quantity,600036.SH,strategy_003_ma_trend_holding_days:v1:600036.SH:2023-07-04:entry,2023-07-05,insufficient_capital_for_one_lot,,,,
zero_quantity,300750.SZ,strategy_003_ma_trend_holding_days:v1:300750.SZ:2023-07-04:entry,2023-07-05,insufficient_capital_for_one_lot,,,,
zero_quantity,601318.SH,strategy_003_ma_trend_holding_days:v1:601318.SH:2023-07-04:entry,2023-07-05,insufficient_capital_for_one_lot,,,,
zero_quantity,002475.SZ,strategy_003_ma_trend_holding_days:v1:002475.SZ:2023-07-04:entry,2023-07-05,insufficient_capital_for_one_lot,,,,
zero_quantity,000001.SZ,strategy_003_ma_trend_holding_days:v1:000001.SZ:2023-07-05:entry,2023-07-06,insufficient_capital_for_one_lot,,,,
zero_quantity,000002.SZ,strategy_003_ma_trend_holding_days:v1:000002.SZ:2023-07-05:entry,2023-07-06,insufficient_capital_for_one_lot,,,,
zero_quantity,600519.SH,strategy_003_ma_trend_holding_days:v1:600519.SH:2023-07-05:entry,2023-07-06,insufficient_capital_for_one_lot,,,,
zero_quantity,600036.SH,strategy_003_ma_trend_holding_days:v1:600036.SH:2023-07-05:entry,2023-07-06,insufficient_capital_for_one_lot,,,,
zero_quantity,300750.SZ,strategy_003_ma_trend_holding_days:v1:300750.SZ:2023-07-05:entry,2023-07-06,insufficient_capital_for_one_lot,,,,
zero_quantity,601318.SH,strategy_003_ma_trend_holding_days:v1:601318.SH:2023-07-05:entry,2023-07-06,insufficient_capital_for_one_lot,,,,
zero_quantity,000002.SZ,strategy_003_ma_trend_holding_days:v1:000002.SZ:2023-07-06:entry,2023-07-07,insufficient_capital_for_one_lot,,,,
zero_quantity,600519.SH,strategy_003_ma_trend_holding_days:v1:600519.SH:2023-07-06:entry,2023-07-07,insufficient_capital_for_one_lot,,,,
zero_quantity,600036.SH,strategy_003_ma_trend_holding_days:v1:600036.SH:2023-07-06:entry,2023-07-07,insufficient_capital_for_one_lot,,,,
zero_quantity,300750.SZ,strategy_003_ma_trend_holding_days:v1:300750.SZ:2023-07-06:entry,2023-07-07,insufficient_capital_for_one_lot,,,,
zero_quantity,601318.SH,strategy_003_ma_trend_holding_days:v1:601318.SH:2023-07-06:entry,2023-07-07,insufficient_capital_for_one_lot,,,,
signal_conflict,601318.SH,strategy_003_ma_trend_holding_days:v1:601318.SH:2023-07-10:entry,2023-07-11,entry_exit_conflict_on_same_day,,,,
partial_exit_due_to_t1_freeze,601318.SH,strategy_003_ma_trend_holding_days:v1:601318.SH:2023-07-10:exit,2023-07-11,"partial_exit: requested 3100, only 2800 sellable (frozen 300)",3100,2800,2800,3100
signal_conflict,601318.SH,strategy_003_ma_trend_holding_days:v1:601318.SH:2023-07-11:entry,2023-07-12,entry_exit_conflict_on_same_day,,,,
partial_exit_due_to_t1_freeze,600036.SH,strategy_003_ma_trend_holding_days:v1:600036.SH:2023-07-11:exit,2023-07-12,"partial_exit: requested 1500, only 1100 sellable (frozen 400)",1500,1100,1100,1500
t1_frozen,000001.SZ,strategy_003_ma_trend_holding_days:v1:000001.SZ:2023-07-12:exit,2023-07-13,t1_frozen: all 900 shares frozen,900,0,0,900
partial_exit_due_to_t1_freeze,000002.SZ,strategy_003_ma_trend_holding_days:v1:000002.SZ:2023-07-13:exit,2023-07-14,"partial_exit: requested 3500, only 2800 sellable (frozen 700)",3500,2800,2800,3500
partial_exit_due_to_t1_freeze,600519.SH,strategy_003_ma_trend_holding_days:v1:600519.SH:2023-07-17:exit,2023-07-18,"partial_exit: requested 3700, only 2900 sellable (frozen 800)",3700,2900,2900,3700
t1_frozen,000001.SZ,strategy_003_ma_trend_holding_days:v1:000001.SZ:2023-07-17:exit,2023-07-18,t1_frozen: all 1000 shares frozen,1000,0,0,1000
partial_exit_due_to_t1_freeze,601318.SH,strategy_003_ma_trend_holding_days:v1:601318.SH:2023-07-18:exit,2023-07-19,"partial_exit: requested 2100, only 1700 sellable (frozen 400)",2100,1700,1700,2100
t1_frozen,000001.SZ,strategy_003_ma_trend_holding_days:v1:000001.SZ:2023-07-20:exit,2023-07-21,t1_frozen: all 1900 shares frozen,1900,0,0,1900
t1_frozen,600519.SH,strategy_003_ma_trend_holding_days:v1:600519.SH:2023-07-20:exit,2023-07-21,t1_frozen: all 1600 shares frozen,1600,0,0,1600
partial_exit_due_to_t1_freeze,002475.SZ,strategy_003_ma_trend_holding_days:v1:002475.SZ:2023-07-21:exit,2023-07-24,"partial_exit: requested 1900, only 1300 sellable (frozen 600)",1900,1300,1300,1900
partial_exit_due_to_t1_freeze,000001.SZ,strategy_003_ma_trend_holding_days:v1:000001.SZ:2023-07-26:exit,2023-07-27,"partial_exit: requested 2700, only 1800 sellable (frozen 900)",2700,1800,1800,2700
partial_exit_due_to_t1_freeze,600519.SH,strategy_003_ma_trend_holding_days:v1:600519.SH:2023-07-26:exit,2023-07-27,"partial_exit: requested 2400, only 1600 sellable (frozen 800)",2400,1600,1600,2400
t1_frozen,002475.SZ,strategy_003_ma_trend_holding_days:v1:002475.SZ:2023-07-26:exit,2023-07-27,t1_frozen: all 600 shares frozen,600,0,0,600
zero_quantity,000001.SZ,strategy_003_ma_trend_holding_days:v1:000001.SZ:2023-08-02:entry,2023-08-03,insufficient_capital_for_one_lot,,,,
zero_quantity,000002.SZ,strategy_003_ma_trend_holding_days:v1:000002.SZ:2023-08-02:entry,2023-08-03,insufficient_capital_for_one_lot,,,,
zero_quantity,002475.SZ,strategy_003_ma_trend_holding_days:v1:002475.SZ:2023-08-02:entry,2023-08-03,insufficient_capital_for_one_lot,,,,
t1_frozen,600519.SH,strategy_003_ma_trend_holding_days:v1:600519.SH:2023-08-02:exit,2023-08-03,t1_frozen: all 200 shares frozen,200,0,0,200
t1_frozen,600036.SH,strategy_003_ma_trend_holding_days:v1:600036.SH:2023-08-02:exit,2023-08-03,t1_frozen: all 200 shares frozen,200,0,0,200
t1_frozen,300750.SZ,strategy_003_ma_trend_holding_days:v1:300750.SZ:2023-08-02:exit,2023-08-03,t1_frozen: all 100 shares frozen,100,0,0,100
t1_frozen,601318.SH,strategy_003_ma_trend_holding_days:v1:601318.SH:2023-08-02:exit,2023-08-03,t1_frozen: all 200 shares frozen,200,0,0,200
zero_quantity,000002.SZ,strategy_003_ma_trend_holding_days:v1:000002.SZ:2023-08-03:entry,2023-08-04,insufficient_capital_for_one_lot,,,,
zero_quantity,002475.SZ,strategy_003_ma_trend_holding_days:v1:002475.SZ:2023-08-03:entry,2023-08-04,insufficient_capital_for_one_lot,,,,
zero_quantity,000002.SZ,strategy_003_ma_trend_holding_days:v1:000002.SZ:2023-08-08:entry,2023-08-09,insufficient_capital_for_one_lot,,,,
partial_exit_due_to_t1_freeze,002475.SZ,strategy_003_ma_trend_holding_days:v1:002475.SZ:2023-08-08:exit,2023-08-09,"partial_exit: requested 2500, only 2400 sellable (frozen 100)",2500,2400,2400,2500
t1_frozen,000001.SZ,strategy_003_ma_trend_holding_days:v1:000001.SZ:2023-08-08:exit,2023-08-09,t1_frozen: all 200 shares frozen,200,0,0,200
signal_conflict,000002.SZ,strategy_003_ma_trend_holding_days:v1:000002.SZ:2023-08-09:entry,2023-08-10,entry_exit_conflict_on_same_day,,,,
zero_quantity,000001.SZ,strategy_003_ma_trend_holding_days:v1:000001.SZ:2023-08-22:entry,2023-08-23,insufficient_capital_for_one_lot,,,,
zero_quantity,000002.SZ,strategy_003_ma_trend_holding_days:v1:000002.SZ:2023-08-22:entry,2023-08-23,insufficient_capital_for_one_lot,,,,
signal_conflict,000001.SZ,strategy_003_ma_trend_holding_days:v1:000001.SZ:2023-08-23:entry,2023-08-24,entry_exit_conflict_on_same_day,,,,
zero_quantity,000002.SZ,strategy_003_ma_trend_holding_days:v1:000002.SZ:2023-08-23:entry,2023-08-24,insufficient_capital_for_one_lot,,,,
signal_conflict,000002.SZ,strategy_003_ma_trend_holding_days:v1:000002.SZ:2023-08-28:entry,2023-08-29,entry_exit_conflict_on_same_day,,,,
partial_exit_due_to_t1_freeze,000002.SZ,strategy_003_ma_trend_holding_days:v1:000002.SZ:2023-08-28:exit,2023-08-29,"partial_exit: requested 5700, only 5300 sellable (frozen 400)",5700,5300,5300,5700
signal_conflict,000002.SZ,strategy_003_ma_trend_holding_days:v1:000002.SZ:2023-08-29:entry,2023-08-30,entry_exit_conflict_on_same_day,,,,
zero_quantity,002475.SZ,strategy_003_ma_trend_holding_days:v1:002475.SZ:2023-09-04:entry,2023-09-05,insufficient_capital_for_one_lot,,,,
zero_quantity,000001.SZ,strategy_003_ma_trend_holding_days:v1:000001.SZ:2023-09-05:entry,2023-09-06,insufficient_capital_for_one_lot,,,,
zero_quantity,000002.SZ,strategy_003_ma_trend_holding_days:v1:000002.SZ:2023-09-05:entry,2023-09-06,insufficient_capital_for_one_lot,,,,
zero_quantity,002475.SZ,strategy_003_ma_trend_holding_days:v1:002475.SZ:2023-09-05:entry,2023-09-06,insufficient_capital_for_one_lot,,,,
zero_quantity,000001.SZ,strategy_003_ma_trend_holding_days:v1:000001.SZ:2023-09-06:entry,2023-09-07,insufficient_capital_for_one_lot,,,,
zero_quantity,000002.SZ,strategy_003_ma_trend_holding_days:v1:000002.SZ:2023-09-06:entry,2023-09-07,insufficient_capital_for_one_lot,,,,
signal_conflict,000001.SZ,strategy_003_ma_trend_holding_days:v1:000001.SZ:2023-09-11:entry,2023-09-12,entry_exit_conflict_on_same_day,,,,
partial_exit_due_to_t1_freeze,000001.SZ,strategy_003_ma_trend_holding_days:v1:000001.SZ:2023-09-11:exit,2023-09-12,"partial_exit: requested 5600, only 5100 sellable (frozen 500)",5600,5100,5100,5600
signal_conflict,000001.SZ,strategy_003_ma_trend_holding_days:v1:000001.SZ:2023-09-12:entry,2023-09-13,entry_exit_conflict_on_same_day,,,,
signal_conflict,000002.SZ,strategy_003_ma_trend_holding_days:v1:000002.SZ:2023-09-15:entry,2023-09-18,entry_exit_conflict_on_same_day,,,,
partial_exit_due_to_t1_freeze,000002.SZ,strategy_003_ma_trend_holding_days:v1:000002.SZ:2023-09-15:exit,2023-09-18,"partial_exit: requested 5800, only 5200 sellable (frozen 600)",5800,5200,5200,5800
signal_conflict,000002.SZ,strategy_003_ma_trend_holding_days:v1:000002.SZ:2023-09-18:entry,2023-09-19,entry_exit_conflict_on_same_day,,,,
partial_exit_due_to_t1_freeze,000002.SZ,strategy_003_ma_trend_holding_days:v1:000002.SZ:2023-09-26:exit,2023-09-27,"partial_exit: requested 2800, only 2600 sellable (frozen 200)",2800,2600,2600,2800
partial_exit_due_to_t1_freeze,000001.SZ,strategy_003_ma_trend_holding_days:v1:000001.SZ:2023-09-29:exit,2023-10-02,"partial_exit: requested 7700, only 7300 sellable (frozen 400)",7700,7300,7300,7700
t1_frozen,000001.SZ,strategy_003_ma_trend_holding_days:v1:000001.SZ:2023-10-04:exit,2023-10-05,t1_frozen: all 1400 shares frozen,1400,0,0,1400
signal_conflict,000002.SZ,strategy_003_ma_trend_holding_days:v1:000002.SZ:2023-10-05:entry,2023-10-06,entry_exit_conflict_on_same_day,,,,
t1_frozen,300750.SZ,strategy_003_ma_trend_holding_days:v1:300750.SZ:2023-10-13:exit,2023-10-16,t1_frozen: all 600 shares frozen,600,0,0,600
zero_quantity,000001.SZ,strategy_003_ma_trend_holding_days:v1:000001.SZ:2023-10-18:entry,2023-10-19,insufficient_capital_for_one_lot,,,,
zero_quantity,300750.SZ,strategy_003_ma_trend_holding_days:v1:300750.SZ:2023-10-18:entry,2023-10-19,insufficient_capital_for_one_lot,,,,
partial_exit_due_to_t1_freeze,000002.SZ,strategy_003_ma_trend_holding_days:v1:000002.SZ:2023-10-18:exit,2023-10-19,"partial_exit: requested 6900, only 6800 sellable (frozen 100)",6900,6800,6800,6900
signal_conflict,000002.SZ,strategy_003_ma_trend_holding_days:v1:000002.SZ:2023-10-24:entry,2023-10-25,entry_exit_conflict_on_same_day,,,,
partial_exit_due_to_t1_freeze,000002.SZ,strategy_003_ma_trend_holding_days:v1:000002.SZ:2023-10-24:exit,2023-10-25,"partial_exit: requested 3100, only 2500 sellable (frozen 600)",3100,2500,2500,3100
signal_conflict,000002.SZ,strategy_003_ma_trend_holding_days:v1:000002.SZ:2023-10-25:entry,2023-10-26,entry_exit_conflict_on_same_day,,,,
zero_quantity,000001.SZ,strategy_003_ma_trend_holding_days:v1:000001.SZ:2023-10-27:entry,2023-10-30,insufficient_capital_for_one_lot,,,,
zero_quantity,000002.SZ,strategy_003_ma_trend_holding_days:v1:000002.SZ:2023-10-27:entry,2023-10-30,insufficient_capital_for_one_lot,,,,
zero_quantity,600519.SH,strategy_003_ma_trend_holding_days:v1:600519.SH:2023-10-27:entry,2023-10-30,insufficient_capital_for_one_lot,,,,
zero_quantity,600036.SH,strategy_003_ma_trend_holding_days:v1:600036.SH:2023-10-27:entry,2023-10-30,insufficient_capital_for_one_lot,,,,
zero_quantity,300750.SZ,strategy_003_ma_trend_holding_days:v1:300750.SZ:2023-10-27:entry,2023-10-30,insufficient_capital_for_one_lot,,,,
zero_quantity,601318.SH,strategy_003_ma_trend_holding_days:v1:601318.SH:2023-10-27:entry,2023-10-30,insufficient_capital_for_one_lot,,,,
signal_conflict,000001.SZ,strategy_003_ma_trend_holding_days:v1:000001.SZ:2023-10-30:entry,2023-10-31,entry_exit_conflict_on_same_day,,,,
zero_quantity,000002.SZ,strategy_003_ma_trend_holding_days:v1:000002.SZ:2023-10-30:entry,2023-10-31,insufficient_capital_for_one_lot,,,,
zero_quantity,600519.SH,strategy_003_ma_trend_holding_days:v1:600519.SH:2023-10-30:entry,2023-10-31,insufficient_capital_for_one_lot,,,,
zero_quantity,600036.SH,strategy_003_ma_trend_holding_days:v1:600036.SH:2023-10-30:entry,2023-10-31,insufficient_capital_for_one_lot,,,,
zero_quantity,300750.SZ,strategy_003_ma_trend_holding_days:v1:300750.SZ:2023-10-30:entry,2023-10-31,insufficient_capital_for_one_lot,,,,
zero_quantity,601318.SH,strategy_003_ma_trend_holding_days:v1:601318.SH:2023-10-30:entry,2023-10-31,insufficient_capital_for_one_lot,,,,
zero_quantity,000001.SZ,strategy_003_ma_trend_holding_days:v1:000001.SZ:2023-11-01:entry,2023-11-02,insufficient_capital_for_one_lot,,,,
zero_quantity,000002.SZ,strategy_003_ma_trend_holding_days:v1:000002.SZ:2023-11-01:entry,2023-11-02,insufficient_capital_for_one_lot,,,,
zero_quantity,600519.SH,strategy_003_ma_trend_holding_days:v1:600519.SH:2023-11-01:entry,2023-11-02,insufficient_capital_for_one_lot,,,,
zero_quantity,600036.SH,strategy_003_ma_trend_holding_days:v1:600036.SH:2023-11-01:entry,2023-11-02,insufficient_capital_for_one_lot,,,,
zero_quantity,300750.SZ,strategy_003_ma_trend_holding_days:v1:300750.SZ:2023-11-01:entry,2023-11-02,insufficient_capital_for_one_lot,,,,
zero_quantity,601318.SH,strategy_003_ma_trend_holding_days:v1:601318.SH:2023-11-01:entry,2023-11-02,insufficient_capital_for_one_lot,,,,
zero_quantity,000001.SZ,strategy_003_ma_trend_holding_days:v1:000001.SZ:2023-11-02:entry,2023-11-03,insufficient_capital_for_one_lot,,,,
zero_quantity,000002.SZ,strategy_003_ma_trend_holding_days:v1:000002.SZ:2023-11-02:entry,2023-11-03,insufficient_capital_for_one_lot,,,,
zero_quantity,600519.SH,strategy_003_ma_trend_holding_days:v1:600519.SH:2023-11-02:entry,2023-11-03,insufficient_capital_for_one_lot,,,,
zero_quantity,600036.SH,strategy_003_ma_trend_holding_days:v1:600036.SH:2023-11-02:entry,2023-11-03,insufficient_capital_for_one_lot,,,,
zero_quantity,300750.SZ,strategy_003_ma_trend_holding_days:v1:300750.SZ:2023-11-02:entry,2023-11-03,insufficient_capital_for_one_lot,,,,
zero_quantity,601318.SH,strategy_003_ma_trend_holding_days:v1:601318.SH:2023-11-02:entry,2023-11-03,insufficient_capital_for_one_lot,,,,
zero_quantity,000001.SZ,strategy_003_ma_trend_holding_days:v1:000001.SZ:2023-11-03:entry,2023-11-06,insufficient_capital_for_one_lot,,,,
zero_quantity,000002.SZ,strategy_003_ma_trend_holding_days:v1:000002.SZ:2023-11-03:entry,2023-11-06,insufficient_capital_for_one_lot,,,,
zero_quantity,600519.SH,strategy_003_ma_trend_holding_days:v1:600519.SH:2023-11-03:entry,2023-11-06,insufficient_capital_for_one_lot,,,,
zero_quantity,600036.SH,strategy_003_ma_trend_holding_days:v1:600036.SH:2023-11-03:entry,2023-11-06,insufficient_capital_for_one_lot,,,,
zero_quantity,300750.SZ,strategy_003_ma_trend_holding_days:v1:300750.SZ:2023-11-03:entry,2023-11-06,insufficient_capital_for_one_lot,,,,
zero_quantity,601318.SH,strategy_003_ma_trend_holding_days:v1:601318.SH:2023-11-03:entry,2023-11-06,insufficient_capital_for_one_lot,,,,
zero_quantity,000001.SZ,strategy_003_ma_trend_holding_days:v1:000001.SZ:2023-11-06:entry,2023-11-07,insufficient_capital_for_one_lot,,,,
zero_quantity,000002.SZ,strategy_003_ma_trend_holding_days:v1:000002.SZ:2023-11-06:entry,2023-11-07,insufficient_capital_for_one_lot,,,,
zero_quantity,600519.SH,strategy_003_ma_trend_holding_days:v1:600519.SH:2023-11-06:entry,2023-11-07,insufficient_capital_for_one_lot,,,,
zero_quantity,600036.SH,strategy_003_ma_trend_holding_days:v1:600036.SH:2023-11-06:entry,2023-11-07,insufficient_capital_for_one_lot,,,,
zero_quantity,300750.SZ,strategy_003_ma_trend_holding_days:v1:300750.SZ:2023-11-06:entry,2023-11-07,insufficient_capital_for_one_lot,,,,
zero_quantity,601318.SH,strategy_003_ma_trend_holding_days:v1:601318.SH:2023-11-06:entry,2023-11-07,insufficient_capital_for_one_lot,,,,
zero_quantity,002475.SZ,strategy_003_ma_trend_holding_days:v1:002475.SZ:2023-11-06:entry,2023-11-07,insufficient_capital_for_one_lot,,,,
zero_quantity,000001.SZ,strategy_003_ma_trend_holding_days:v1:000001.SZ:2023-11-07:entry,2023-11-08,insufficient_capital_for_one_lot,,,,
zero_quantity,000002.SZ,strategy_003_ma_trend_holding_days:v1:000002.SZ:2023-11-07:entry,2023-11-08,insufficient_capital_for_one_lot,,,,
zero_quantity,600519.SH,strategy_003_ma_trend_holding_days:v1:600519.SH:2023-11-07:entry,2023-11-08,insufficient_capital_for_one_lot,,,,
zero_quantity,600036.SH,strategy_003_ma_trend_holding_days:v1:600036.SH:2023-11-07:entry,2023-11-08,insufficient_capital_for_one_lot,,,,
zero_quantity,300750.SZ,strategy_003_ma_trend_holding_days:v1:300750.SZ:2023-11-07:entry,2023-11-08,insufficient_capital_for_one_lot,,,,
zero_quantity,601318.SH,strategy_003_ma_trend_holding_days:v1:601318.SH:2023-11-07:entry,2023-11-08,insufficient_capital_for_one_lot,,,,
zero_quantity,002475.SZ,strategy_003_ma_trend_holding_days:v1:002475.SZ:2023-11-07:entry,2023-11-08,insufficient_capital_for_one_lot,,,,
zero_quantity,000001.SZ,strategy_003_ma_trend_holding_days:v1:000001.SZ:2023-11-08:entry,2023-11-09,insufficient_capital_for_one_lot,,,,
zero_quantity,000002.SZ,strategy_003_ma_trend_holding_days:v1:000002.SZ:2023-11-08:entry,2023-11-09,insufficient_capital_for_one_lot,,,,
zero_quantity,600519.SH,strategy_003_ma_trend_holding_days:v1:600519.SH:2023-11-08:entry,2023-11-09,insufficient_capital_for_one_lot,,,,
signal_conflict,600036.SH,strategy_003_ma_trend_holding_days:v1:600036.SH:2023-11-08:entry,2023-11-09,entry_exit_conflict_on_same_day,,,,
zero_quantity,300750.SZ,strategy_003_ma_trend_holding_days:v1:300750.SZ:2023-11-08:entry,2023-11-09,insufficient_capital_for_one_lot,,,,
signal_conflict,601318.SH,strategy_003_ma_trend_holding_days:v1:601318.SH:2023-11-08:entry,2023-11-09,entry_exit_conflict_on_same_day,,,,
signal_conflict,300750.SZ,strategy_003_ma_trend_holding_days:v1:300750.SZ:2023-11-09:entry,2023-11-10,entry_exit_conflict_on_same_day,,,,
signal_conflict,600519.SH,strategy_003_ma_trend_holding_days:v1:600519.SH:2023-11-10:entry,2023-11-13,entry_exit_conflict_on_same_day,,,,
partial_exit_due_to_t1_freeze,600519.SH,strategy_003_ma_trend_holding_days:v1:600519.SH:2023-11-10:exit,2023-11-13,"partial_exit: requested 2600, only 1800 sellable (frozen 800)",2600,1800,1800,2600
signal_conflict,600519.SH,strategy_003_ma_trend_holding_days:v1:600519.SH:2023-11-13:entry,2023-11-14,entry_exit_conflict_on_same_day,,,,
partial_exit_due_to_t1_freeze,000002.SZ,strategy_003_ma_trend_holding_days:v1:000002.SZ:2023-11-13:exit,2023-11-14,"partial_exit: requested 2100, only 1900 sellable (frozen 200)",2100,1900,1900,2100
zero_quantity,000001.SZ,strategy_003_ma_trend_holding_days:v1:000001.SZ:2023-11-15:entry,2023-11-16,insufficient_capital_for_one_lot,,,,
zero_quantity,600519.SH,strategy_003_ma_trend_holding_days:v1:600519.SH:2023-11-15:entry,2023-11-16,insufficient_capital_for_one_lot,,,,
zero_quantity,600036.SH,strategy_003_ma_trend_holding_days:v1:600036.SH:2023-11-15:entry,2023-11-16,insufficient_capital_for_one_lot,,,,
zero_quantity,601318.SH,strategy_003_ma_trend_holding_days:v1:601318.SH:2023-11-15:entry,2023-11-16,insufficient_capital_for_one_lot,,,,
zero_quantity,002475.SZ,strategy_003_ma_trend_holding_days:v1:002475.SZ:2023-11-15:entry,2023-11-16,insufficient_capital_for_one_lot,,,,
signal_conflict,000001.SZ,strategy_003_ma_trend_holding_days:v1:000001.SZ:2023-11-16:entry,2023-11-17,entry_exit_conflict_on_same_day,,,,
zero_quantity,600519.SH,strategy_003_ma_trend_holding_days:v1:600519.SH:2023-11-16:entry,2023-11-17,insufficient_capital_for_one_lot,,,,
zero_quantity,600036.SH,strategy_003_ma_trend_holding_days:v1:600036.SH:2023-11-16:entry,2023-11-17,insufficient_capital_for_one_lot,,,,
zero_quantity,601318.SH,strategy_003_ma_trend_holding_days:v1:601318.SH:2023-11-16:entry,2023-11-17,insufficient_capital_for_one_lot,,,,
zero_quantity,002475.SZ,strategy_003_ma_trend_holding_days:v1:002475.SZ:2023-11-16:entry,2023-11-17,insufficient_capital_for_one_lot,,,,
zero_quantity,000001.SZ,strategy_003_ma_trend_holding_days:v1:000001.SZ:2023-11-21:entry,2023-11-22,insufficient_capital_for_one_lot,,,,
zero_quantity,000002.SZ,strategy_003_ma_trend_holding_days:v1:000002.SZ:2023-11-21:entry,2023-11-22,insufficient_capital_for_one_lot,,,,
zero_quantity,600519.SH,strategy_003_ma_trend_holding_days:v1:600519.SH:2023-11-21:entry,2023-11-22,insufficient_capital_for_one_lot,,,,
zero_quantity,600036.SH,strategy_003_ma_trend_holding_days:v1:600036.SH:2023-11-21:entry,2023-11-22,insufficient_capital_for_one_lot,,,,
zero_quantity,300750.SZ,strategy_003_ma_trend_holding_days:v1:300750.SZ:2023-11-21:entry,2023-11-22,insufficient_capital_for_one_lot,,,,
zero_quantity,601318.SH,strategy_003_ma_trend_holding_days:v1:601318.SH:2023-11-21:entry,2023-11-22,insufficient_capital_for_one_lot,,,,
zero_quantity,002475.SZ,strategy_003_ma_trend_holding_days:v1:002475.SZ:2023-11-21:entry,2023-11-22,insufficient_capital_for_one_lot,,,,
zero_quantity,600519.SH,strategy_003_ma_trend_holding_days:v1:600519.SH:2023-11-22:entry,2023-11-23,insufficient_capital_for_one_lot,,,,
zero_quantity,600036.SH,strategy_003_ma_trend_holding_days:v1:600036.SH:2023-11-22:entry,2023-11-23,insufficient_capital_for_one_lot,,,,
zero_quantity,601318.SH,strategy_003_ma_trend_holding_days:v1:601318.SH:2023-11-22:entry,2023-11-23,insufficient_capital_for_one_lot,,,,
t1_frozen,002475.SZ,strategy_003_ma_trend_holding_days:v1:002475.SZ:2023-11-24:exit,2023-11-27,t1_frozen: all 400 shares frozen,400,0,0,400
zero_quantity,000001.SZ,strategy_003_ma_trend_holding_days:v1:000001.SZ:2023-11-27:entry,2023-11-28,insufficient_capital_for_one_lot,,,,
zero_quantity,000002.SZ,strategy_003_ma_trend_holding_days:v1:000002.SZ:2023-11-27:entry,2023-11-28,insufficient_capital_for_one_lot,,,,
zero_quantity,600519.SH,strategy_003_ma_trend_holding_days:v1:600519.SH:2023-11-27:entry,2023-11-28,insufficient_capital_for_one_lot,,,,
signal_conflict,600036.SH,strategy_003_ma_trend_holding_days:v1:600036.SH:2023-11-27:entry,2023-11-28,entry_exit_conflict_on_same_day,,,,
partial_exit_due_to_t1_freeze,600036.SH,strategy_003_ma_trend_holding_days:v1:600036.SH:2023-11-27:exit,2023-11-28,"partial_exit: requested 3400, only 3300 sellable (frozen 100)",3400,3300,3300,3400
signal_conflict,601318.SH,strategy_003_ma_trend_holding_days:v1:601318.SH:2023-11-27:entry,2023-11-28,entry_exit_conflict_on_same_day,,,,
partial_exit_due_to_t1_freeze,601318.SH,strategy_003_ma_trend_holding_days:v1:601318.SH:2023-11-27:exit,2023-11-28,"partial_exit: requested 3400, only 3300 sellable (frozen 100)",3400,3300,3300,3400
signal_conflict,600036.SH,strategy_003_ma_trend_holding_days:v1:600036.SH:2023-11-28:entry,2023-11-29,entry_exit_conflict_on_same_day,,,,
signal_conflict,601318.SH,strategy_003_ma_trend_holding_days:v1:601318.SH:2023-11-28:entry,2023-11-29,entry_exit_conflict_on_same_day,,,,
t1_frozen,000001.SZ,strategy_003_ma_trend_holding_days:v1:000001.SZ:2023-11-29:exit,2023-11-30,t1_frozen: all 1500 shares frozen,1500,0,0,1500
signal_conflict,600519.SH,strategy_003_ma_trend_holding_days:v1:600519.SH:2023-11-30:entry,2023-12-01,entry_exit_conflict_on_same_day,,,,
partial_exit_due_to_t1_freeze,600519.SH,strategy_003_ma_trend_holding_days:v1:600519.SH:2023-11-30:exit,2023-12-01,"partial_exit: requested 4100, only 3500 sellable (frozen 600)",4100,3500,3500,4100
signal_conflict,600519.SH,strategy_003_ma_trend_holding_days:v1:600519.SH:2023-12-01:entry,2023-12-04,entry_exit_conflict_on_same_day,,,,
zero_quantity,000002.SZ,strategy_003_ma_trend_holding_days:v1:000002.SZ:2023-12-05:entry,2023-12-06,insufficient_capital_for_one_lot,,,,
zero_quantity,600519.SH,strategy_003_ma_trend_holding_days:v1:600519.SH:2023-12-05:entry,2023-12-06,insufficient_capital_for_one_lot,,,,
zero_quantity,600036.SH,strategy_003_ma_trend_holding_days:v1:600036.SH:2023-12-05:entry,2023-12-06,insufficient_capital_for_one_lot,,,,
zero_quantity,601318.SH,strategy_003_ma_trend_holding_days:v1:601318.SH:2023-12-05:entry,2023-12-06,insufficient_capital_for_one_lot,,,,
t1_frozen,000001.SZ,strategy_003_ma_trend_holding_days:v1:000001.SZ:2023-12-05:exit,2023-12-06,t1_frozen: all 600 shares frozen,600,0,0,600
zero_quantity,000002.SZ,strategy_003_ma_trend_holding_days:v1:000002.SZ:2023-12-06:entry,2023-12-07,insufficient_capital_for_one_lot,,,,
zero_quantity,600519.SH,strategy_003_ma_trend_holding_days:v1:600519.SH:2023-12-06:entry,2023-12-07,insufficient_capital_for_one_lot,,,,
zero_quantity,600036.SH,strategy_003_ma_trend_holding_days:v1:600036.SH:2023-12-06:entry,2023-12-07,insufficient_capital_for_one_lot,,,,
zero_quantity,601318.SH,strategy_003_ma_trend_holding_days:v1:601318.SH:2023-12-06:entry,2023-12-07,insufficient_capital_for_one_lot,,,,
zero_quantity,000001.SZ,strategy_003_ma_trend_holding_days:v1:000001.SZ:2023-12-08:entry,2023-12-11,insufficient_capital_for_one_lot,,,,
zero_quantity,000002.SZ,strategy_003_ma_trend_holding_days:v1:000002.SZ:2023-12-08:entry,2023-12-11,insufficient_capital_for_one_lot,,,,
zero_quantity,600519.SH,strategy_003_ma_trend_holding_days:v1:600519.SH:2023-12-08:entry,2023-12-11,insufficient_capital_for_one_lot,,,,
zero_quantity,600036.SH,strategy_003_ma_trend_holding_days:v1:600036.SH:2023-12-08:entry,2023-12-11,insufficient_capital_for_one_lot,,,,
zero_quantity,601318.SH,strategy_003_ma_trend_holding_days:v1:601318.SH:2023-12-08:entry,2023-12-11,insufficient_capital_for_one_lot,,,,
zero_quantity,000002.SZ,strategy_003_ma_trend_holding_days:v1:000002.SZ:2023-12-11:entry,2023-12-12,insufficient_capital_for_one_lot,,,,
zero_quantity,600519.SH,strategy_003_ma_trend_holding_days:v1:600519.SH:2023-12-11:entry,2023-12-12,insufficient_capital_for_one_lot,,,,
zero_quantity,600036.SH,strategy_003_ma_trend_holding_days:v1:600036.SH:2023-12-11:entry,2023-12-12,insufficient_capital_for_one_lot,,,,
zero_quantity,601318.SH,strategy_003_ma_trend_holding_days:v1:601318.SH:2023-12-11:entry,2023-12-12,insufficient_capital_for_one_lot,,,,
signal_conflict,000002.SZ,strategy_003_ma_trend_holding_days:v1:000002.SZ:2023-12-12:entry,2023-12-13,entry_exit_conflict_on_same_day,,,,
zero_quantity,600519.SH,strategy_003_ma_trend_holding_days:v1:600519.SH:2023-12-12:entry,2023-12-13,insufficient_capital_for_one_lot,,,,
zero_quantity,600036.SH,strategy_003_ma_trend_holding_days:v1:600036.SH:2023-12-12:entry,2023-12-13,insufficient_capital_for_one_lot,,,,
zero_quantity,601318.SH,strategy_003_ma_trend_holding_days:v1:601318.SH:2023-12-12:entry,2023-12-13,insufficient_capital_for_one_lot,,,,
zero_quantity,000001.SZ,strategy_003_ma_trend_holding_days:v1:000001.SZ:2023-12-15:entry,2023-12-18,insufficient_capital_for_one_lot,,,,
zero_quantity,000002.SZ,strategy_003_ma_trend_holding_days:v1:000002.SZ:2023-12-15:entry,2023-12-18,insufficient_capital_for_one_lot,,,,
zero_quantity,600519.SH,strategy_003_ma_trend_holding_days:v1:600519.SH:2023-12-15:entry,2023-12-18,insufficient_capital_for_one_lot,,,,
signal_conflict,600036.SH,strategy_003_ma_trend_holding_days:v1:600036.SH:2023-12-15:entry,2023-12-18,entry_exit_conflict_on_same_day,,,,
partial_exit_due_to_t1_freeze,600036.SH,strategy_003_ma_trend_holding_days:v1:600036.SH:2023-12-15:exit,2023-12-18,"partial_exit: requested 3400, only 3200 sellable (frozen 200)",3400,3200,3200,3400
signal_conflict,601318.SH,strategy_003_ma_trend_holding_days:v1:601318.SH:2023-12-15:entry,2023-12-18,entry_exit_conflict_on_same_day,,,,
partial_exit_due_to_t1_freeze,601318.SH,strategy_003_ma_trend_holding_days:v1:601318.SH:2023-12-15:exit,2023-12-18,"partial_exit: requested 3300, only 3100 sellable (frozen 200)",3300,3100,3100,3300
zero_quantity,002475.SZ,strategy_003_ma_trend_holding_days:v1:002475.SZ:2023-12-15:entry,2023-12-18,insufficient_capital_for_one_lot,,,,
signal_conflict,600036.SH,strategy_003_ma_trend_holding_days:v1:600036.SH:2023-12-18:entry,2023-12-19,entry_exit_conflict_on_same_day,,,,
signal_conflict,601318.SH,strategy_003_ma_trend_holding_days:v1:601318.SH:2023-12-18:entry,2023-12-19,entry_exit_conflict_on_same_day,,,,
zero_quantity,000001.SZ,strategy_003_ma_trend_holding_days:v1:000001.SZ:2023-12-20:entry,2023-12-21,insufficient_capital_for_one_lot,,,,
zero_quantity,000002.SZ,strategy_003_ma_trend_holding_days:v1:000002.SZ:2023-12-20:entry,2023-12-21,insufficient_capital_for_one_lot,,,,
signal_conflict,600519.SH,strategy_003_ma_trend_holding_days:v1:600519.SH:2023-12-20:entry,2023-12-21,entry_exit_conflict_on_same_day,,,,
partial_exit_due_to_t1_freeze,600519.SH,strategy_003_ma_trend_holding_days:v1:600519.SH:2023-12-20:exit,2023-12-21,"partial_exit: requested 3600, only 3000 sellable (frozen 600)",3600,3000,3000,3600
zero_quantity,600036.SH,strategy_003_ma_trend_holding_days:v1:600036.SH:2023-12-20:entry,2023-12-21,insufficient_capital_for_one_lot,,,,
zero_quantity,601318.SH,strategy_003_ma_trend_holding_days:v1:601318.SH:2023-12-20:entry,2023-12-21,insufficient_capital_for_one_lot,,,,
zero_quantity,002475.SZ,strategy_003_ma_trend_holding_days:v1:002475.SZ:2023-12-20:entry,2023-12-21,insufficient_capital_for_one_lot,,,,
signal_conflict,600519.SH,strategy_003_ma_trend_holding_days:v1:600519.SH:2023-12-21:entry,2023-12-22,entry_exit_conflict_on_same_day,,,,
zero_quantity,000001.SZ,strategy_003_ma_trend_holding_days:v1:000001.SZ:2023-12-25:entry,2023-12-26,insufficient_capital_for_one_lot,,,,
zero_quantity,000002.SZ,strategy_003_ma_trend_holding_days:v1:000002.SZ:2023-12-25:entry,2023-12-26,insufficient_capital_for_one_lot,,,,
zero_quantity,600519.SH,strategy_003_ma_trend_holding_days:v1:600519.SH:2023-12-25:entry,2023-12-26,insufficient_capital_for_one_lot,,,,
zero_quantity,600036.SH,strategy_003_ma_trend_holding_days:v1:600036.SH:2023-12-25:entry,2023-12-26,insufficient_capital_for_one_lot,,,,
zero_quantity,601318.SH,strategy_003_ma_trend_holding_days:v1:601318.SH:2023-12-25:entry,2023-12-26,insufficient_capital_for_one_lot,,,,
partial_exit_due_to_t1_freeze,002475.SZ,strategy_003_ma_trend_holding_days:v1:002475.SZ:2023-12-25:exit,2023-12-26,"partial_exit: requested 700, only 600 sellable (frozen 100)",700,600,600,700
zero_quantity,000001.SZ,strategy_003_ma_trend_holding_days:v1:000001.SZ:2023-12-27:entry,2023-12-28,insufficient_capital_for_one_lot,,,,
zero_quantity,600519.SH,strategy_003_ma_trend_holding_days:v1:600519.SH:2023-12-27:entry,2023-12-28,insufficient_capital_for_one_lot,,,,
zero_quantity,600036.SH,strategy_003_ma_trend_holding_days:v1:600036.SH:2023-12-27:entry,2023-12-28,insufficient_capital_for_one_lot,,,,
zero_quantity,300750.SZ,strategy_003_ma_trend_holding_days:v1:300750.SZ:2023-12-27:entry,2023-12-28,insufficient_capital_for_one_lot,,,,
zero_quantity,601318.SH,strategy_003_ma_trend_holding_days:v1:601318.SH:2023-12-27:entry,2023-12-28,insufficient_capital_for_one_lot,,,,
partial_exit_due_to_t1_freeze,000002.SZ,strategy_003_ma_trend_holding_days:v1:000002.SZ:2023-12-27:exit,2023-12-28,"partial_exit: requested 3700, only 3600 sellable (frozen 100)",3700,3600,3600,3700
zero_quantity,000001.SZ,strategy_003_ma_trend_holding_days:v1:000001.SZ:2023-12-29:entry,2024-01-01,insufficient_capital_for_one_lot,,,,
zero_quantity,600519.SH,strategy_003_ma_trend_holding_days:v1:600519.SH:2023-12-29:entry,2024-01-01,insufficient_capital_for_one_lot,,,,
zero_quantity,600036.SH,strategy_003_ma_trend_holding_days:v1:600036.SH:2023-12-29:entry,2024-01-01,insufficient_capital_for_one_lot,,,,
zero_quantity,300750.SZ,strategy_003_ma_trend_holding_days:v1:300750.SZ:2023-12-29:entry,2024-01-01,insufficient_capital_for_one_lot,,,,
zero_quantity,601318.SH,strategy_003_ma_trend_holding_days:v1:601318.SH:2023-12-29:entry,2024-01-01,insufficient_capital_for_one_lot,,,,
partial_exit_due_to_t1_freeze,000002.SZ,strategy_003_ma_trend_holding_days:v1:000002.SZ:2023-12-29:exit,2024-01-01,"partial_exit: requested 800, only 100 sellable (frozen 700)",800,100,100,800
zero_quantity,000001.SZ,strategy_003_ma_trend_holding_days:v1:000001.SZ:2024-01-01:entry,2024-01-02,insufficient_capital_for_one_lot,,,,
zero_quantity,600519.SH,strategy_003_ma_trend_holding_days:v1:600519.SH:2024-01-01:entry,2024-01-02,insufficient_capital_for_one_lot,,,,
zero_quantity,600036.SH,strategy_003_ma_trend_holding_days:v1:600036.SH:2024-01-01:entry,2024-01-02,insufficient_capital_for_one_lot,,,,
zero_quantity,300750.SZ,strategy_003_ma_trend_holding_days:v1:300750.SZ:2024-01-01:entry,2024-01-02,insufficient_capital_for_one_lot,,,,
zero_quantity,601318.SH,strategy_003_ma_trend_holding_days:v1:601318.SH:2024-01-01:entry,2024-01-02,insufficient_capital_for_one_lot,,,,
signal_conflict,000001.SZ,strategy_003_ma_trend_holding_days:v1:000001.SZ:2024-01-03:entry,2024-01-04,entry_exit_conflict_on_same_day,,,,
partial_exit_due_to_t1_freeze,000001.SZ,strategy_003_ma_trend_holding_days:v1:000001.SZ:2024-01-03:exit,2024-01-04,"partial_exit: requested 3800, only 3700 sellable (frozen 100)",3800,3700,3700,3800
zero_quantity,600519.SH,strategy_003_ma_trend_holding_days:v1:600519.SH:2024-01-03:entry,2024-01-04,insufficient_capital_for_one_lot,,,,
zero_quantity,600036.SH,strategy_003_ma_trend_holding_days:v1:600036.SH:2024-01-03:entry,2024-01-04,insufficient_capital_for_one_lot,,,,
zero_quantity,300750.SZ,strategy_003_ma_trend_holding_days:v1:300750.SZ:2024-01-03:entry,2024-01-04,insufficient_capital_for_one_lot,,,,
zero_quantity,601318.SH,strategy_003_ma_trend_holding_days:v1:601318.SH:2024-01-03:entry,2024-01-04,insufficient_capital_for_one_lot,,,,
signal_conflict,600036.SH,strategy_003_ma_trend_holding_days:v1:600036.SH:2024-01-04:entry,2024-01-05,entry_exit_conflict_on_same_day,,,,
signal_conflict,601318.SH,strategy_003_ma_trend_holding_days:v1:601318.SH:2024-01-04:entry,2024-01-05,entry_exit_conflict_on_same_day,,,,
signal_conflict,600519.SH,strategy_003_ma_trend_holding_days:v1:600519.SH:2024-01-09:entry,2024-01-10,entry_exit_conflict_on_same_day,,,,
partial_exit_due_to_t1_freeze,600519.SH,strategy_003_ma_trend_holding_days:v1:600519.SH:2024-01-09:exit,2024-01-10,"partial_exit: requested 3000, only 2800 sellable (frozen 200)",3000,2800,2800,3000
signal_conflict,600519.SH,strategy_003_ma_trend_holding_days:v1:600519.SH:2024-01-10:entry,2024-01-11,entry_exit_conflict_on_same_day,,,,
signal_conflict,300750.SZ,strategy_003_ma_trend_holding_days:v1:300750.SZ:2024-01-11:entry,2024-01-12,entry_exit_conflict_on_same_day,,,,
partial_exit_due_to_t1_freeze,300750.SZ,strategy_003_ma_trend_holding_days:v1:300750.SZ:2024-01-11:exit,2024-01-12,"partial_exit: requested 3500, only 2900 sellable (frozen 600)",3500,2900,2900,3500
signal_conflict,300750.SZ,strategy_003_ma_trend_holding_days:v1:300750.SZ:2024-01-12:entry,2024-01-15,entry_exit_conflict_on_same_day,,,,
zero_quantity,600519.SH,strategy_003_ma_trend_holding_days:v1:600519.SH:2024-01-17:entry,2024-01-18,insufficient_capital_for_one_lot,,,,
zero_quantity,600036.SH,strategy_003_ma_trend_holding_days:v1:600036.SH:2024-01-17:entry,2024-01-18,insufficient_capital_for_one_lot,,,,
zero_quantity,300750.SZ,strategy_003_ma_trend_holding_days:v1:300750.SZ:2024-01-17:entry,2024-01-18,insufficient_capital_for_one_lot,,,,
zero_quantity,601318.SH,strategy_003_ma_trend_holding_days:v1:601318.SH:2024-01-17:entry,2024-01-18,insufficient_capital_for_one_lot,,,,
zero_quantity,600519.SH,strategy_003_ma_trend_holding_days:v1:600519.SH:2024-01-18:entry,2024-01-19,insufficient_capital_for_one_lot,,,,
zero_quantity,600036.SH,strategy_003_ma_trend_holding_days:v1:600036.SH:2024-01-18:entry,2024-01-19,insufficient_capital_for_one_lot,,,,
zero_quantity,300750.SZ,strategy_003_ma_trend_holding_days:v1:300750.SZ:2024-01-18:entry,2024-01-19,insufficient_capital_for_one_lot,,,,
zero_quantity,601318.SH,strategy_003_ma_trend_holding_days:v1:601318.SH:2024-01-18:entry,2024-01-19,insufficient_capital_for_one_lot,,,,
zero_quantity,600519.SH,strategy_003_ma_trend_holding_days:v1:600519.SH:2024-01-19:entry,2024-01-22,insufficient_capital_for_one_lot,,,,
zero_quantity,600036.SH,strategy_003_ma_trend_holding_days:v1:600036.SH:2024-01-19:entry,2024-01-22,insufficient_capital_for_one_lot,,,,
zero_quantity,300750.SZ,strategy_003_ma_trend_holding_days:v1:300750.SZ:2024-01-19:entry,2024-01-22,insufficient_capital_for_one_lot,,,,
zero_quantity,601318.SH,strategy_003_ma_trend_holding_days:v1:601318.SH:2024-01-19:entry,2024-01-22,insufficient_capital_for_one_lot,,,,
zero_quantity,600519.SH,strategy_003_ma_trend_holding_days:v1:600519.SH:2024-01-22:entry,2024-01-23,insufficient_capital_for_one_lot,,,,
zero_quantity,600036.SH,strategy_003_ma_trend_holding_days:v1:600036.SH:2024-01-22:entry,2024-01-23,insufficient_capital_for_one_lot,,,,
zero_quantity,300750.SZ,strategy_003_ma_trend_holding_days:v1:300750.SZ:2024-01-22:entry,2024-01-23,insufficient_capital_for_one_lot,,,,
zero_quantity,601318.SH,strategy_003_ma_trend_holding_days:v1:601318.SH:2024-01-22:entry,2024-01-23,insufficient_capital_for_one_lot,,,,
zero_quantity,600519.SH,strategy_003_ma_trend_holding_days:v1:600519.SH:2024-01-23:entry,2024-01-24,insufficient_capital_for_one_lot,,,,
signal_conflict,600036.SH,strategy_003_ma_trend_holding_days:v1:600036.SH:2024-01-23:entry,2024-01-24,entry_exit_conflict_on_same_day,,,,
zero_quantity,300750.SZ,strategy_003_ma_trend_holding_days:v1:300750.SZ:2024-01-23:entry,2024-01-24,insufficient_capital_for_one_lot,,,,
signal_conflict,601318.SH,strategy_003_ma_trend_holding_days:v1:601318.SH:2024-01-23:entry,2024-01-24,entry_exit_conflict_on_same_day,,,,
zero_quantity,600519.SH,strategy_003_ma_trend_holding_days:v1:600519.SH:2024-01-26:entry,2024-01-29,insufficient_capital_for_one_lot,,,,
zero_quantity,600036.SH,strategy_003_ma_trend_holding_days:v1:600036.SH:2024-01-26:entry,2024-01-29,insufficient_capital_for_one_lot,,,,
zero_quantity,300750.SZ,strategy_003_ma_trend_holding_days:v1:300750.SZ:2024-01-26:entry,2024-01-29,insufficient_capital_for_one_lot,,,,
zero_quantity,601318.SH,strategy_003_ma_trend_holding_days:v1:601318.SH:2024-01-26:entry,2024-01-29,insufficient_capital_for_one_lot,,,,
signal_conflict,600519.SH,strategy_003_ma_trend_holding_days:v1:600519.SH:2024-01-29:entry,2024-01-30,entry_exit_conflict_on_same_day,,,,
zero_quantity,600036.SH,strategy_003_ma_trend_holding_days:v1:600036.SH:2024-01-29:entry,2024-01-30,insufficient_capital_for_one_lot,,,,
zero_quantity,300750.SZ,strategy_003_ma_trend_holding_days:v1:300750.SZ:2024-01-29:entry,2024-01-30,insufficient_capital_for_one_lot,,,,
zero_quantity,601318.SH,strategy_003_ma_trend_holding_days:v1:601318.SH:2024-01-29:entry,2024-01-30,insufficient_capital_for_one_lot,,,,
zero_quantity,000001.SZ,strategy_003_ma_trend_holding_days:v1:000001.SZ:2024-01-31:entry,2024-02-01,insufficient_capital_for_one_lot,,,,
zero_quantity,000002.SZ,strategy_003_ma_trend_holding_days:v1:000002.SZ:2024-01-31:entry,2024-02-01,insufficient_capital_for_one_lot,,,,
zero_quantity,600519.SH,strategy_003_ma_trend_holding_days:v1:600519.SH:2024-01-31:entry,2024-02-01,insufficient_capital_for_one_lot,,,,
zero_quantity,600036.SH,strategy_003_ma_trend_holding_days:v1:600036.SH:2024-01-31:entry,2024-02-01,insufficient_capital_for_one_lot,,,,
zero_quantity,601318.SH,strategy_003_ma_trend_holding_days:v1:601318.SH:2024-01-31:entry,2024-02-01,insufficient_capital_for_one_lot,,,,
partial_exit_due_to_t1_freeze,300750.SZ,strategy_003_ma_trend_holding_days:v1:300750.SZ:2024-01-31:exit,2024-02-01,"partial_exit: requested 2800, only 2100 sellable (frozen 700)",2800,2100,2100,2800
zero_quantity,000001.SZ,strategy_003_ma_trend_holding_days:v1:000001.SZ:2024-02-05:entry,2024-02-06,insufficient_capital_for_one_lot,,,,
zero_quantity,000002.SZ,strategy_003_ma_trend_holding_days:v1:000002.SZ:2024-02-05:entry,2024-02-06,insufficient_capital_for_one_lot,,,,
zero_quantity,600519.SH,strategy_003_ma_trend_holding_days:v1:600519.SH:2024-02-05:entry,2024-02-06,insufficient_capital_for_one_lot,,,,
zero_quantity,600036.SH,strategy_003_ma_trend_holding_days:v1:600036.SH:2024-02-05:entry,2024-02-06,insufficient_capital_for_one_lot,,,,
zero_quantity,601318.SH,strategy_003_ma_trend_holding_days:v1:601318.SH:2024-02-05:entry,2024-02-06,insufficient_capital_for_one_lot,,,,
zero_quantity,000001.SZ,strategy_003_ma_trend_holding_days:v1:000001.SZ:2024-02-06:entry,2024-02-07,insufficient_capital_for_one_lot,,,,
zero_quantity,000002.SZ,strategy_003_ma_trend_holding_days:v1:000002.SZ:2024-02-06:entry,2024-02-07,insufficient_capital_for_one_lot,,,,
zero_quantity,600519.SH,strategy_003_ma_trend_holding_days:v1:600519.SH:2024-02-06:entry,2024-02-07,insufficient_capital_for_one_lot,,,,
zero_quantity,600036.SH,strategy_003_ma_trend_holding_days:v1:600036.SH:2024-02-06:entry,2024-02-07,insufficient_capital_for_one_lot,,,,
zero_quantity,601318.SH,strategy_003_ma_trend_holding_days:v1:601318.SH:2024-02-06:entry,2024-02-07,insufficient_capital_for_one_lot,,,,
zero_quantity,000001.SZ,strategy_003_ma_trend_holding_days:v1:000001.SZ:2024-02-07:entry,2024-02-08,insufficient_capital_for_one_lot,,,,
zero_quantity,600519.SH,strategy_003_ma_trend_holding_days:v1:600519.SH:2024-02-07:entry,2024-02-08,insufficient_capital_for_one_lot,,,,
zero_quantity,600036.SH,strategy_003_ma_trend_holding_days:v1:600036.SH:2024-02-07:entry,2024-02-08,insufficient_capital_for_one_lot,,,,
zero_quantity,601318.SH,strategy_003_ma_trend_holding_days:v1:601318.SH:2024-02-07:entry,2024-02-08,insufficient_capital_for_one_lot,,,,
zero_quantity,000001.SZ,strategy_003_ma_trend_holding_days:v1:000001.SZ:2024-02-09:entry,2024-02-12,insufficient_capital_for_one_lot,,,,
zero_quantity,600519.SH,strategy_003_ma_trend_holding_days:v1:600519.SH:2024-02-09:entry,2024-02-12,insufficient_capital_for_one_lot,,,,
signal_conflict,600036.SH,strategy_003_ma_trend_holding_days:v1:600036.SH:2024-02-09:entry,2024-02-12,entry_exit_conflict_on_same_day,,,,
partial_exit_due_to_t1_freeze,600036.SH,strategy_003_ma_trend_holding_days:v1:600036.SH:2024-02-09:exit,2024-02-12,"partial_exit: requested 3200, only 3100 sellable (frozen 100)",3200,3100,3100,3200
signal_conflict,601318.SH,strategy_003_ma_trend_holding_days:v1:601318.SH:2024-02-09:entry,2024-02-12,entry_exit_conflict_on_same_day,,,,
partial_exit_due_to_t1_freeze,601318.SH,strategy_003_ma_trend_holding_days:v1:601318.SH:2024-02-09:exit,2024-02-12,"partial_exit: requested 2500, only 2400 sellable (frozen 100)",2500,2400,2400,2500
signal_conflict,600036.SH,strategy_003_ma_trend_holding_days:v1:600036.SH:2024-02-12:entry,2024-02-13,entry_exit_conflict_on_same_day,,,,
partial_exit_due_to_t1_freeze,600519.SH,strategy_003_ma_trend_holding_days:v1:600519.SH:2024-02-13:exit,2024-02-14,"partial_exit: requested 2600, only 1500 sellable (frozen 1100)",2600,1500,1500,2600
signal_conflict,000001.SZ,strategy_003_ma_trend_holding_days:v1:000001.SZ:2024-02-15:entry,2024-02-16,entry_exit_conflict_on_same_day,,,,
partial_exit_due_to_t1_freeze,000001.SZ,strategy_003_ma_trend_holding_days:v1:000001.SZ:2024-02-15:exit,2024-02-16,"partial_exit: requested 4800, only 3900 sellable (frozen 900)",4800,3900,3900,4800
signal_conflict,000001.SZ,strategy_003_ma_trend_holding_days:v1:000001.SZ:2024-02-16:entry,2024-02-19,entry_exit_conflict_on_same_day,,,,
zero_quantity,000001.SZ,strategy_003_ma_trend_holding_days:v1:000001.SZ:2024-02-22:entry,2024-02-23,insufficient_capital_for_one_lot,,,,
zero_quantity,600036.SH,strategy_003_ma_trend_holding_days:v1:600036.SH:2024-02-22:entry,2024-02-23,insufficient_capital_for_one_lot,,,,
zero_quantity,300750.SZ,strategy_003_ma_trend_holding_days:v1:300750.SZ:2024-02-22:entry,2024-02-23,insufficient_capital_for_one_lot,,,,
partial_exit_due_to_t1_freeze,002475.SZ,strategy_003_ma_trend_holding_days:v1:002475.SZ:2024-02-22:exit,2024-02-23,"partial_exit: requested 1600, only 1500 sellable (frozen 100)",1600,1500,1500,1600
partial_exit_due_to_t1_freeze,600036.SH,strategy_003_ma_trend_holding_days:v1:600036.SH:2024-02-27:exit,2024-02-28,"partial_exit: requested 5300, only 5200 sellable (frozen 100)",5300,5200,5200,5300
zero_quantity,000001.SZ,strategy_003_ma_trend_holding_days:v1:000001.SZ:2024-03-05:entry,2024-03-06,insufficient_capital_for_one_lot,,,,
zero_quantity,000002.SZ,strategy_003_ma_trend_holding_days:v1:000002.SZ:2024-03-05:entry,2024-03-06,insufficient_capital_for_one_lot,,,,
zero_quantity,300750.SZ,strategy_003_ma_trend_holding_days:v1:300750.SZ:2024-03-05:entry,2024-03-06,insufficient_capital_for_one_lot,,,,
signal_conflict,000001.SZ,strategy_003_ma_trend_holding_days:v1:000001.SZ:2024-03-06:entry,2024-03-07,entry_exit_conflict_on_same_day,,,,
zero_quantity,000002.SZ,strategy_003_ma_trend_holding_days:v1:000002.SZ:2024-03-06:entry,2024-03-07,insufficient_capital_for_one_lot,,,,
zero_quantity,300750.SZ,strategy_003_ma_trend_holding_days:v1:300750.SZ:2024-03-06:entry,2024-03-07,insufficient_capital_for_one_lot,,,,
signal_conflict,300750.SZ,strategy_003_ma_trend_holding_days:v1:300750.SZ:2024-03-07:entry,2024-03-08,entry_exit_conflict_on_same_day,,,,
zero_quantity,000001.SZ,strategy_003_ma_trend_holding_days:v1:000001.SZ:2024-03-12:entry,2024-03-13,insufficient_capital_for_one_lot,,,,
zero_quantity,000002.SZ,strategy_003_ma_trend_holding_days:v1:000002.SZ:2024-03-12:entry,2024-03-13,insufficient_capital_for_one_lot,,,,
zero_quantity,002475.SZ,strategy_003_ma_trend_holding_days:v1:002475.SZ:2024-03-12:entry,2024-03-13,insufficient_capital_for_one_lot,,,,
partial_exit_due_to_t1_freeze,300750.SZ,strategy_003_ma_trend_holding_days:v1:300750.SZ:2024-03-12:exit,2024-03-13,"partial_exit: requested 1100, only 900 sellable (frozen 200)",1100,900,900,1100
partial_exit_due_to_t1_freeze,000002.SZ,strategy_003_ma_trend_holding_days:v1:000002.SZ:2024-03-14:exit,2024-03-15,"partial_exit: requested 4400, only 4200 sellable (frozen 200)",4400,4200,4200,4400
zero_quantity,000001.SZ,strategy_003_ma_trend_holding_days:v1:000001.SZ:2024-03-22:entry,2024-03-25,insufficient_capital_for_one_lot,,,,
zero_quantity,000002.SZ,strategy_003_ma_trend_holding_days:v1:000002.SZ:2024-03-22:entry,2024-03-25,insufficient_capital_for_one_lot,,,,
zero_quantity,002475.SZ,strategy_003_ma_trend_holding_days:v1:002475.SZ:2024-03-22:entry,2024-03-25,insufficient_capital_for_one_lot,,,,
signal_conflict,000001.SZ,strategy_003_ma_trend_holding_days:v1:000001.SZ:2024-03-25:entry,2024-03-26,entry_exit_conflict_on_same_day,,,,
zero_quantity,000002.SZ,strategy_003_ma_trend_holding_days:v1:000002.SZ:2024-03-25:entry,2024-03-26,insufficient_capital_for_one_lot,,,,
signal_conflict,002475.SZ,strategy_003_ma_trend_holding_days:v1:002475.SZ:2024-03-25:entry,2024-03-26,entry_exit_conflict_on_same_day,,,,
zero_quantity,000001.SZ,strategy_003_ma_trend_holding_days:v1:000001.SZ:2024-03-27:entry,2024-03-28,insufficient_capital_for_one_lot,,,,
zero_quantity,002475.SZ,strategy_003_ma_trend_holding_days:v1:002475.SZ:2024-03-27:entry,2024-03-28,insufficient_capital_for_one_lot,,,,
partial_exit_due_to_t1_freeze,000002.SZ,strategy_003_ma_trend_holding_days:v1:000002.SZ:2024-03-27:exit,2024-03-28,"partial_exit: requested 2200, only 300 sellable (frozen 1900)",2200,300,300,2200
t1_frozen,600519.SH,strategy_003_ma_trend_holding_days:v1:600519.SH:2024-03-27:exit,2024-03-28,t1_frozen: all 1700 shares frozen,1700,0,0,1700
t1_frozen,600036.SH,strategy_003_ma_trend_holding_days:v1:600036.SH:2024-03-27:exit,2024-03-28,t1_frozen: all 1700 shares frozen,1700,0,0,1700
t1_frozen,300750.SZ,strategy_003_ma_trend_holding_days:v1:300750.SZ:2024-03-27:exit,2024-03-28,t1_frozen: all 1600 shares frozen,1600,0,0,1600
t1_frozen,601318.SH,strategy_003_ma_trend_holding_days:v1:601318.SH:2024-03-27:exit,2024-03-28,t1_frozen: all 900 shares frozen,900,0,0,900
zero_quantity,000001.SZ,strategy_003_ma_trend_holding_days:v1:000001.SZ:2024-03-28:entry,2024-03-29,insufficient_capital_for_one_lot,,,,
zero_quantity,002475.SZ,strategy_003_ma_trend_holding_days:v1:002475.SZ:2024-03-28:entry,2024-03-29,insufficient_capital_for_one_lot,,,,
t1_frozen,000002.SZ,strategy_003_ma_trend_holding_days:v1:000002.SZ:2024-04-05:exit,2024-04-08,t1_frozen: all 200 shares frozen,200,0,0,200
zero_quantity,000001.SZ,strategy_003_ma_trend_holding_days:v1:000001.SZ:2024-04-08:entry,2024-04-09,insufficient_capital_for_one_lot,,,,
zero_quantity,000002.SZ,strategy_003_ma_trend_holding_days:v1:000002.SZ:2024-04-08:entry,2024-04-09,insufficient_capital_for_one_lot,,,,
zero_quantity,002475.SZ,strategy_003_ma_trend_holding_days:v1:002475.SZ:2024-04-08:entry,2024-04-09,insufficient_capital_for_one_lot,,,,
zero_quantity,000001.SZ,strategy_003_ma_trend_holding_days:v1:000001.SZ:2024-04-09:entry,2024-04-10,insufficient_capital_for_one_lot,,,,
zero_quantity,002475.SZ,strategy_003_ma_trend_holding_days:v1:002475.SZ:2024-04-09:entry,2024-04-10,insufficient_capital_for_one_lot,,,,
signal_conflict,000001.SZ,strategy_003_ma_trend_holding_days:v1:000001.SZ:2024-04-11:entry,2024-04-12,entry_exit_conflict_on_same_day,,,,
partial_exit_due_to_t1_freeze,000001.SZ,strategy_003_ma_trend_holding_days:v1:000001.SZ:2024-04-11:exit,2024-04-12,"partial_exit: requested 5900, only 5800 sellable (frozen 100)",5900,5800,5800,5900
zero_quantity,000002.SZ,strategy_003_ma_trend_holding_days:v1:000002.SZ:2024-04-11:entry,2024-04-12,insufficient_capital_for_one_lot,,,,
zero_quantity,300750.SZ,strategy_003_ma_trend_holding_days:v1:300750.SZ:2024-04-11:entry,2024-04-12,insufficient_capital_for_one_lot,,,,
zero_quantity,002475.SZ,strategy_003_ma_trend_holding_days:v1:002475.SZ:2024-04-11:entry,2024-04-12,insufficient_capital_for_one_lot,,,,
signal_conflict,000001.SZ,strategy_003_ma_trend_holding_days:v1:000001.SZ:2024-04-12:entry,2024-04-15,entry_exit_conflict_on_same_day,,,,
partial_exit_due_to_t1_freeze,300750.SZ,strategy_003_ma_trend_holding_days:v1:300750.SZ:2024-04-16:exit,2024-04-17,"partial_exit: requested 2400, only 1100 sellable (frozen 1300)",2400,1100,1100,2400
partial_exit_due_to_t1_freeze,002475.SZ,strategy_003_ma_trend_holding_days:v1:002475.SZ:2024-04-17:exit,2024-04-18,"partial_exit: requested 1600, only 1300 sellable (frozen 300)",1600,1300,1300,1600
partial_exit_due_to_t1_freeze,300750.SZ,strategy_003_ma_trend_holding_days:v1:300750.SZ:2024-04-18:exit,2024-04-19,"partial_exit: requested 1600, only 1300 sellable (frozen 300)",1600,1300,1300,1600
partial_exit_due_to_t1_freeze,000002.SZ,strategy_003_ma_trend_holding_days:v1:000002.SZ:2024-04-22:exit,2024-04-23,"partial_exit: requested 4600, only 4000 sellable (frozen 600)",4600,4000,4000,4600
partial_exit_due_to_t1_freeze,000001.SZ,strategy_003_ma_trend_holding_days:v1:000001.SZ:2024-04-22:exit,2024-04-23,"partial_exit: requested 3200, only 2600 sellable (frozen 600)",3200,2600,2600,3200
partial_exit_due_to_t1_freeze,000002.SZ,strategy_003_ma_trend_holding_days:v1:000002.SZ:2024-04-24:exit,2024-04-25,"partial_exit: requested 2100, only 600 sellable (frozen 1500)",2100,600,600,2100
partial_exit_due_to_t1_freeze,002475.SZ,strategy_003_ma_trend_holding_days:v1:002475.SZ:2024-04-25:exit,2024-04-26,"partial_exit: requested 2100, only 1500 sellable (frozen 600)",2100,1500,1500,2100
signal_conflict,000002.SZ,strategy_003_ma_trend_holding_days:v1:000002.SZ:2024-04-26:entry,2024-04-29,entry_exit_conflict_on_same_day,,,,
partial_exit_due_to_t1_freeze,000002.SZ,strategy_003_ma_trend_holding_days:v1:000002.SZ:2024-04-26:exit,2024-04-29,"partial_exit: requested 1900, only 1500 sellable (frozen 400)",1900,1500,1500,1900
partial_exit_due_to_t1_freeze,000001.SZ,strategy_003_ma_trend_holding_days:v1:000001.SZ:2024-04-26:exit,2024-04-29,"partial_exit: requested 1100, only 700 sellable (frozen 400)",1100,700,700,1100
signal_conflict,000002.SZ,strategy_003_ma_trend_holding_days:v1:000002.SZ:2024-04-29:entry,2024-04-30,entry_exit_conflict_on_same_day,,,,
signal_conflict,300750.SZ,strategy_003_ma_trend_holding_days:v1:300750.SZ:2024-04-30:entry,2024-05-01,entry_exit_conflict_on_same_day,,,,
partial_exit_due_to_t1_freeze,300750.SZ,strategy_003_ma_trend_holding_days:v1:300750.SZ:2024-04-30:exit,2024-05-01,"partial_exit: requested 4800, only 3900 sellable (frozen 900)",4800,3900,3900,4800
signal_conflict,300750.SZ,strategy_003_ma_trend_holding_days:v1:300750.SZ:2024-05-01:entry,2024-05-02,entry_exit_conflict_on_same_day,,,,
t1_frozen,002475.SZ,strategy_003_ma_trend_holding_days:v1:002475.SZ:2024-05-01:exit,2024-05-02,t1_frozen: all 800 shares frozen,800,0,0,800
partial_exit_due_to_t1_freeze,000001.SZ,strategy_003_ma_trend_holding_days:v1:000001.SZ:2024-05-14:exit,2024-05-15,"partial_exit: requested 900, only 800 sellable (frozen 100)",900,800,800,900
signal_conflict,000002.SZ,strategy_003_ma_trend_holding_days:v1:000002.SZ:2024-05-16:entry,2024-05-17,entry_exit_conflict_on_same_day,,,,
partial_exit_due_to_t1_freeze,000002.SZ,strategy_003_ma_trend_holding_days:v1:000002.SZ:2024-05-16:exit,2024-05-17,"partial_exit: requested 8500, only 8300 sellable (frozen 200)",8500,8300,8300,8500
signal_conflict,000002.SZ,strategy_003_ma_trend_holding_days:v1:000002.SZ:2024-05-17:entry,2024-05-20,entry_exit_conflict_on_same_day,,,,
t1_frozen,000001.SZ,strategy_003_ma_trend_holding_days:v1:000001.SZ:2024-05-20:exit,2024-05-21,t1_frozen: all 1800 shares frozen,1800,0,0,1800
zero_quantity,000001.SZ,strategy_003_ma_trend_holding_days:v1:000001.SZ:2024-05-24:entry,2024-05-27,insufficient_capital_for_one_lot,,,,
zero_quantity,000002.SZ,strategy_003_ma_trend_holding_days:v1:000002.SZ:2024-05-24:entry,2024-05-27,insufficient_capital_for_one_lot,,,,
partial_exit_due_to_t1_freeze,002475.SZ,strategy_003_ma_trend_holding_days:v1:002475.SZ:2024-05-24:exit,2024-05-27,"partial_exit: requested 4300, only 4200 sellable (frozen 100)",4300,4200,4200,4300
zero_quantity,000001.SZ,strategy_003_ma_trend_holding_days:v1:000001.SZ:2024-05-31:entry,2024-06-03,insufficient_capital_for_one_lot,,,,
zero_quantity,000002.SZ,strategy_003_ma_trend_holding_days:v1:000002.SZ:2024-05-31:entry,2024-06-03,insufficient_capital_for_one_lot,,,,
zero_quantity,600519.SH,strategy_003_ma_trend_holding_days:v1:600519.SH:2024-05-31:entry,2024-06-03,insufficient_capital_for_one_lot,,,,
zero_quantity,300750.SZ,strategy_003_ma_trend_holding_days:v1:300750.SZ:2024-05-31:entry,2024-06-03,insufficient_capital_for_one_lot,,,,
zero_quantity,002475.SZ,strategy_003_ma_trend_holding_days:v1:002475.SZ:2024-05-31:entry,2024-06-03,insufficient_capital_for_one_lot,,,,
zero_quantity,000001.SZ,strategy_003_ma_trend_holding_days:v1:000001.SZ:2024-06-03:entry,2024-06-04,insufficient_capital_for_one_lot,,,,
zero_quantity,000002.SZ,strategy_003_ma_trend_holding_days:v1:000002.SZ:2024-06-03:entry,2024-06-04,insufficient_capital_for_one_lot,,,,
zero_quantity,600519.SH,strategy_003_ma_trend_holding_days:v1:600519.SH:2024-06-03:entry,2024-06-04,insufficient_capital_for_one_lot,,,,
zero_quantity,002475.SZ,strategy_003_ma_trend_holding_days:v1:002475.SZ:2024-06-03:entry,2024-06-04,insufficient_capital_for_one_lot,,,,
signal_conflict,000001.SZ,strategy_003_ma_trend_holding_days:v1:000001.SZ:2024-06-04:entry,2024-06-05,entry_exit_conflict_on_same_day,,,,
partial_exit_due_to_t1_freeze,002475.SZ,strategy_003_ma_trend_holding_days:v1:002475.SZ:2024-06-05:exit,2024-06-06,"partial_exit: requested 1900, only 1400 sellable (frozen 500)",1900,1400,1400,1900
t1_frozen,300750.SZ,strategy_003_ma_trend_holding_days:v1:300750.SZ:2024-06-06:exit,2024-06-07,t1_frozen: all 1200 shares frozen,1200,0,0,1200
zero_quantity,002475.SZ,strategy_003_ma_trend_holding_days:v1:002475.SZ:2024-06-11:entry,2024-06-12,insufficient_capital_for_one_lot,,,,
zero_quantity,000001.SZ,strategy_003_ma_trend_holding_days:v1:000001.SZ:2024-06-12:entry,2024-06-13,insufficient_capital_for_one_lot,,,,
zero_quantity,000002.SZ,strategy_003_ma_trend_holding_days:v1:000002.SZ:2024-06-12:entry,2024-06-13,insufficient_capital_for_one_lot,,,,
zero_quantity,600519.SH,strategy_003_ma_trend_holding_days:v1:600519.SH:2024-06-12:entry,2024-06-13,insufficient_capital_for_one_lot,,,,
zero_quantity,002475.SZ,strategy_003_ma_trend_holding_days:v1:002475.SZ:2024-06-12:entry,2024-06-13,insufficient_capital_for_one_lot,,,,
zero_quantity,000001.SZ,strategy_003_ma_trend_holding_days:v1:000001.SZ:2024-06-13:entry,2024-06-14,insufficient_capital_for_one_lot,,,,
zero_quantity,000002.SZ,strategy_003_ma_trend_holding_days:v1:000002.SZ:2024-06-13:entry,2024-06-14,insufficient_capital_for_one_lot,,,,
zero_quantity,600519.SH,strategy_003_ma_trend_holding_days:v1:600519.SH:2024-06-13:entry,2024-06-14,insufficient_capital_for_one_lot,,,,
signal_conflict,002475.SZ,strategy_003_ma_trend_holding_days:v1:002475.SZ:2024-06-13:entry,2024-06-14,entry_exit_conflict_on_same_day,,,,
zero_quantity,000001.SZ,strategy_003_ma_trend_holding_days:v1:000001.SZ:2024-06-17:entry,2024-06-18,insufficient_capital_for_one_lot,,,,
zero_quantity,000002.SZ,strategy_003_ma_trend_holding_days:v1:000002.SZ:2024-06-17:entry,2024-06-18,insufficient_capital_for_one_lot,,,,
zero_quantity,600036.SH,strategy_003_ma_trend_holding_days:v1:600036.SH:2024-06-17:entry,2024-06-18,insufficient_capital_for_one_lot,,,,
zero_quantity,002475.SZ,strategy_003_ma_trend_holding_days:v1:002475.SZ:2024-06-17:entry,2024-06-18,insufficient_capital_for_one_lot,,,,
partial_exit_due_to_t1_freeze,600519.SH,strategy_003_ma_trend_holding_days:v1:600519.SH:2024-06-17:exit,2024-06-18,"partial_exit: requested 3500, only 3200 sellable (frozen 300)",3500,3200,3200,3500
zero_quantity,000001.SZ,strategy_003_ma_trend_holding_days:v1:000001.SZ:2024-06-20:entry,2024-06-21,insufficient_capital_for_one_lot,,,,
signal_conflict,000002.SZ,strategy_003_ma_trend_holding_days:v1:000002.SZ:2024-06-20:entry,2024-06-21,entry_exit_conflict_on_same_day,,,,
partial_exit_due_to_t1_freeze,000002.SZ,strategy_003_ma_trend_holding_days:v1:000002.SZ:2024-06-20:exit,2024-06-21,"partial_exit: requested 4000, only 3800 sellable (frozen 200)",4000,3800,3800,4000
partial_exit_due_to_t1_freeze,600036.SH,strategy_003_ma_trend_holding_days:v1:600036.SH:2024-06-20:exit,2024-06-21,"partial_exit: requested 1100, only 900 sellable (frozen 200)",1100,900,900,1100
partial_exit_due_to_t1_freeze,002475.SZ,strategy_003_ma_trend_holding_days:v1:002475.SZ:2024-06-20:exit,2024-06-21,"partial_exit: requested 900, only 700 sellable (frozen 200)",900,700,700,900
signal_conflict,000001.SZ,strategy_003_ma_trend_holding_days:v1:000001.SZ:2024-06-21:entry,2024-06-24,entry_exit_conflict_on_same_day,,,,
signal_conflict,000002.SZ,strategy_003_ma_trend_holding_days:v1:000002.SZ:2024-06-21:entry,2024-06-24,entry_exit_conflict_on_same_day,,,,
t1_frozen,000002.SZ,strategy_003_ma_trend_holding_days:v1:000002.SZ:2024-06-25:exit,2024-06-26,t1_frozen: all 1700 shares frozen,1700,0,0,1700
partial_exit_due_to_t1_freeze,002475.SZ,strategy_003_ma_trend_holding_days:v1:002475.SZ:2024-07-02:exit,2024-07-03,"partial_exit: requested 5700, only 5400 sellable (frozen 300)",5700,5400,5400,5700
t1_frozen,601318.SH,strategy_003_ma_trend_holding_days:v1:601318.SH:2024-07-03:exit,2024-07-04,t1_frozen: all 200 shares frozen,200,0,0,200
partial_exit_due_to_t1_freeze,000001.SZ,strategy_003_ma_trend_holding_days:v1:000001.SZ:2024-07-04:exit,2024-07-05,"partial_exit: requested 3900, only 2600 sellable (frozen 1300)",3900,2600,2600,3900
t1_frozen,300750.SZ,strategy_003_ma_trend_holding_days:v1:300750.SZ:2024-07-11:exit,2024-07-12,t1_frozen: all 800 shares frozen,800,0,0,800
signal_conflict,000001.SZ,strategy_003_ma_trend_holding_days:v1:000001.SZ:2024-07-12:entry,2024-07-15,entry_exit_conflict_on_same_day,,,,
partial_exit_due_to_t1_freeze,000001.SZ,strategy_003_ma_trend_holding_days:v1:000001.SZ:2024-07-12:exit,2024-07-15,"partial_exit: requested 6600, only 6100 sellable (frozen 500)",6600,6100,6100,6600
signal_conflict,000001.SZ,strategy_003_ma_trend_holding_days:v1:000001.SZ:2024-07-15:entry,2024-07-16,entry_exit_conflict_on_same_day,,,,
partial_exit_due_to_t1_freeze,601318.SH,strategy_003_ma_trend_holding_days:v1:601318.SH:2024-07-18:exit,2024-07-19,"partial_exit: requested 4800, only 3900 sellable (frozen 900)",4800,3900,3900,4800
partial_exit_due_to_t1_freeze,601318.SH,strategy_003_ma_trend_holding_days:v1:601318.SH:2024-07-22:exit,2024-07-23,"partial_exit: requested 1900, only 900 sellable (frozen 1000)",1900,900,900,1900
partial_exit_due_to_t1_freeze,000001.SZ,strategy_003_ma_trend_holding_days:v1:000001.SZ:2024-07-24:exit,2024-07-25,"partial_exit: requested 4300, only 4000 sellable (frozen 300)",4300,4000,4000,4300
partial_exit_due_to_t1_freeze,002475.SZ,strategy_003_ma_trend_holding_days:v1:002475.SZ:2024-07-26:exit,2024-07-29,"partial_exit: requested 1800, only 900 sellable (frozen 900)",1800,900,900,1800
zero_quantity,000002.SZ,strategy_003_ma_trend_holding_days:v1:000002.SZ:2024-07-31:entry,2024-08-01,insufficient_capital_for_one_lot,,,,
partial_exit_due_to_t1_freeze,000001.SZ,strategy_003_ma_trend_holding_days:v1:000001.SZ:2024-07-31:exit,2024-08-01,"partial_exit: requested 1300, only 700 sellable (frozen 600)",1300,700,700,1300
t1_frozen,600519.SH,strategy_003_ma_trend_holding_days:v1:600519.SH:2024-07-31:exit,2024-08-01,t1_frozen: all 700 shares frozen,700,0,0,700
t1_frozen,600036.SH,strategy_003_ma_trend_holding_days:v1:600036.SH:2024-07-31:exit,2024-08-01,t1_frozen: all 600 shares frozen,600,0,0,600
t1_frozen,300750.SZ,strategy_003_ma_trend_holding_days:v1:300750.SZ:2024-07-31:exit,2024-08-01,t1_frozen: all 600 shares frozen,600,0,0,600
t1_frozen,601318.SH,strategy_003_ma_trend_holding_days:v1:601318.SH:2024-07-31:exit,2024-08-01,t1_frozen: all 500 shares frozen,500,0,0,500
partial_exit_due_to_t1_freeze,002475.SZ,strategy_003_ma_trend_holding_days:v1:002475.SZ:2024-08-19:exit,2024-08-20,"partial_exit: requested 2000, only 1900 sellable (frozen 100)",2000,1900,1900,2000
signal_conflict,000001.SZ,strategy_003_ma_trend_holding_days:v1:000001.SZ:2024-08-23:entry,2024-08-26,entry_exit_conflict_on_same_day,,,,
partial_exit_due_to_t1_freeze,000001.SZ,strategy_003_ma_trend_holding_days:v1:000001.SZ:2024-08-23:exit,2024-08-26,"partial_exit: requested 8000, only 7700 sellable (frozen 300)",8000,7700,7700,8000
signal_conflict,000001.SZ,strategy_003_ma_trend_holding_days:v1:000001.SZ:2024-08-26:entry,2024-08-27,entry_exit_conflict_on_same_day,,,,
zero_quantity,000001.SZ,strategy_003_ma_trend_holding_days:v1:000001.SZ:2024-09-05:entry,2024-09-06,insufficient_capital_for_one_lot,,,,
zero_quantity,000002.SZ,strategy_003_ma_trend_holding_days:v1:000002.SZ:2024-09-05:entry,2024-09-06,insufficient_capital_for_one_lot,,,,
zero_quantity,002475.SZ,strategy_003_ma_trend_holding_days:v1:002475.SZ:2024-09-05:entry,2024-09-06,insufficient_capital_for_one_lot,,,,
zero_quantity,000002.SZ,strategy_003_ma_trend_holding_days:v1:000002.SZ:2024-09-06:entry,2024-09-09,insufficient_capital_for_one_lot,,,,
zero_quantity,002475.SZ,strategy_003_ma_trend_holding_days:v1:002475.SZ:2024-09-06:entry,2024-09-09,insufficient_capital_for_one_lot,,,,
signal_conflict,000002.SZ,strategy_003_ma_trend_holding_days:v1:000002.SZ:2024-09-10:entry,2024-09-11,entry_exit_conflict_on_same_day,,,,
partial_exit_due_to_t1_freeze,000002.SZ,strategy_003_ma_trend_holding_days:v1:000002.SZ:2024-09-10:exit,2024-09-11,"partial_exit: requested 6500, only 5800 sellable (frozen 700)",6500,5800,5800,6500
signal_conflict,000002.SZ,strategy_003_ma_trend_holding_days:v1:000002.SZ:2024-09-11:entry,2024-09-12,entry_exit_conflict_on_same_day,,,,
partial_exit_due_to_t1_freeze,002475.SZ,strategy_003_ma_trend_holding_days:v1:002475.SZ:2024-09-16:exit,2024-09-17,"partial_exit: requested 3600, only 3000 sellable (frozen 600)",3600,3000,3000,3600
partial_exit_due_to_t1_freeze,300750.SZ,strategy_003_ma_trend_holding_days:v1:300750.SZ:2024-09-17:exit,2024-09-18,"partial_exit: requested 2400, only 2200 sellable (frozen 200)",2400,2200,2200,2400
partial_exit_due_to_t1_freeze,300750.SZ,strategy_003_ma_trend_holding_days:v1:300750.SZ:2024-09-19:exit,2024-09-20,"partial_exit: requested 1200, only 200 sellable (frozen 1000)",1200,200,200,1200
partial_exit_due_to_t1_freeze,600036.SH,strategy_003_ma_trend_holding_days:v1:600036.SH:2024-09-24:exit,2024-09-25,"partial_exit: requested 600, only 300 sellable (frozen 300)",600,300,300,600
zero_quantity,002475.SZ,strategy_003_ma_trend_holding_days:v1:002475.SZ:2024-09-25:entry,2024-09-26,insufficient_capital_for_one_lot,,,,
zero_quantity,000002.SZ,strategy_003_ma_trend_holding_days:v1:000002.SZ:2024-09-26:entry,2024-09-27,insufficient_capital_for_one_lot,,,,
zero_quantity,600036.SH,strategy_003_ma_trend_holding_days:v1:600036.SH:2024-09-26:entry,2024-09-27,insufficient_capital_for_one_lot,,,,
zero_quantity,601318.SH,strategy_003_ma_trend_holding_days:v1:601318.SH:2024-09-26:entry,2024-09-27,insufficient_capital_for_one_lot,,,,
signal_conflict,000002.SZ,strategy_003_ma_trend_holding_days:v1:000002.SZ:2024-09-30:entry,2024-10-01,entry_exit_conflict_on_same_day,,,,
partial_exit_due_to_t1_freeze,000002.SZ,strategy_003_ma_trend_holding_days:v1:000002.SZ:2024-09-30:exit,2024-10-01,"partial_exit: requested 6000, only 5300 sellable (frozen 700)",6000,5300,5300,6000
signal_conflict,000002.SZ,strategy_003_ma_trend_holding_days:v1:000002.SZ:2024-10-01:entry,2024-10-02,entry_exit_conflict_on_same_day,,,,
zero_quantity,000002.SZ,strategy_003_ma_trend_holding_days:v1:000002.SZ:2024-10-03:entry,2024-10-04,insufficient_capital_for_one_lot,,,,
zero_quantity,600519.SH,strategy_003_ma_trend_holding_days:v1:600519.SH:2024-10-03:entry,2024-10-04,insufficient_capital_for_one_lot,,,,
zero_quantity,600036.SH,strategy_003_ma_trend_holding_days:v1:600036.SH:2024-10-03:entry,2024-10-04,insufficient_capital_for_one_lot,,,,
zero_quantity,601318.SH,strategy_003_ma_trend_holding_days:v1:601318.SH:2024-10-03:entry,2024-10-04,insufficient_capital_for_one_lot,,,,
zero_quantity,002475.SZ,strategy_003_ma_trend_holding_days:v1:002475.SZ:2024-10-03:entry,2024-10-04,insufficient_capital_for_one_lot,,,,
zero_quantity,000002.SZ,strategy_003_ma_trend_holding_days:v1:000002.SZ:2024-10-04:entry,2024-10-07,insufficient_capital_for_one_lot,,,,
zero_quantity,600519.SH,strategy_003_ma_trend_holding_days:v1:600519.SH:2024-10-04:entry,2024-10-07,insufficient_capital_for_one_lot,,,,
zero_quantity,600036.SH,strategy_003_ma_trend_holding_days:v1:600036.SH:2024-10-04:entry,2024-10-07,insufficient_capital_for_one_lot,,,,
zero_quantity,601318.SH,strategy_003_ma_trend_holding_days:v1:601318.SH:2024-10-04:entry,2024-10-07,insufficient_capital_for_one_lot,,,,
zero_quantity,002475.SZ,strategy_003_ma_trend_holding_days:v1:002475.SZ:2024-10-04:entry,2024-10-07,insufficient_capital_for_one_lot,,,,
zero_quantity,000002.SZ,strategy_003_ma_trend_holding_days:v1:000002.SZ:2024-10-07:entry,2024-10-08,insufficient_capital_for_one_lot,,,,
zero_quantity,600519.SH,strategy_003_ma_trend_holding_days:v1:600519.SH:2024-10-07:entry,2024-10-08,insufficient_capital_for_one_lot,,,,
zero_quantity,600036.SH,strategy_003_ma_trend_holding_days:v1:600036.SH:2024-10-07:entry,2024-10-08,insufficient_capital_for_one_lot,,,,
zero_quantity,601318.SH,strategy_003_ma_trend_holding_days:v1:601318.SH:2024-10-07:entry,2024-10-08,insufficient_capital_for_one_lot,,,,
zero_quantity,002475.SZ,strategy_003_ma_trend_holding_days:v1:002475.SZ:2024-10-07:entry,2024-10-08,insufficient_capital_for_one_lot,,,,
zero_quantity,000002.SZ,strategy_003_ma_trend_holding_days:v1:000002.SZ:2024-10-08:entry,2024-10-09,insufficient_capital_for_one_lot,,,,
zero_quantity,600519.SH,strategy_003_ma_trend_holding_days:v1:600519.SH:2024-10-08:entry,2024-10-09,insufficient_capital_for_one_lot,,,,
signal_conflict,600036.SH,strategy_003_ma_trend_holding_days:v1:600036.SH:2024-10-08:entry,2024-10-09,entry_exit_conflict_on_same_day,,,,
zero_quantity,601318.SH,strategy_003_ma_trend_holding_days:v1:601318.SH:2024-10-08:entry,2024-10-09,insufficient_capital_for_one_lot,,,,
zero_quantity,002475.SZ,strategy_003_ma_trend_holding_days:v1:002475.SZ:2024-10-08:entry,2024-10-09,insufficient_capital_for_one_lot,,,,
signal_conflict,601318.SH,strategy_003_ma_trend_holding_days:v1:601318.SH:2024-10-09:entry,2024-10-10,entry_exit_conflict_on_same_day,,,,
t1_frozen,300750.SZ,strategy_003_ma_trend_holding_days:v1:300750.SZ:2024-10-10:exit,2024-10-11,t1_frozen: all 600 shares frozen,600,0,0,600
zero_quantity,000002.SZ,strategy_003_ma_trend_holding_days:v1:000002.SZ:2024-10-11:entry,2024-10-14,insufficient_capital_for_one_lot,,,,
zero_quantity,600519.SH,strategy_003_ma_trend_holding_days:v1:600519.SH:2024-10-11:entry,2024-10-14,insufficient_capital_for_one_lot,,,,
zero_quantity,600036.SH,strategy_003_ma_trend_holding_days:v1:600036.SH:2024-10-11:entry,2024-10-14,insufficient_capital_for_one_lot,,,,
zero_quantity,300750.SZ,strategy_003_ma_trend_holding_days:v1:300750.SZ:2024-10-11:entry,2024-10-14,insufficient_capital_for_one_lot,,,,
zero_quantity,601318.SH,strategy_003_ma_trend_holding_days:v1:601318.SH:2024-10-11:entry,2024-10-14,insufficient_capital_for_one_lot,,,,
partial_exit_due_to_t1_freeze,002475.SZ,strategy_003_ma_trend_holding_days:v1:002475.SZ:2024-10-11:exit,2024-10-14,"partial_exit: requested 1500, only 1000 sellable (frozen 500)",1500,1000,1000,1500
signal_conflict,600519.SH,strategy_003_ma_trend_holding_days:v1:600519.SH:2024-10-15:entry,2024-10-16,entry_exit_conflict_on_same_day,,,,
partial_exit_due_to_t1_freeze,600519.SH,strategy_003_ma_trend_holding_days:v1:600519.SH:2024-10-15:exit,2024-10-16,"partial_exit: requested 4600, only 4400 sellable (frozen 200)",4600,4400,4400,4600
signal_conflict,600519.SH,strategy_003_ma_trend_holding_days:v1:600519.SH:2024-10-16:entry,2024-10-17,entry_exit_conflict_on_same_day,,,,
zero_quantity,000001.SZ,strategy_003_ma_trend_holding_days:v1:000001.SZ:2024-10-18:entry,2024-10-21,insufficient_capital_for_one_lot,,,,
signal_conflict,000002.SZ,strategy_003_ma_trend_holding_days:v1:000002.SZ:2024-10-18:entry,2024-10-21,entry_exit_conflict_on_same_day,,,,
partial_exit_due_to_t1_freeze,000002.SZ,strategy_003_ma_trend_holding_days:v1:000002.SZ:2024-10-18:exit,2024-10-21,"partial_exit: requested 3100, only 2900 sellable (frozen 200)",3100,2900,2900,3100
zero_quantity,600519.SH,strategy_003_ma_trend_holding_days:v1:600519.SH:2024-10-18:entry,2024-10-21,insufficient_capital_for_one_lot,,,,
zero_quantity,600036.SH,strategy_003_ma_trend_holding_days:v1:600036.SH:2024-10-18:entry,2024-10-21,insufficient_capital_for_one_lot,,,,
zero_quantity,300750.SZ,strategy_003_ma_trend_holding_days:v1:300750.SZ:2024-10-18:entry,2024-10-21,insufficient_capital_for_one_lot,,,,
zero_quantity,601318.SH,strategy_003_ma_trend_holding_days:v1:601318.SH:2024-10-18:entry,2024-10-21,insufficient_capital_for_one_lot,,,,
signal_conflict,000002.SZ,strategy_003_ma_trend_holding_days:v1:000002.SZ:2024-10-21:entry,2024-10-22,entry_exit_conflict_on_same_day,,,,
zero_quantity,000001.SZ,strategy_003_ma_trend_holding_days:v1:000001.SZ:2024-10-22:entry,2024-10-23,insufficient_capital_for_one_lot,,,,
zero_quantity,000002.SZ,strategy_003_ma_trend_holding_days:v1:000002.SZ:2024-10-22:entry,2024-10-23,insufficient_capital_for_one_lot,,,,
zero_quantity,600519.SH,strategy_003_ma_trend_holding_days:v1:600519.SH:2024-10-22:entry,2024-10-23,insufficient_capital_for_one_lot,,,,
zero_quantity,600036.SH,strategy_003_ma_trend_holding_days:v1:600036.SH:2024-10-22:entry,2024-10-23,insufficient_capital_for_one_lot,,,,
zero_quantity,300750.SZ,strategy_003_ma_trend_holding_days:v1:300750.SZ:2024-10-22:entry,2024-10-23,insufficient_capital_for_one_lot,,,,
zero_quantity,601318.SH,strategy_003_ma_trend_holding_days:v1:601318.SH:2024-10-22:entry,2024-10-23,insufficient_capital_for_one_lot,,,,
zero_quantity,000002.SZ,strategy_003_ma_trend_holding_days:v1:000002.SZ:2024-10-23:entry,2024-10-24,insufficient_capital_for_one_lot,,,,
zero_quantity,600519.SH,strategy_003_ma_trend_holding_days:v1:600519.SH:2024-10-23:entry,2024-10-24,insufficient_capital_for_one_lot,,,,
zero_quantity,600036.SH,strategy_003_ma_trend_holding_days:v1:600036.SH:2024-10-23:entry,2024-10-24,insufficient_capital_for_one_lot,,,,
zero_quantity,300750.SZ,strategy_003_ma_trend_holding_days:v1:300750.SZ:2024-10-23:entry,2024-10-24,insufficient_capital_for_one_lot,,,,
zero_quantity,601318.SH,strategy_003_ma_trend_holding_days:v1:601318.SH:2024-10-23:entry,2024-10-24,insufficient_capital_for_one_lot,,,,
zero_quantity,002475.SZ,strategy_003_ma_trend_holding_days:v1:002475.SZ:2024-10-23:entry,2024-10-24,insufficient_capital_for_one_lot,,,,
zero_quantity,000002.SZ,strategy_003_ma_trend_holding_days:v1:000002.SZ:2024-10-25:entry,2024-10-28,insufficient_capital_for_one_lot,,,,
zero_quantity,600519.SH,strategy_003_ma_trend_holding_days:v1:600519.SH:2024-10-25:entry,2024-10-28,insufficient_capital_for_one_lot,,,,
signal_conflict,600036.SH,strategy_003_ma_trend_holding_days:v1:600036.SH:2024-10-25:entry,2024-10-28,entry_exit_conflict_on_same_day,,,,
partial_exit_due_to_t1_freeze,600036.SH,strategy_003_ma_trend_holding_days:v1:600036.SH:2024-10-25:exit,2024-10-28,"partial_exit: requested 2900, only 2500 sellable (frozen 400)",2900,2500,2500,2900
signal_conflict,300750.SZ,strategy_003_ma_trend_holding_days:v1:300750.SZ:2024-10-25:entry,2024-10-28,entry_exit_conflict_on_same_day,,,,
partial_exit_due_to_t1_freeze,300750.SZ,strategy_003_ma_trend_holding_days:v1:300750.SZ:2024-10-25:exit,2024-10-28,"partial_exit: requested 2800, only 2500 sellable (frozen 300)",2800,2500,2500,2800
zero_quantity,601318.SH,strategy_003_ma_trend_holding_days:v1:601318.SH:2024-10-25:entry,2024-10-28,insufficient_capital_for_one_lot,,,,
zero_quantity,002475.SZ,strategy_003_ma_trend_holding_days:v1:002475.SZ:2024-10-25:entry,2024-10-28,insufficient_capital_for_one_lot,,,,
signal_conflict,600036.SH,strategy_003_ma_trend_holding_days:v1:600036.SH:2024-10-28:entry,2024-10-29,entry_exit_conflict_on_same_day,,,,
signal_conflict,300750.SZ,strategy_003_ma_trend_holding_days:v1:300750.SZ:2024-10-28:entry,2024-10-29,entry_exit_conflict_on_same_day,,,,
signal_conflict,601318.SH,strategy_003_ma_trend_holding_days:v1:601318.SH:2024-10-28:entry,2024-10-29,entry_exit_conflict_on_same_day,,,,
zero_quantity,000001.SZ,strategy_003_ma_trend_holding_days:v1:000001.SZ:2024-10-30:entry,2024-10-31,insufficient_capital_for_one_lot,,,,
zero_quantity,000002.SZ,strategy_003_ma_trend_holding_days:v1:000002.SZ:2024-10-30:entry,2024-10-31,insufficient_capital_for_one_lot,,,,
zero_quantity,600519.SH,strategy_003_ma_trend_holding_days:v1:600519.SH:2024-10-30:entry,2024-10-31,insufficient_capital_for_one_lot,,,,
zero_quantity,600036.SH,strategy_003_ma_trend_holding_days:v1:600036.SH:2024-10-30:entry,2024-10-31,insufficient_capital_for_one_lot,,,,
zero_quantity,300750.SZ,strategy_003_ma_trend_holding_days:v1:300750.SZ:2024-10-30:entry,2024-10-31,insufficient_capital_for_one_lot,,,,
zero_quantity,601318.SH,strategy_003_ma_trend_holding_days:v1:601318.SH:2024-10-30:entry,2024-10-31,insufficient_capital_for_one_lot,,,,
zero_quantity,000001.SZ,strategy_003_ma_trend_holding_days:v1:000001.SZ:2024-10-31:entry,2024-11-01,insufficient_capital_for_one_lot,,,,
zero_quantity,000002.SZ,strategy_003_ma_trend_holding_days:v1:000002.SZ:2024-10-31:entry,2024-11-01,insufficient_capital_for_one_lot,,,,
zero_quantity,600519.SH,strategy_003_ma_trend_holding_days:v1:600519.SH:2024-10-31:entry,2024-11-01,insufficient_capital_for_one_lot,,,,
zero_quantity,600036.SH,strategy_003_ma_trend_holding_days:v1:600036.SH:2024-10-31:entry,2024-11-01,insufficient_capital_for_one_lot,,,,
zero_quantity,300750.SZ,strategy_003_ma_trend_holding_days:v1:300750.SZ:2024-10-31:entry,2024-11-01,insufficient_capital_for_one_lot,,,,
zero_quantity,601318.SH,strategy_003_ma_trend_holding_days:v1:601318.SH:2024-10-31:entry,2024-11-01,insufficient_capital_for_one_lot,,,,
zero_quantity,000001.SZ,strategy_003_ma_trend_holding_days:v1:000001.SZ:2024-11-01:entry,2024-11-04,insufficient_capital_for_one_lot,,,,
zero_quantity,000002.SZ,strategy_003_ma_trend_holding_days:v1:000002.SZ:2024-11-01:entry,2024-11-04,insufficient_capital_for_one_lot,,,,
zero_quantity,600519.SH,strategy_003_ma_trend_holding_days:v1:600519.SH:2024-11-01:entry,2024-11-04,insufficient_capital_for_one_lot,,,,
zero_quantity,600036.SH,strategy_003_ma_trend_holding_days:v1:600036.SH:2024-11-01:entry,2024-11-04,insufficient_capital_for_one_lot,,,,
zero_quantity,300750.SZ,strategy_003_ma_trend_holding_days:v1:300750.SZ:2024-11-01:entry,2024-11-04,insufficient_capital_for_one_lot,,,,
zero_quantity,601318.SH,strategy_003_ma_trend_holding_days:v1:601318.SH:2024-11-01:entry,2024-11-04,insufficient_capital_for_one_lot,,,,
zero_quantity,002475.SZ,strategy_003_ma_trend_holding_days:v1:002475.SZ:2024-11-01:entry,2024-11-04,insufficient_capital_for_one_lot,,,,
zero_quantity,000001.SZ,strategy_003_ma_trend_holding_days:v1:000001.SZ:2024-11-04:entry,2024-11-05,insufficient_capital_for_one_lot,,,,
zero_quantity,000002.SZ,strategy_003_ma_trend_holding_days:v1:000002.SZ:2024-11-04:entry,2024-11-05,insufficient_capital_for_one_lot,,,,
signal_conflict,600519.SH,strategy_003_ma_trend_holding_days:v1:600519.SH:2024-11-04:entry,2024-11-05,entry_exit_conflict_on_same_day,,,,
zero_quantity,600036.SH,strategy_003_ma_trend_holding_days:v1:600036.SH:2024-11-04:entry,2024-11-05,insufficient_capital_for_one_lot,,,,
zero_quantity,300750.SZ,strategy_003_ma_trend_holding_days:v1:300750.SZ:2024-11-04:entry,2024-11-05,insufficient_capital_for_one_lot,,,,
zero_quantity,601318.SH,strategy_003_ma_trend_holding_days:v1:601318.SH:2024-11-04:entry,2024-11-05,insufficient_capital_for_one_lot,,,,
zero_quantity,000001.SZ,strategy_003_ma_trend_holding_days:v1:000001.SZ:2024-11-06:entry,2024-11-07,insufficient_capital_for_one_lot,,,,
zero_quantity,600519.SH,strategy_003_ma_trend_holding_days:v1:600519.SH:2024-11-06:entry,2024-11-07,insufficient_capital_for_one_lot,,,,
zero_quantity,600036.SH,strategy_003_ma_trend_holding_days:v1:600036.SH:2024-11-06:entry,2024-11-07,insufficient_capital_for_one_lot,,,,
zero_quantity,300750.SZ,strategy_003_ma_trend_holding_days:v1:300750.SZ:2024-11-06:entry,2024-11-07,insufficient_capital_for_one_lot,,,,
zero_quantity,601318.SH,strategy_003_ma_trend_holding_days:v1:601318.SH:2024-11-06:entry,2024-11-07,insufficient_capital_for_one_lot,,,,
zero_quantity,002475.SZ,strategy_003_ma_trend_holding_days:v1:002475.SZ:2024-11-06:entry,2024-11-07,insufficient_capital_for_one_lot,,,,
partial_exit_due_to_t1_freeze,000002.SZ,strategy_003_ma_trend_holding_days:v1:000002.SZ:2024-11-06:exit,2024-11-07,"partial_exit: requested 2900, only 2300 sellable (frozen 600)",2900,2300,2300,2900
zero_quantity,000001.SZ,strategy_003_ma_trend_holding_days:v1:000001.SZ:2024-11-08:entry,2024-11-11,insufficient_capital_for_one_lot,,,,
zero_quantity,600519.SH,strategy_003_ma_trend_holding_days:v1:600519.SH:2024-11-08:entry,2024-11-11,insufficient_capital_for_one_lot,,,,
zero_quantity,600036.SH,strategy_003_ma_trend_holding_days:v1:600036.SH:2024-11-08:entry,2024-11-11,insufficient_capital_for_one_lot,,,,
zero_quantity,300750.SZ,strategy_003_ma_trend_holding_days:v1:300750.SZ:2024-11-08:entry,2024-11-11,insufficient_capital_for_one_lot,,,,
zero_quantity,601318.SH,strategy_003_ma_trend_holding_days:v1:601318.SH:2024-11-08:entry,2024-11-11,insufficient_capital_for_one_lot,,,,
zero_quantity,002475.SZ,strategy_003_ma_trend_holding_days:v1:002475.SZ:2024-11-08:entry,2024-11-11,insufficient_capital_for_one_lot,,,,
partial_exit_due_to_t1_freeze,000002.SZ,strategy_003_ma_trend_holding_days:v1:000002.SZ:2024-11-08:exit,2024-11-11,"partial_exit: requested 1000, only 600 sellable (frozen 400)",1000,600,600,1000
zero_quantity,000001.SZ,strategy_003_ma_trend_holding_days:v1:000001.SZ:2024-11-12:entry,2024-11-13,insufficient_capital_for_one_lot,,,,
zero_quantity,002475.SZ,strategy_003_ma_trend_holding_days:v1:002475.SZ:2024-11-12:entry,2024-11-13,insufficient_capital_for_one_lot,,,,
partial_exit_due_to_t1_freeze,300750.SZ,strategy_003_ma_trend_holding_days:v1:300750.SZ:2024-11-12:exit,2024-11-13,"partial_exit: requested 2200, only 2100 sellable (frozen 100)",2200,2100,2100,2200
