trade_id,order_id,symbol,direction,quantity,price,trade_date,gross_amount,commission,stamp_duty,transfer_fee,total_fee,net_cash_flow
trade:order:strategy_003_ma_trend_holding_days:v1:600519.SH:2023-01-04:entry:2023-01-05,order:strategy_003_ma_trend_holding_days:v1:600519.SH:2023-01-04:entry:2023-01-05,600519.SH,buy,1600,11.97,2023-01-05,19150.91,5.75,0.00,0.00,5.75,-19156.65
trade:order:strategy_003_ma_trend_holding_days:v1:600036.SH:2023-01-04:entry:2023-01-05,order:strategy_003_ma_trend_holding_days:v1:600036.SH:2023-01-04:entry:2023-01-05,600036.SH,buy,1600,12.00,2023-01-05,19200.21,5.76,0.00,0.00,5.76,-19205.97
trade:order:strategy_003_ma_trend_holding_days:v1:002475.SZ:2023-01-04:entry:2023-01-05,order:strategy_003_ma_trend_holding_days:v1:002475.SZ:2023-01-04:entry:2023-01-05,002475.SZ,buy,1300,15.14,2023-01-05,19678.24,5.90,0.00,0.00,5.90,-19684.15
trade:order:strategy_003_ma_trend_holding_days:v1:000001.SZ:2023-01-05:entry:2023-01-06,order:strategy_003_ma_trend_holding_days:v1:000001.SZ:2023-01-05:entry:2023-01-06,000001.SZ,buy,800,10.22,2023-01-06,8173.55,5.00,0.00,0.00,5.00,-8178.55
trade:order:strategy_003_ma_trend_holding_days:v1:600519.SH:2023-01-05:entry:2023-01-06,order:strategy_003_ma_trend_holding_days:v1:600519.SH:2023-01-05:entry:2023-01-06,600519.SH,buy,600,11.98,2023-01-06,7190.25,5.00,0.00,0.00,5.00,-7195.25
trade:order:strategy_003_ma_trend_holding_days:v1:600036.SH:2023-01-05:entry:2023-01-06,order:strategy_003_ma_trend_holding_days:v1:600036.SH:2023-01-05:entry:2023-01-06,600036.SH,buy,600,12.05,2023-01-06,7231.67,5.00,0.00,0.00,5.00,-7236.67
trade:order:strategy_003_ma_trend_holding_days:v1:601318.SH:2023-01-05:entry:2023-01-06,order:strategy_003_ma_trend_holding_days:v1:601318.SH:2023-01-05:entry:2023-01-06,601318.SH,buy,600,11.96,2023-01-06,7174.17,5.00,0.00,0.00,5.00,-7179.17
trade:order:strategy_003_ma_trend_holding_days:v1:002475.SZ:2023-01-05:entry:2023-01-06,order:strategy_003_ma_trend_holding_days:v1:002475.SZ:2023-01-05:entry:2023-01-06,002475.SZ,buy,500,15.06,2023-01-06,7529.29,5.00,0.00,0.00,5.00,-7534.29
trade:order:strategy_003_ma_trend_holding_days:v1:600519.SH:2023-01-20:exit:2023-01-23,order:strategy_003_ma_trend_holding_days:v1:600519.SH:2023-01-20:exit:2023-01-23,600519.SH,sell,2200,12.53,2023-01-23,27562.35,8.27,27.56,0.00,35.83,27526.52
trade:order:strategy_003_ma_trend_holding_days:v1:600036.SH:2023-01-20:exit:2023-01-23,order:strategy_003_ma_trend_holding_days:v1:600036.SH:2023-01-20:exit:2023-01-23,600036.SH,sell,2200,12.56,2023-01-23,27627.70,8.29,27.63,0.00,35.92,27591.78
trade:order:strategy_003_ma_trend_holding_days:v1:002475.SZ:2023-01-20:exit:2023-01-23,order:strategy_003_ma_trend_holding_days:v1:002475.SZ:2023-01-20:exit:2023-01-23,002475.SZ,sell,1800,15.05,2023-01-23,27086.86,8.13,27.09,0.00,35.21,27051.65
trade:order:strategy_003_ma_trend_holding_days:v1:000002.SZ:2023-01-23:entry:2023-01-24,order:strategy_003_ma_trend_holding_days:v1:000002.SZ:2023-01-23:entry:2023-01-24,000002.SZ,buy,1700,10.04,2023-01-24,17064.71,5.12,0.00,0.00,5.12,-17069.83
trade:order:strategy_003_ma_trend_holding_days:v1:600519.SH:2023-01-23:entry:2023-01-24,order:strategy_003_ma_trend_holding_days:v1:600519.SH:2023-01-23:entry:2023-01-24,600519.SH,buy,1300,12.49,2023-01-24,16231.43,5.00,0.00,0.00,5.00,-16236.43
trade:order:strategy_003_ma_trend_holding_days:v1:601318.SH:2023-01-23:exit:2023-01-24,order:strategy_003_ma_trend_holding_days:v1:601318.SH:2023-01-23:exit:2023-01-24,601318.SH,sell,600,12.72,2023-01-24,7631.85,5.00,7.63,0.00,12.63,7619.22
trade:order:strategy_003_ma_trend_holding_days:v1:000001.SZ:2023-01-23:exit:2023-01-24,order:strategy_003_ma_trend_holding_days:v1:000001.SZ:2023-01-23:exit:2023-01-24,000001.SZ,sell,800,10.04,2023-01-24,8033.51,5.00,8.03,0.00,13.03,8020.48
trade:order:strategy_003_ma_trend_holding_days:v1:000002.SZ:2023-01-24:entry:2023-01-25,order:strategy_003_ma_trend_holding_days:v1:000002.SZ:2023-01-24:entry:2023-01-25,000002.SZ,buy,1300,10.18,2023-01-25,13235.93,5.00,0.00,0.00,5.00,-13240.93
trade:order:strategy_003_ma_trend_holding_days:v1:600519.SH:2023-01-24:entry:2023-01-25,order:strategy_003_ma_trend_holding_days:v1:600519.SH:2023-01-24:entry:2023-01-25,600519.SH,buy,1100,12.50,2023-01-25,13746.96,5.00,0.00,0.00,5.00,-13751.96
trade:order:strategy_003_ma_trend_holding_days:v1:600036.SH:2023-01-24:entry:2023-01-25,order:strategy_003_ma_trend_holding_days:v1:600036.SH:2023-01-24:entry:2023-01-25,600036.SH,buy,1000,12.78,2023-01-25,12781.54,5.00,0.00,0.00,5.00,-12786.54
trade:order:strategy_003_ma_trend_holding_days:v1:601318.SH:2023-01-24:entry:2023-01-25,order:strategy_003_ma_trend_holding_days:v1:601318.SH:2023-01-24:entry:2023-01-25,601318.SH,buy,1000,12.71,2023-01-25,12712.24,5.00,0.00,0.00,5.00,-12717.24
trade:order:strategy_003_ma_trend_holding_days:v1:000002.SZ:2023-01-25:entry:2023-01-26,order:strategy_003_ma_trend_holding_days:v1:000002.SZ:2023-01-25:entry:2023-01-26,000002.SZ,buy,300,10.07,2023-01-26,3021.71,5.00,0.00,0.00,5.00,-3026.71
trade:order:strategy_003_ma_trend_holding_days:v1:600519.SH:2023-01-25:entry:2023-01-26,order:strategy_003_ma_trend_holding_days:v1:600519.SH:2023-01-25:entry:2023-01-26,600519.SH,buy,200,12.56,2023-01-26,2512.45,5.00,0.00,0.00,5.00,-2517.45
trade:order:strategy_003_ma_trend_holding_days:v1:600036.SH:2023-01-25:entry:2023-01-26,order:strategy_003_ma_trend_holding_days:v1:600036.SH:2023-01-25:entry:2023-01-26,600036.SH,buy,200,12.74,2023-01-26,2548.93,5.00,0.00,0.00,5.00,-2553.93
trade:order:strategy_003_ma_trend_holding_days:v1:601318.SH:2023-01-25:entry:2023-01-26,order:strategy_003_ma_trend_holding_days:v1:601318.SH:2023-01-25:entry:2023-01-26,601318.SH,buy,200,12.76,2023-01-26,2551.68,5.00,0.00,0.00,5.00,-2556.68
trade:order:strategy_003_ma_trend_holding_days:v1:000002.SZ:2023-01-26:entry:2023-01-27,order:strategy_003_ma_trend_holding_days:v1:000002.SZ:2023-01-26:entry:2023-01-27,000002.SZ,buy,100,10.05,2023-01-27,1005.11,5.00,0.00,0.00,5.00,-1010.11
trade:order:strategy_003_ma_trend_holding_days:v1:000002.SZ:2023-02-08:exit:2023-02-09,order:strategy_003_ma_trend_holding_days:v1:000002.SZ:2023-02-08:exit:2023-02-09,000002.SZ,sell,3400,10.32,2023-02-09,35074.11,10.52,35.07,0.00,45.60,35028.51
trade:order:strategy_003_ma_trend_holding_days:v1:600519.SH:2023-02-08:exit:2023-02-09,order:strategy_003_ma_trend_holding_days:v1:600519.SH:2023-02-08:exit:2023-02-09,600519.SH,sell,2600,12.79,2023-02-09,33255.08,9.98,33.26,0.00,43.23,33211.85
trade:order:strategy_003_ma_trend_holding_days:v1:000002.SZ:2023-02-09:entry:2023-02-10,order:strategy_003_ma_trend_holding_days:v1:000002.SZ:2023-02-09:entry:2023-02-10,000002.SZ,buy,1400,10.29,2023-02-10,14411.90,5.00,0.00,0.00,5.00,-14416.90
trade:order:strategy_003_ma_trend_holding_days:v1:600519.SH:2023-02-09:entry:2023-02-10,order:strategy_003_ma_trend_holding_days:v1:600519.SH:2023-02-09:entry:2023-02-10,600519.SH,buy,1100,13.04,2023-02-10,14349.07,5.00,0.00,0.00,5.00,-14354.07
trade:order:strategy_003_ma_trend_holding_days:v1:600036.SH:2023-02-09:exit:2023-02-10,order:strategy_003_ma_trend_holding_days:v1:600036.SH:2023-02-09:exit:2023-02-10,600036.SH,sell,1200,13.26,2023-02-10,15914.28,5.00,15.91,0.00,20.91,15893.36
trade:order:strategy_003_ma_trend_holding_days:v1:601318.SH:2023-02-09:exit:2023-02-10,order:strategy_003_ma_trend_holding_days:v1:601318.SH:2023-02-09:exit:2023-02-10,601318.SH,sell,1200,13.09,2023-02-10,15709.70,5.00,15.71,0.00,20.71,15688.99
trade:order:strategy_003_ma_trend_holding_days:v1:000002.SZ:2023-02-10:entry:2023-02-13,order:strategy_003_ma_trend_holding_days:v1:000002.SZ:2023-02-10:entry:2023-02-13,000002.SZ,buy,1400,10.24,2023-02-13,14333.11,5.00,0.00,0.00,5.00,-14338.11
trade:order:strategy_003_ma_trend_holding_days:v1:600519.SH:2023-02-10:entry:2023-02-13,order:strategy_003_ma_trend_holding_days:v1:600519.SH:2023-02-10:entry:2023-02-13,600519.SH,buy,1100,12.98,2023-02-13,14274.41,5.00,0.00,0.00,5.00,-14279.41
trade:order:strategy_003_ma_trend_holding_days:v1:600036.SH:2023-02-10:entry:2023-02-13,order:strategy_003_ma_trend_holding_days:v1:600036.SH:2023-02-10:entry:2023-02-13,600036.SH,buy,1100,13.14,2023-02-13,14452.93,5.00,0.00,0.00,5.00,-14457.93
trade:order:strategy_003_ma_trend_holding_days:v1:601318.SH:2023-02-10:entry:2023-02-13,order:strategy_003_ma_trend_holding_days:v1:601318.SH:2023-02-10:entry:2023-02-13,601318.SH,buy,1100,13.17,2023-02-13,14484.20,5.00,0.00,0.00,5.00,-14489.20
trade:order:strategy_003_ma_trend_holding_days:v1:000002.SZ:2023-02-13:entry:2023-02-14,order:strategy_003_ma_trend_holding_days:v1:000002.SZ:2023-02-13:entry:2023-02-14,000002.SZ,buy,300,10.33,2023-02-14,3099.88,5.00,0.00,0.00,5.00,-3104.88
trade:order:strategy_003_ma_trend_holding_days:v1:600519.SH:2023-02-13:entry:2023-02-14,order:strategy_003_ma_trend_holding_days:v1:600519.SH:2023-02-13:entry:2023-02-14,600519.SH,buy,200,13.04,2023-02-14,2608.08,5.00,0.00,0.00,5.00,-2613.08
trade:order:strategy_003_ma_trend_holding_days:v1:600036.SH:2023-02-13:entry:2023-02-14,order:strategy_003_ma_trend_holding_days:v1:600036.SH:2023-02-13:entry:2023-02-14,600036.SH,buy,200,13.16,2023-02-14,2631.15,5.00,0.00,0.00,5.00,-2636.15
trade:order:strategy_003_ma_trend_holding_days:v1:601318.SH:2023-02-13:entry:2023-02-14,order:strategy_003_ma_trend_holding_days:v1:601318.SH:2023-02-13:entry:2023-02-14,601318.SH,buy,200,13.19,2023-02-14,2638.09,5.00,0.00,0.00,5.00,-2643.09
trade:order:strategy_003_ma_trend_holding_days:v1:000002.SZ:2023-02-14:entry:2023-02-15,order:strategy_003_ma_trend_holding_days:v1:000002.SZ:2023-02-14:entry:2023-02-15,000002.SZ,buy,100,10.30,2023-02-15,1029.74,5.00,0.00,0.00,5.00,-1034.74
trade:order:strategy_003_ma_trend_holding_days:v1:600519.SH:2023-02-14:entry:2023-02-15,order:strategy_003_ma_trend_holding_days:v1:600519.SH:2023-02-14:entry:2023-02-15,600519.SH,buy,100,12.93,2023-02-15,1293.37,5.00,0.00,0.00,5.00,-1298.37
trade:order:strategy_003_ma_trend_holding_days:v1:600036.SH:2023-02-14:entry:2023-02-15,order:strategy_003_ma_trend_holding_days:v1:600036.SH:2023-02-14:entry:2023-02-15,600036.SH,buy,100,13.24,2023-02-15,1324.23,5.00,0.00,0.00,5.00,-1329.23
trade:order:strategy_003_ma_trend_holding_days:v1:601318.SH:2023-02-14:entry:2023-02-15,order:strategy_003_ma_trend_holding_days:v1:601318.SH:2023-02-14:entry:2023-02-15,601318.SH,buy,100,13.12,2023-02-15,1311.70,5.00,0.00,0.00,5.00,-1316.70
trade:order:strategy_003_ma_trend_holding_days:v1:000002.SZ:2023-02-27:exit:2023-02-28,order:strategy_003_ma_trend_holding_days:v1:000002.SZ:2023-02-27:exit:2023-02-28,000002.SZ,sell,3200,10.71,2023-02-28,34285.33,10.29,34.29,0.00,44.57,34240.76
trade:order:strategy_003_ma_trend_holding_days:v1:600519.SH:2023-02-27:exit:2023-02-28,order:strategy_003_ma_trend_holding_days:v1:600519.SH:2023-02-27:exit:2023-02-28,600519.SH,sell,2500,13.42,2023-02-28,33560.09,10.07,33.56,0.00,43.63,33516.46
trade:order:strategy_003_ma_trend_holding_days:v1:000001.SZ:2023-02-28:entry:2023-03-01,order:strategy_003_ma_trend_holding_days:v1:000001.SZ:2023-02-28:entry:2023-03-01,000001.SZ,buy,1300,9.88,2023-03-01,12847.50,5.00,0.00,0.00,5.00,-12852.50
trade:order:strategy_003_ma_trend_holding_days:v1:000002.SZ:2023-02-28:entry:2023-03-01,order:strategy_003_ma_trend_holding_days:v1:000002.SZ:2023-02-28:entry:2023-03-01,000002.SZ,buy,1200,10.52,2023-03-01,12628.60,5.00,0.00,0.00,5.00,-12633.60
trade:order:strategy_003_ma_trend_holding_days:v1:600519.SH:2023-02-28:entry:2023-03-01,order:strategy_003_ma_trend_holding_days:v1:600519.SH:2023-02-28:entry:2023-03-01,600519.SH,buy,1000,13.10,2023-03-01,13095.23,5.00,0.00,0.00,5.00,-13100.23
trade:order:strategy_003_ma_trend_holding_days:v1:600036.SH:2023-02-28:exit:2023-03-01,order:strategy_003_ma_trend_holding_days:v1:600036.SH:2023-02-28:exit:2023-03-01,600036.SH,sell,1400,13.18,2023-03-01,18445.18,5.53,18.45,0.00,23.98,18421.20
trade:order:strategy_003_ma_trend_holding_days:v1:300750.SZ:2023-02-28:entry:2023-03-01,order:strategy_003_ma_trend_holding_days:v1:300750.SZ:2023-02-28:entry:2023-03-01,300750.SZ,buy,800,14.69,2023-03-01,11755.11,5.00,0.00,0.00,5.00,-11760.11
trade:order:strategy_003_ma_trend_holding_days:v1:601318.SH:2023-02-28:exit:2023-03-01,order:strategy_003_ma_trend_holding_days:v1:601318.SH:2023-02-28:exit:2023-03-01,601318.SH,sell,1400,13.17,2023-03-01,18442.79,5.53,18.44,0.00,23.98,18418.82
trade:order:strategy_003_ma_trend_holding_days:v1:002475.SZ:2023-02-28:entry:2023-03-01,order:strategy_003_ma_trend_holding_days:v1:002475.SZ:2023-02-28:entry:2023-03-01,002475.SZ,buy,800,14.25,2023-03-01,11402.32,5.00,0.00,0.00,5.00,-11407.32
trade:order:strategy_003_ma_trend_holding_days:v1:000002.SZ:2023-03-01:entry:2023-03-02,order:strategy_003_ma_trend_holding_days:v1:000002.SZ:2023-03-01:entry:2023-03-02,000002.SZ,buy,800,10.63,2023-03-02,8503.31,5.00,0.00,0.00,5.00,-8508.31
trade:order:strategy_003_ma_trend_holding_days:v1:600519.SH:2023-03-01:entry:2023-03-02,order:strategy_003_ma_trend_holding_days:v1:600519.SH:2023-03-01:entry:2023-03-02,600519.SH,buy,600,12.94,2023-03-02,7762.71,5.00,0.00,0.00,5.00,-7767.71
trade:order:strategy_003_ma_trend_holding_days:v1:600036.SH:2023-03-01:entry:2023-03-02,order:strategy_003_ma_trend_holding_days:v1:600036.SH:2023-03-01:entry:2023-03-02,600036.SH,buy,600,13.11,2023-03-02,7867.45,5.00,0.00,0.00,5.00,-7872.45
trade:order:strategy_003_ma_trend_holding_days:v1:601318.SH:2023-03-01:entry:2023-03-02,order:strategy_003_ma_trend_holding_days:v1:601318.SH:2023-03-01:entry:2023-03-02,601318.SH,buy,600,13.15,2023-03-02,7890.07,5.00,0.00,0.00,5.00,-7895.07
trade:order:strategy_003_ma_trend_holding_days:v1:000002.SZ:2023-03-02:entry:2023-03-03,order:strategy_003_ma_trend_holding_days:v1:000002.SZ:2023-03-02:entry:2023-03-03,000002.SZ,buy,200,10.60,2023-03-03,2119.81,5.00,0.00,0.00,5.00,-2124.81
trade:order:strategy_003_ma_trend_holding_days:v1:600519.SH:2023-03-02:entry:2023-03-03,order:strategy_003_ma_trend_holding_days:v1:600519.SH:2023-03-02:entry:2023-03-03,600519.SH,buy,200,13.13,2023-03-03,2625.35,5.00,0.00,0.00,5.00,-2630.35
trade:order:strategy_003_ma_trend_holding_days:v1:601318.SH:2023-03-02:entry:2023-03-03,order:strategy_003_ma_trend_holding_days:v1:601318.SH:2023-03-02:entry:2023-03-03,601318.SH,buy,200,13.32,2023-03-03,2664.30,5.00,0.00,0.00,5.00,-2669.30
trade:order:strategy_003_ma_trend_holding_days:v1:000001.SZ:2023-03-02:exit:2023-03-03,order:strategy_003_ma_trend_holding_days:v1:000001.SZ:2023-03-02:exit:2023-03-03,000001.SZ,sell,1300,9.76,2023-03-03,12682.37,5.00,12.68,0.00,17.68,12664.69
trade:order:strategy_003_ma_trend_holding_days:v1:300750.SZ:2023-03-02:exit:2023-03-03,order:strategy_003_ma_trend_holding_days:v1:300750.SZ:2023-03-02:exit:2023-03-03,300750.SZ,sell,800,14.50,2023-03-03,11599.79,5.00,11.60,0.00,16.60,11583.19
trade:order:strategy_003_ma_trend_holding_days:v1:002475.SZ:2023-03-02:exit:2023-03-03,order:strategy_003_ma_trend_holding_days:v1:002475.SZ:2023-03-02:exit:2023-03-03,002475.SZ,sell,800,14.04,2023-03-03,11230.86,5.00,11.23,0.00,16.23,11214.63
trade:order:strategy_003_ma_trend_holding_days:v1:000002.SZ:2023-03-03:entry:2023-03-06,order:strategy_003_ma_trend_holding_days:v1:000002.SZ:2023-03-03:entry:2023-03-06,000002.SZ,buy,700,10.73,2023-03-06,7510.77,5.00,0.00,0.00,5.00,-7515.77
trade:order:strategy_003_ma_trend_holding_days:v1:600519.SH:2023-03-03:entry:2023-03-06,order:strategy_003_ma_trend_holding_days:v1:600519.SH:2023-03-03:entry:2023-03-06,600519.SH,buy,600,13.12,2023-03-06,7871.31,5.00,0.00,0.00,5.00,-7876.31
trade:order:strategy_003_ma_trend_holding_days:v1:601318.SH:2023-03-03:entry:2023-03-06,order:strategy_003_ma_trend_holding_days:v1:601318.SH:2023-03-03:entry:2023-03-06,601318.SH,buy,600,13.17,2023-03-06,7900.39,5.00,0.00,0.00,5.00,-7905.39
trade:order:strategy_003_ma_trend_holding_days:v1:600036.SH:2023-03-03:exit:2023-03-06,order:strategy_003_ma_trend_holding_days:v1:600036.SH:2023-03-03:exit:2023-03-06,600036.SH,sell,600,13.09,2023-03-06,7855.51,5.00,7.86,0.00,12.86,7842.65
trade:order:strategy_003_ma_trend_holding_days:v1:000002.SZ:2023-03-06:entry:2023-03-07,order:strategy_003_ma_trend_holding_days:v1:000002.SZ:2023-03-06:entry:2023-03-07,000002.SZ,buy,400,10.54,2023-03-07,4215.21,5.00,0.00,0.00,5.00,-4220.21
trade:order:strategy_003_ma_trend_holding_days:v1:600519.SH:2023-03-06:entry:2023-03-07,order:strategy_003_ma_trend_holding_days:v1:600519.SH:2023-03-06:entry:2023-03-07,600519.SH,buy,300,13.04,2023-03-07,3912.29,5.00,0.00,0.00,5.00,-3917.29
trade:order:strategy_003_ma_trend_holding_days:v1:601318.SH:2023-03-06:entry:2023-03-07,order:strategy_003_ma_trend_holding_days:v1:601318.SH:2023-03-06:entry:2023-03-07,601318.SH,buy,300,13.28,2023-03-07,3983.41,5.00,0.00,0.00,5.00,-3988.41
trade:order:strategy_003_ma_trend_holding_days:v1:000002.SZ:2023-03-07:entry:2023-03-08,order:strategy_003_ma_trend_holding_days:v1:000002.SZ:2023-03-07:entry:2023-03-08,000002.SZ,buy,200,10.65,2023-03-08,2130.38,5.00,0.00,0.00,5.00,-2135.38
trade:order:strategy_003_ma_trend_holding_days:v1:600519.SH:2023-03-07:entry:2023-03-08,order:strategy_003_ma_trend_holding_days:v1:600519.SH:2023-03-07:entry:2023-03-08,600519.SH,buy,200,12.90,2023-03-08,2580.10,5.00,0.00,0.00,5.00,-2585.10
trade:order:strategy_003_ma_trend_holding_days:v1:601318.SH:2023-03-07:exit:2023-03-08,order:strategy_003_ma_trend_holding_days:v1:601318.SH:2023-03-07:exit:2023-03-08,601318.SH,sell,1400,13.16,2023-03-08,18427.31,5.53,18.43,0.00,23.96,18403.35
trade:order:strategy_003_ma_trend_holding_days:v1:000002.SZ:2023-03-08:entry:2023-03-09,order:strategy_003_ma_trend_holding_days:v1:000002.SZ:2023-03-08:entry:2023-03-09,000002.SZ,buy,500,10.70,2023-03-09,5348.94,5.00,0.00,0.00,5.00,-5353.94
trade:order:strategy_003_ma_trend_holding_days:v1:600519.SH:2023-03-08:entry:2023-03-09,order:strategy_003_ma_trend_holding_days:v1:600519.SH:2023-03-08:entry:2023-03-09,600519.SH,buy,400,12.95,2023-03-09,5180.28,5.00,0.00,0.00,5.00,-5185.28
trade:order:strategy_003_ma_trend_holding_days:v1:601318.SH:2023-03-08:exit:2023-03-09,order:strategy_003_ma_trend_holding_days:v1:601318.SH:2023-03-08:exit:2023-03-09,601318.SH,sell,300,13.16,2023-03-09,3949.00,5.00,3.95,0.00,8.95,3940.05
trade:order:strategy_003_ma_trend_holding_days:v1:000002.SZ:2023-03-09:entry:2023-03-10,order:strategy_003_ma_trend_holding_days:v1:000002.SZ:2023-03-09:entry:2023-03-10,000002.SZ,buy,300,10.70,2023-03-10,3209.21,5.00,0.00,0.00,5.00,-3214.21
trade:order:strategy_003_ma_trend_holding_days:v1:600519.SH:2023-03-09:entry:2023-03-10,order:strategy_003_ma_trend_holding_days:v1:600519.SH:2023-03-09:entry:2023-03-10,600519.SH,buy,300,13.01,2023-03-10,3903.85,5.00,0.00,0.00,5.00,-3908.85
trade:order:strategy_003_ma_trend_holding_days:v1:000002.SZ:2023-03-10:entry:2023-03-13,order:strategy_003_ma_trend_holding_days:v1:000002.SZ:2023-03-10:entry:2023-03-13,000002.SZ,buy,200,10.59,2023-03-13,2118.83,5.00,0.00,0.00,5.00,-2123.83
trade:order:strategy_003_ma_trend_holding_days:v1:600519.SH:2023-03-10:entry:2023-03-13,order:strategy_003_ma_trend_holding_days:v1:600519.SH:2023-03-10:entry:2023-03-13,600519.SH,buy,200,12.94,2023-03-13,2587.84,5.00,0.00,0.00,5.00,-2592.84
trade:order:strategy_003_ma_trend_holding_days:v1:000002.SZ:2023-03-13:entry:2023-03-14,order:strategy_003_ma_trend_holding_days:v1:000002.SZ:2023-03-13:entry:2023-03-14,000002.SZ,buy,100,10.70,2023-03-14,1069.60,5.00,0.00,0.00,5.00,-1074.60
trade:order:strategy_003_ma_trend_holding_days:v1:600519.SH:2023-03-13:entry:2023-03-14,order:strategy_003_ma_trend_holding_days:v1:600519.SH:2023-03-13:entry:2023-03-14,600519.SH,buy,100,13.09,2023-03-14,1309.00,5.00,0.00,0.00,5.00,-1314.00
trade:order:strategy_003_ma_trend_holding_days:v1:000002.SZ:2023-03-14:entry:2023-03-15,order:strategy_003_ma_trend_holding_days:v1:000002.SZ:2023-03-14:entry:2023-03-15,000002.SZ,buy,100,10.54,2023-03-15,1053.84,5.00,0.00,0.00,5.00,-1058.84
trade:order:strategy_003_ma_trend_holding_days:v1:600519.SH:2023-03-14:entry:2023-03-15,order:strategy_003_ma_trend_holding_days:v1:600519.SH:2023-03-14:entry:2023-03-15,600519.SH,buy,100,13.02,2023-03-15,1302.19,5.00,0.00,0.00,5.00,-1307.19
trade:order:strategy_003_ma_trend_holding_days:v1:600519.SH:2023-03-15:exit:2023-03-16,order:strategy_003_ma_trend_holding_days:v1:600519.SH:2023-03-15:exit:2023-03-16,600519.SH,sell,3900,12.98,2023-03-16,50632.34,15.19,50.63,0.00,65.82,50566.52
trade:order:strategy_003_ma_trend_holding_days:v1:000002.SZ:2023-03-16:exit:2023-03-17,order:strategy_003_ma_trend_holding_days:v1:000002.SZ:2023-03-16:exit:2023-03-17,000002.SZ,sell,4700,10.47,2023-03-17,49212.66,14.76,49.21,0.00,63.98,49148.68
trade:order:strategy_003_ma_trend_holding_days:v1:300750.SZ:2023-03-16:entry:2023-03-17,order:strategy_003_ma_trend_holding_days:v1:300750.SZ:2023-03-16:entry:2023-03-17,300750.SZ,buy,700,14.91,2023-03-17,10436.27,5.00,0.00,0.00,5.00,-10441.27
trade:order:strategy_003_ma_trend_holding_days:v1:600519.SH:2023-03-16:exit:2023-03-17,order:strategy_003_ma_trend_holding_days:v1:600519.SH:2023-03-16:exit:2023-03-17,600519.SH,sell,100,13.06,2023-03-17,1305.85,5.00,1.31,0.00,6.31,1299.55
trade:order:strategy_003_ma_trend_holding_days:v1:300750.SZ:2023-03-17:entry:2023-03-20,order:strategy_003_ma_trend_holding_days:v1:300750.SZ:2023-03-17:entry:2023-03-20,300750.SZ,buy,1200,14.76,2023-03-20,17717.99,5.32,0.00,0.00,5.32,-17723.31
trade:order:strategy_003_ma_trend_holding_days:v1:300750.SZ:2023-03-20:entry:2023-03-21,order:strategy_003_ma_trend_holding_days:v1:300750.SZ:2023-03-20:entry:2023-03-21,300750.SZ,buy,1000,14.96,2023-03-21,14961.90,5.00,0.00,0.00,5.00,-14966.90
trade:order:strategy_003_ma_trend_holding_days:v1:000001.SZ:2023-03-21:entry:2023-03-22,order:strategy_003_ma_trend_holding_days:v1:000001.SZ:2023-03-21:entry:2023-03-22,000001.SZ,buy,1200,9.75,2023-03-22,11705.22,5.00,0.00,0.00,5.00,-11710.22
trade:order:strategy_003_ma_trend_holding_days:v1:300750.SZ:2023-03-21:entry:2023-03-22,order:strategy_003_ma_trend_holding_days:v1:300750.SZ:2023-03-21:entry:2023-03-22,300750.SZ,buy,800,14.73,2023-03-22,11783.30,5.00,0.00,0.00,5.00,-11788.30
trade:order:strategy_003_ma_trend_holding_days:v1:300750.SZ:2023-03-22:entry:2023-03-23,order:strategy_003_ma_trend_holding_days:v1:300750.SZ:2023-03-22:entry:2023-03-23,300750.SZ,buy,500,14.80,2023-03-23,7399.93,5.00,0.00,0.00,5.00,-7404.93
trade:order:strategy_003_ma_trend_holding_days:v1:000002.SZ:2023-03-23:entry:2023-03-24,order:strategy_003_ma_trend_holding_days:v1:000002.SZ:2023-03-23:entry:2023-03-24,000002.SZ,buy,500,10.48,2023-03-24,5240.10,5.00,0.00,0.00,5.00,-5245.10
trade:order:strategy_003_ma_trend_holding_days:v1:300750.SZ:2023-03-23:entry:2023-03-24,order:strategy_003_ma_trend_holding_days:v1:300750.SZ:2023-03-23:entry:2023-03-24,300750.SZ,buy,400,14.68,2023-03-24,5870.22,5.00,0.00,0.00,5.00,-5875.22
trade:order:strategy_003_ma_trend_holding_days:v1:000001.SZ:2023-03-23:exit:2023-03-24,order:strategy_003_ma_trend_holding_days:v1:000001.SZ:2023-03-23:exit:2023-03-24,000001.SZ,sell,1200,9.86,2023-03-24,11832.72,5.00,11.83,0.00,16.83,11815.89
trade:order:strategy_003_ma_trend_holding_days:v1:300750.SZ:2023-03-24:entry:2023-03-27,order:strategy_003_ma_trend_holding_days:v1:300750.SZ:2023-03-24:entry:2023-03-27,300750.SZ,buy,400,14.86,2023-03-27,5946.00,5.00,0.00,0.00,5.00,-5951.00
trade:order:strategy_003_ma_trend_holding_days:v1:000001.SZ:2023-03-27:entry:2023-03-28,order:strategy_003_ma_trend_holding_days:v1:000001.SZ:2023-03-27:entry:2023-03-28,000001.SZ,buy,500,9.86,2023-03-28,4932.30,5.00,0.00,0.00,5.00,-4937.30
trade:order:strategy_003_ma_trend_holding_days:v1:300750.SZ:2023-03-27:entry:2023-03-28,order:strategy_003_ma_trend_holding_days:v1:300750.SZ:2023-03-27:entry:2023-03-28,300750.SZ,buy,300,14.89,2023-03-28,4465.63,5.00,0.00,0.00,5.00,-4470.63
trade:order:strategy_003_ma_trend_holding_days:v1:000002.SZ:2023-03-27:exit:2023-03-28,order:strategy_003_ma_trend_holding_days:v1:000002.SZ:2023-03-27:exit:2023-03-28,000002.SZ,sell,500,10.56,2023-03-28,5278.81,5.00,5.28,0.00,10.28,5268.54
trade:order:strategy_003_ma_trend_holding_days:v1:000001.SZ:2023-03-28:entry:2023-03-29,order:strategy_003_ma_trend_holding_days:v1:000001.SZ:2023-03-28:entry:2023-03-29,000001.SZ,buy,400,9.92,2023-03-29,3968.14,5.00,0.00,0.00,5.00,-3973.14
trade:order:strategy_003_ma_trend_holding_days:v1:000002.SZ:2023-03-28:entry:2023-03-29,order:strategy_003_ma_trend_holding_days:v1:000002.SZ:2023-03-28:entry:2023-03-29,000002.SZ,buy,400,10.53,2023-03-29,4211.77,5.00,0.00,0.00,5.00,-4216.77
trade:order:strategy_003_ma_trend_holding_days:v1:300750.SZ:2023-03-28:entry:2023-03-29,order:strategy_003_ma_trend_holding_days:v1:300750.SZ:2023-03-28:entry:2023-03-29,300750.SZ,buy,200,14.83,2023-03-29,2966.45,5.00,0.00,0.00,5.00,-2971.45
trade:order:strategy_003_ma_trend_holding_days:v1:000001.SZ:2023-03-29:entry:2023-03-30,order:strategy_003_ma_trend_holding_days:v1:000001.SZ:2023-03-29:entry:2023-03-30,000001.SZ,buy,200,9.72,2023-03-30,1944.82,5.00,0.00,0.00,5.00,-1949.82
trade:order:strategy_003_ma_trend_holding_days:v1:000002.SZ:2023-03-29:entry:2023-03-30,order:strategy_003_ma_trend_holding_days:v1:000002.SZ:2023-03-29:entry:2023-03-30,000002.SZ,buy,200,10.62,2023-03-30,2123.90,5.00,0.00,0.00,5.00,-2128.90
trade:order:strategy_003_ma_trend_holding_days:v1:300750.SZ:2023-03-29:entry:2023-03-30,order:strategy_003_ma_trend_holding_days:v1:300750.SZ:2023-03-29:entry:2023-03-30,300750.SZ,buy,100,14.96,2023-03-30,1496.39,5.00,0.00,0.00,5.00,-1501.39
trade:order:strategy_003_ma_trend_holding_days:v1:000001.SZ:2023-03-30:entry:2023-03-31,order:strategy_003_ma_trend_holding_days:v1:000001.SZ:2023-03-30:entry:2023-03-31,000001.SZ,buy,100,9.86,2023-03-31,985.60,5.00,0.00,0.00,5.00,-990.60
trade:order:strategy_003_ma_trend_holding_days:v1:000001.SZ:2023-03-31:exit:2023-04-03,order:strategy_003_ma_trend_holding_days:v1:000001.SZ:2023-03-31:exit:2023-04-03,000001.SZ,sell,1100,9.73,2023-04-03,10698.81,5.00,10.70,0.00,15.70,10683.12
trade:order:strategy_003_ma_trend_holding_days:v1:000001.SZ:2023-04-03:entry:2023-04-04,order:strategy_003_ma_trend_holding_days:v1:000001.SZ:2023-04-03:entry:2023-04-04,000001.SZ,buy,300,9.97,2023-04-04,2992.07,5.00,0.00,0.00,5.00,-2997.07
trade:order:strategy_003_ma_trend_holding_days:v1:300750.SZ:2023-04-03:exit:2023-04-04,order:strategy_003_ma_trend_holding_days:v1:300750.SZ:2023-04-03:exit:2023-04-04,300750.SZ,sell,5600,14.91,2023-04-04,83504.23,25.05,83.50,0.00,108.56,83395.67
trade:order:strategy_003_ma_trend_holding_days:v1:000002.SZ:2023-04-03:exit:2023-04-04,order:strategy_003_ma_trend_holding_days:v1:000002.SZ:2023-04-03:exit:2023-04-04,000002.SZ,sell,600,10.49,2023-04-04,6291.97,5.00,6.29,0.00,11.29,6280.67
trade:order:strategy_003_ma_trend_holding_days:v1:000001.SZ:2023-04-04:entry:2023-04-05,order:strategy_003_ma_trend_holding_days:v1:000001.SZ:2023-04-04:entry:2023-04-05,000001.SZ,buy,2000,9.93,2023-04-05,19853.54,5.96,0.00,0.00,5.96,-19859.50
trade:order:strategy_003_ma_trend_holding_days:v1:300750.SZ:2023-04-04:entry:2023-04-05,order:strategy_003_ma_trend_holding_days:v1:300750.SZ:2023-04-04:entry:2023-04-05,300750.SZ,buy,1300,14.69,2023-04-05,19092.82,5.73,0.00,0.00,5.73,-19098.55
trade:order:strategy_003_ma_trend_holding_days:v1:000001.SZ:2023-04-05:entry:2023-04-06,order:strategy_003_ma_trend_holding_days:v1:000001.SZ:2023-04-05:entry:2023-04-06,000001.SZ,buy,1200,10.02,2023-04-06,12027.48,5.00,0.00,0.00,5.00,-12032.48
trade:order:strategy_003_ma_trend_holding_days:v1:000002.SZ:2023-04-05:entry:2023-04-06,order:strategy_003_ma_trend_holding_days:v1:000002.SZ:2023-04-05:entry:2023-04-06,000002.SZ,buy,1100,10.51,2023-04-06,11559.48,5.00,0.00,0.00,5.00,-11564.48
trade:order:strategy_003_ma_trend_holding_days:v1:300750.SZ:2023-04-05:entry:2023-04-06,order:strategy_003_ma_trend_holding_days:v1:300750.SZ:2023-04-05:entry:2023-04-06,300750.SZ,buy,800,14.70,2023-04-06,11757.88,5.00,0.00,0.00,5.00,-11762.88
trade:order:strategy_003_ma_trend_holding_days:v1:000001.SZ:2023-04-06:entry:2023-04-07,order:strategy_003_ma_trend_holding_days:v1:000001.SZ:2023-04-06:entry:2023-04-07,000001.SZ,buy,500,9.90,2023-04-07,4949.14,5.00,0.00,0.00,5.00,-4954.14
trade:order:strategy_003_ma_trend_holding_days:v1:300750.SZ:2023-04-06:exit:2023-04-07,order:strategy_003_ma_trend_holding_days:v1:300750.SZ:2023-04-06:exit:2023-04-07,300750.SZ,sell,1300,14.75,2023-04-07,19177.68,5.75,19.18,0.00,24.93,19152.74
trade:order:strategy_003_ma_trend_holding_days:v1:000001.SZ:2023-04-07:entry:2023-04-10,order:strategy_003_ma_trend_holding_days:v1:000001.SZ:2023-04-07:entry:2023-04-10,000001.SZ,buy,800,9.93,2023-04-10,7940.71,5.00,0.00,0.00,5.00,-7945.71
trade:order:strategy_003_ma_trend_holding_days:v1:002475.SZ:2023-04-07:entry:2023-04-10,order:strategy_003_ma_trend_holding_days:v1:002475.SZ:2023-04-07:entry:2023-04-10,002475.SZ,buy,500,14.12,2023-04-10,7058.95,5.00,0.00,0.00,5.00,-7063.95
trade:order:strategy_003_ma_trend_holding_days:v1:300750.SZ:2023-04-07:exit:2023-04-10,order:strategy_003_ma_trend_holding_days:v1:300750.SZ:2023-04-07:exit:2023-04-10,300750.SZ,sell,800,14.72,2023-04-10,11773.72,5.00,11.77,0.00,16.77,11756.95
trade:order:strategy_003_ma_trend_holding_days:v1:000002.SZ:2023-04-07:exit:2023-04-10,order:strategy_003_ma_trend_holding_days:v1:000002.SZ:2023-04-07:exit:2023-04-10,000002.SZ,sell,1100,10.40,2023-04-10,11436.01,5.00,11.44,0.00,16.44,11419.57
trade:order:strategy_003_ma_trend_holding_days:v1:000001.SZ:2023-04-10:entry:2023-04-11,order:strategy_003_ma_trend_holding_days:v1:000001.SZ:2023-04-10:entry:2023-04-11,000001.SZ,buy,900,9.95,2023-04-11,8952.06,5.00,0.00,0.00,5.00,-8957.06
trade:order:strategy_003_ma_trend_holding_days:v1:002475.SZ:2023-04-10:entry:2023-04-11,order:strategy_003_ma_trend_holding_days:v1:002475.SZ:2023-04-10:entry:2023-04-11,002475.SZ,buy,700,14.05,2023-04-11,9834.33,5.00,0.00,0.00,5.00,-9839.33
trade:order:strategy_003_ma_trend_holding_days:v1:000001.SZ:2023-04-11:entry:2023-04-12,order:strategy_003_ma_trend_holding_days:v1:000001.SZ:2023-04-11:entry:2023-04-12,000001.SZ,buy,600,10.03,2023-04-12,6017.58,5.00,0.00,0.00,5.00,-6022.58
trade:order:strategy_003_ma_trend_holding_days:v1:002475.SZ:2023-04-11:entry:2023-04-12,order:strategy_003_ma_trend_holding_days:v1:002475.SZ:2023-04-11:entry:2023-04-12,002475.SZ,buy,400,14.02,2023-04-12,5607.70,5.00,0.00,0.00,5.00,-5612.70
trade:order:strategy_003_ma_trend_holding_days:v1:000001.SZ:2023-04-12:exit:2023-04-13,order:strategy_003_ma_trend_holding_days:v1:000001.SZ:2023-04-12:exit:2023-04-13,000001.SZ,sell,5800,9.96,2023-04-13,57761.27,17.33,57.76,0.00,75.09,57686.18
trade:order:strategy_003_ma_trend_holding_days:v1:002475.SZ:2023-04-12:exit:2023-04-13,order:strategy_003_ma_trend_holding_days:v1:002475.SZ:2023-04-12:exit:2023-04-13,002475.SZ,sell,1200,14.04,2023-04-13,16851.01,5.06,16.85,0.00,21.91,16829.11
trade:order:strategy_003_ma_trend_holding_days:v1:000001.SZ:2023-04-13:exit:2023-04-14,order:strategy_003_ma_trend_holding_days:v1:000001.SZ:2023-04-13:exit:2023-04-14,000001.SZ,sell,600,10.15,2023-04-14,6090.09,5.00,6.09,0.00,11.09,6079.00
trade:order:strategy_003_ma_trend_holding_days:v1:000002.SZ:2023-04-13:entry:2023-04-14,order:strategy_003_ma_trend_holding_days:v1:000002.SZ:2023-04-13:entry:2023-04-14,000002.SZ,buy,1700,10.63,2023-04-14,18076.93,5.42,0.00,0.00,5.42,-18082.36
trade:order:strategy_003_ma_trend_holding_days:v1:002475.SZ:2023-04-13:exit:2023-04-14,order:strategy_003_ma_trend_holding_days:v1:002475.SZ:2023-04-13:exit:2023-04-14,002475.SZ,sell,400,14.02,2023-04-14,5606.25,5.00,5.61,0.00,10.61,5595.64
trade:order:strategy_003_ma_trend_holding_days:v1:000001.SZ:2023-04-14:entry:2023-04-17,order:strategy_003_ma_trend_holding_days:v1:000001.SZ:2023-04-14:entry:2023-04-17,000001.SZ,buy,1700,9.96,2023-04-17,16930.29,5.08,0.00,0.00,5.08,-16935.37
trade:order:strategy_003_ma_trend_holding_days:v1:000002.SZ:2023-04-14:entry:2023-04-17,order:strategy_003_ma_trend_holding_days:v1:000002.SZ:2023-04-14:entry:2023-04-17,000002.SZ,buy,1600,10.52,2023-04-17,16836.19,5.05,0.00,0.00,5.05,-16841.24
trade:order:strategy_003_ma_trend_holding_days:v1:002475.SZ:2023-04-14:entry:2023-04-17,order:strategy_003_ma_trend_holding_days:v1:002475.SZ:2023-04-14:entry:2023-04-17,002475.SZ,buy,1200,14.26,2023-04-17,17117.04,5.14,0.00,0.00,5.14,-17122.18
trade:order:strategy_003_ma_trend_holding_days:v1:000001.SZ:2023-04-17:entry:2023-04-18,order:strategy_003_ma_trend_holding_days:v1:000001.SZ:2023-04-17:entry:2023-04-18,000001.SZ,buy,700,10.13,2023-04-18,7091.68,5.00,0.00,0.00,5.00,-7096.68
trade:order:strategy_003_ma_trend_holding_days:v1:000002.SZ:2023-04-17:entry:2023-04-18,order:strategy_003_ma_trend_holding_days:v1:000002.SZ:2023-04-17:entry:2023-04-18,000002.SZ,buy,600,10.60,2023-04-18,6362.24,5.00,0.00,0.00,5.00,-6367.24
trade:order:strategy_003_ma_trend_holding_days:v1:002475.SZ:2023-04-17:entry:2023-04-18,order:strategy_003_ma_trend_holding_days:v1:002475.SZ:2023-04-17:entry:2023-04-18,002475.SZ,buy,500,14.21,2023-04-18,7103.43,5.00,0.00,0.00,5.00,-7108.43
trade:order:strategy_003_ma_trend_holding_days:v1:000001.SZ:2023-04-18:entry:2023-04-19,order:strategy_003_ma_trend_holding_days:v1:000001.SZ:2023-04-18:entry:2023-04-19,000001.SZ,buy,300,10.04,2023-04-19,3011.91,5.00,0.00,0.00,5.00,-3016.91
trade:order:strategy_003_ma_trend_holding_days:v1:300750.SZ:2023-04-18:entry:2023-04-19,order:strategy_003_ma_trend_holding_days:v1:300750.SZ:2023-04-18:entry:2023-04-19,300750.SZ,buy,200,14.69,2023-04-19,2938.35,5.00,0.00,0.00,5.00,-2943.35
trade:order:strategy_003_ma_trend_holding_days:v1:002475.SZ:2023-04-18:entry:2023-04-19,order:strategy_003_ma_trend_holding_days:v1:002475.SZ:2023-04-18:entry:2023-04-19,002475.SZ,buy,200,14.35,2023-04-19,2869.85,5.00,0.00,0.00,5.00,-2874.85
trade:order:strategy_003_ma_trend_holding_days:v1:000002.SZ:2023-04-18:exit:2023-04-19,order:strategy_003_ma_trend_holding_days:v1:000002.SZ:2023-04-18:exit:2023-04-19,000002.SZ,sell,3300,10.51,2023-04-19,34668.08,10.40,34.67,0.00,45.07,34623.01
trade:order:strategy_003_ma_trend_holding_days:v1:000001.SZ:2023-04-19:entry:2023-04-20,order:strategy_003_ma_trend_holding_days:v1:000001.SZ:2023-04-19:entry:2023-04-20,000001.SZ,buy,800,10.13,2023-04-20,8107.03,5.00,0.00,0.00,5.00,-8112.03
trade:order:strategy_003_ma_trend_holding_days:v1:300750.SZ:2023-04-19:entry:2023-04-20,order:strategy_003_ma_trend_holding_days:v1:300750.SZ:2023-04-19:entry:2023-04-20,300750.SZ,buy,500,14.86,2023-04-20,7430.55,5.00,0.00,0.00,5.00,-7435.55
trade:order:strategy_003_ma_trend_holding_days:v1:002475.SZ:2023-04-19:entry:2023-04-20,order:strategy_003_ma_trend_holding_days:v1:002475.SZ:2023-04-19:entry:2023-04-20,002475.SZ,buy,500,14.13,2023-04-20,7063.46,5.00,0.00,0.00,5.00,-7068.46
trade:order:strategy_003_ma_trend_holding_days:v1:000002.SZ:2023-04-19:exit:2023-04-20,order:strategy_003_ma_trend_holding_days:v1:000002.SZ:2023-04-19:exit:2023-04-20,000002.SZ,sell,600,10.44,2023-04-20,6261.07,5.00,6.26,0.00,11.26,6249.81
trade:order:strategy_003_ma_trend_holding_days:v1:000001.SZ:2023-04-20:entry:2023-04-21,order:strategy_003_ma_trend_holding_days:v1:000001.SZ:2023-04-20:entry:2023-04-21,000001.SZ,buy,500,9.98,2023-04-21,4989.80,5.00,0.00,0.00,5.00,-4994.80
trade:order:strategy_003_ma_trend_holding_days:v1:002475.SZ:2023-04-20:entry:2023-04-21,order:strategy_003_ma_trend_holding_days:v1:002475.SZ:2023-04-20:entry:2023-04-21,002475.SZ,buy,300,14.34,2023-04-21,4303.28,5.00,0.00,0.00,5.00,-4308.28
trade:order:strategy_003_ma_trend_holding_days:v1:300750.SZ:2023-04-20:exit:2023-04-21,order:strategy_003_ma_trend_holding_days:v1:300750.SZ:2023-04-20:exit:2023-04-21,300750.SZ,sell,200,14.82,2023-04-21,2964.74,5.00,2.96,0.00,7.96,2956.77
trade:order:strategy_003_ma_trend_holding_days:v1:000001.SZ:2023-04-21:entry:2023-04-24,order:strategy_003_ma_trend_holding_days:v1:000001.SZ:2023-04-21:entry:2023-04-24,000001.SZ,buy,300,9.88,2023-04-24,2963.77,5.00,0.00,0.00,5.00,-2968.77
trade:order:strategy_003_ma_trend_holding_days:v1:000002.SZ:2023-04-21:entry:2023-04-24,order:strategy_003_ma_trend_holding_days:v1:000002.SZ:2023-04-21:entry:2023-04-24,000002.SZ,buy,300,10.58,2023-04-24,3172.51,5.00,0.00,0.00,5.00,-3177.51
trade:order:strategy_003_ma_trend_holding_days:v1:002475.SZ:2023-04-21:entry:2023-04-24,order:strategy_003_ma_trend_holding_days:v1:002475.SZ:2023-04-21:entry:2023-04-24,002475.SZ,buy,200,14.20,2023-04-24,2839.40,5.00,0.00,0.00,5.00,-2844.40
trade:order:strategy_003_ma_trend_holding_days:v1:300750.SZ:2023-04-21:exit:2023-04-24,order:strategy_003_ma_trend_holding_days:v1:300750.SZ:2023-04-21:exit:2023-04-24,300750.SZ,sell,500,14.70,2023-04-24,7348.00,5.00,7.35,0.00,12.35,7335.65
trade:order:strategy_003_ma_trend_holding_days:v1:000001.SZ:2023-04-24:entry:2023-04-25,order:strategy_003_ma_trend_holding_days:v1:000001.SZ:2023-04-24:entry:2023-04-25,000001.SZ,buy,300,9.94,2023-04-25,2980.75,5.00,0.00,0.00,5.00,-2985.75
trade:order:strategy_003_ma_trend_holding_days:v1:000002.SZ:2023-04-24:entry:2023-04-25,order:strategy_003_ma_trend_holding_days:v1:000002.SZ:2023-04-24:entry:2023-04-25,000002.SZ,buy,300,10.58,2023-04-25,3172.69,5.00,0.00,0.00,5.00,-3177.69
trade:order:strategy_003_ma_trend_holding_days:v1:002475.SZ:2023-04-24:entry:2023-04-25,order:strategy_003_ma_trend_holding_days:v1:002475.SZ:2023-04-24:entry:2023-04-25,002475.SZ,buy,200,14.22,2023-04-25,2844.07,5.00,0.00,0.00,5.00,-2849.07
trade:order:strategy_003_ma_trend_holding_days:v1:000001.SZ:2023-04-25:entry:2023-04-26,order:strategy_003_ma_trend_holding_days:v1:000001.SZ:2023-04-25:entry:2023-04-26,000001.SZ,buy,100,9.92,2023-04-26,992.09,5.00,0.00,0.00,5.00,-997.09
trade:order:strategy_003_ma_trend_holding_days:v1:000002.SZ:2023-04-25:entry:2023-04-26,order:strategy_003_ma_trend_holding_days:v1:000002.SZ:2023-04-25:entry:2023-04-26,000002.SZ,buy,100,10.62,2023-04-26,1061.98,5.00,0.00,0.00,5.00,-1066.98
trade:order:strategy_003_ma_trend_holding_days:v1:002475.SZ:2023-04-25:entry:2023-04-26,order:strategy_003_ma_trend_holding_days:v1:002475.SZ:2023-04-25:entry:2023-04-26,002475.SZ,buy,100,14.39,2023-04-26,1439.18,5.00,0.00,0.00,5.00,-1444.18
trade:order:strategy_003_ma_trend_holding_days:v1:002475.SZ:2023-05-02:exit:2023-05-03,order:strategy_003_ma_trend_holding_days:v1:002475.SZ:2023-05-02:exit:2023-05-03,002475.SZ,sell,3200,14.46,2023-05-03,46264.10,13.88,46.26,0.00,60.14,46203.96
trade:order:strategy_003_ma_trend_holding_days:v1:000001.SZ:2023-05-02:exit:2023-05-03,order:strategy_003_ma_trend_holding_days:v1:000001.SZ:2023-05-02:exit:2023-05-03,000001.SZ,sell,4700,10.08,2023-05-03,47359.00,14.21,47.36,0.00,61.57,47297.44
trade:order:strategy_003_ma_trend_holding_days:v1:000001.SZ:2023-05-03:entry:2023-05-04,order:strategy_003_ma_trend_holding_days:v1:000001.SZ:2023-05-03:entry:2023-05-04,000001.SZ,buy,1900,10.10,2023-05-04,19187.84,5.76,0.00,0.00,5.76,-19193.60
trade:order:strategy_003_ma_trend_holding_days:v1:000002.SZ:2023-05-03:entry:2023-05-04,order:strategy_003_ma_trend_holding_days:v1:000002.SZ:2023-05-03:entry:2023-05-04,000002.SZ,buy,1800,10.79,2023-05-04,19424.87,5.83,0.00,0.00,5.83,-19430.70
trade:order:strategy_003_ma_trend_holding_days:v1:002475.SZ:2023-05-03:entry:2023-05-04,order:strategy_003_ma_trend_holding_days:v1:002475.SZ:2023-05-03:entry:2023-05-04,002475.SZ,buy,1300,14.61,2023-05-04,18987.82,5.70,0.00,0.00,5.70,-18993.52
trade:order:strategy_003_ma_trend_holding_days:v1:000001.SZ:2023-05-04:entry:2023-05-05,order:strategy_003_ma_trend_holding_days:v1:000001.SZ:2023-05-04:entry:2023-05-05,000001.SZ,buy,800,9.99,2023-05-05,7990.20,5.00,0.00,0.00,5.00,-7995.20
trade:order:strategy_003_ma_trend_holding_days:v1:000002.SZ:2023-05-04:entry:2023-05-05,order:strategy_003_ma_trend_holding_days:v1:000002.SZ:2023-05-04:entry:2023-05-05,000002.SZ,buy,700,10.70,2023-05-05,7491.68,5.00,0.00,0.00,5.00,-7496.68
trade:order:strategy_003_ma_trend_holding_days:v1:002475.SZ:2023-05-04:entry:2023-05-05,order:strategy_003_ma_trend_holding_days:v1:002475.SZ:2023-05-04:entry:2023-05-05,002475.SZ,buy,500,14.53,2023-05-05,7263.51,5.00,0.00,0.00,5.00,-7268.51
trade:order:strategy_003_ma_trend_holding_days:v1:000001.SZ:2023-05-05:entry:2023-05-08,order:strategy_003_ma_trend_holding_days:v1:000001.SZ:2023-05-05:entry:2023-05-08,000001.SZ,buy,300,10.01,2023-05-08,3002.91,5.00,0.00,0.00,5.00,-3007.91
trade:order:strategy_003_ma_trend_holding_days:v1:000002.SZ:2023-05-05:entry:2023-05-08,order:strategy_003_ma_trend_holding_days:v1:000002.SZ:2023-05-05:entry:2023-05-08,000002.SZ,buy,300,10.78,2023-05-08,3234.06,5.00,0.00,0.00,5.00,-3239.06
trade:order:strategy_003_ma_trend_holding_days:v1:002475.SZ:2023-05-05:entry:2023-05-08,order:strategy_003_ma_trend_holding_days:v1:002475.SZ:2023-05-05:entry:2023-05-08,002475.SZ,buy,200,14.40,2023-05-08,2879.36,5.00,0.00,0.00,5.00,-2884.36
trade:order:strategy_003_ma_trend_holding_days:v1:000001.SZ:2023-05-08:entry:2023-05-09,order:strategy_003_ma_trend_holding_days:v1:000001.SZ:2023-05-08:entry:2023-05-09,000001.SZ,buy,100,10.48,2023-05-09,1047.98,5.00,0.00,0.00,5.00,-1052.98
trade:order:strategy_003_ma_trend_holding_days:v1:000002.SZ:2023-05-08:entry:2023-05-09,order:strategy_003_ma_trend_holding_days:v1:000002.SZ:2023-05-08:entry:2023-05-09,000002.SZ,buy,100,11.18,2023-05-09,1117.88,5.00,0.00,0.00,5.00,-1122.88
trade:order:strategy_003_ma_trend_holding_days:v1:002475.SZ:2023-05-08:entry:2023-05-09,order:strategy_003_ma_trend_holding_days:v1:002475.SZ:2023-05-08:entry:2023-05-09,002475.SZ,buy,100,15.02,2023-05-09,1502.27,5.00,0.00,0.00,5.00,-1507.27
trade:order:strategy_003_ma_trend_holding_days:v1:000002.SZ:2023-05-09:exit:2023-05-10,order:strategy_003_ma_trend_holding_days:v1:000002.SZ:2023-05-09:exit:2023-05-10,000002.SZ,sell,3500,10.74,2023-05-10,37580.87,11.27,37.58,0.00,48.86,37532.02
trade:order:strategy_003_ma_trend_holding_days:v1:000001.SZ:2023-05-10:entry:2023-05-11,order:strategy_003_ma_trend_holding_days:v1:000001.SZ:2023-05-10:entry:2023-05-11,000001.SZ,buy,800,10.05,2023-05-11,8041.48,5.00,0.00,0.00,5.00,-8046.48
trade:order:strategy_003_ma_trend_holding_days:v1:000002.SZ:2023-05-10:exit:2023-05-11,order:strategy_003_ma_trend_holding_days:v1:000002.SZ:2023-05-10:exit:2023-05-11,000002.SZ,sell,100,10.71,2023-05-11,1071.20,5.00,1.07,0.00,6.07,1065.13
trade:order:strategy_003_ma_trend_holding_days:v1:002475.SZ:2023-05-10:exit:2023-05-11,order:strategy_003_ma_trend_holding_days:v1:002475.SZ:2023-05-10:exit:2023-05-11,002475.SZ,sell,2100,14.36,2023-05-11,30159.61,9.05,30.16,0.00,39.21,30120.40
trade:order:strategy_003_ma_trend_holding_days:v1:000001.SZ:2023-05-11:entry:2023-05-12,order:strategy_003_ma_trend_holding_days:v1:000001.SZ:2023-05-11:entry:2023-05-12,000001.SZ,buy,1200,9.99,2023-05-12,11992.79,5.00,0.00,0.00,5.00,-11997.79
trade:order:strategy_003_ma_trend_holding_days:v1:000002.SZ:2023-05-11:entry:2023-05-12,order:strategy_003_ma_trend_holding_days:v1:000002.SZ:2023-05-11:entry:2023-05-12,000002.SZ,buy,1200,10.83,2023-05-12,13001.12,5.00,0.00,0.00,5.00,-13006.12
trade:order:strategy_003_ma_trend_holding_days:v1:000001.SZ:2023-05-12:entry:2023-05-15,order:strategy_003_ma_trend_holding_days:v1:000001.SZ:2023-05-12:entry:2023-05-15,000001.SZ,buy,800,10.16,2023-05-15,8129.60,5.00,0.00,0.00,5.00,-8134.60
trade:order:strategy_003_ma_trend_holding_days:v1:000002.SZ:2023-05-12:entry:2023-05-15,order:strategy_003_ma_trend_holding_days:v1:000002.SZ:2023-05-12:entry:2023-05-15,000002.SZ,buy,700,10.71,2023-05-15,7500.38,5.00,0.00,0.00,5.00,-7505.38
trade:order:strategy_003_ma_trend_holding_days:v1:000001.SZ:2023-05-15:entry:2023-05-16,order:strategy_003_ma_trend_holding_days:v1:000001.SZ:2023-05-15:entry:2023-05-16,000001.SZ,buy,400,10.07,2023-05-16,4027.23,5.00,0.00,0.00,5.00,-4032.23
trade:order:strategy_003_ma_trend_holding_days:v1:000002.SZ:2023-05-15:exit:2023-05-16,order:strategy_003_ma_trend_holding_days:v1:000002.SZ:2023-05-15:exit:2023-05-16,000002.SZ,sell,1200,10.63,2023-05-16,12752.17,5.00,12.75,0.00,17.75,12734.42
trade:order:strategy_003_ma_trend_holding_days:v1:000001.SZ:2023-05-16:exit:2023-05-17,order:strategy_003_ma_trend_holding_days:v1:000001.SZ:2023-05-16:exit:2023-05-17,000001.SZ,sell,5900,10.09,2023-05-17,59518.33,17.86,59.52,0.00,77.37,59440.96
trade:order:strategy_003_ma_trend_holding_days:v1:000002.SZ:2023-05-16:exit:2023-05-17,order:strategy_003_ma_trend_holding_days:v1:000002.SZ:2023-05-16:exit:2023-05-17,000002.SZ,sell,700,10.67,2023-05-17,7469.42,5.00,7.47,0.00,12.47,7456.96
trade:order:strategy_003_ma_trend_holding_days:v1:000001.SZ:2023-05-17:exit:2023-05-18,order:strategy_003_ma_trend_holding_days:v1:000001.SZ:2023-05-17:exit:2023-05-18,000001.SZ,sell,400,10.06,2023-05-18,4022.85,5.00,4.02,0.00,9.02,4013.83
trade:order:strategy_003_ma_trend_holding_days:v1:000002.SZ:2023-05-19:entry:2023-05-22,order:strategy_003_ma_trend_holding_days:v1:000002.SZ:2023-05-19:entry:2023-05-22,000002.SZ,buy,1900,10.83,2023-05-22,20583.50,6.18,0.00,0.00,6.18,-20589.68
trade:order:strategy_003_ma_trend_holding_days:v1:000002.SZ:2023-05-22:entry:2023-05-23,order:strategy_003_ma_trend_holding_days:v1:000002.SZ:2023-05-22:entry:2023-05-23,000002.SZ,buy,1500,10.73,2023-05-23,16092.50,5.00,0.00,0.00,5.00,-16097.50
trade:order:strategy_003_ma_trend_holding_days:v1:000002.SZ:2023-05-23:entry:2023-05-24,order:strategy_003_ma_trend_holding_days:v1:000002.SZ:2023-05-23:entry:2023-05-24,000002.SZ,buy,1200,10.74,2023-05-24,12885.46,5.00,0.00,0.00,5.00,-12890.46
trade:order:strategy_003_ma_trend_holding_days:v1:000002.SZ:2023-05-24:exit:2023-05-25,order:strategy_003_ma_trend_holding_days:v1:000002.SZ:2023-05-24:exit:2023-05-25,000002.SZ,sell,3400,10.74,2023-05-25,36506.79,10.95,36.51,0.00,47.46,36459.33
trade:order:strategy_003_ma_trend_holding_days:v1:000002.SZ:2023-05-25:exit:2023-05-26,order:strategy_003_ma_trend_holding_days:v1:000002.SZ:2023-05-25:exit:2023-05-26,000002.SZ,sell,1200,10.85,2023-05-26,13020.39,5.00,13.02,0.00,18.02,13002.37
trade:order:strategy_003_ma_trend_holding_days:v1:000002.SZ:2023-05-26:entry:2023-05-29,order:strategy_003_ma_trend_holding_days:v1:000002.SZ:2023-05-26:entry:2023-05-29,000002.SZ,buy,1900,10.74,2023-05-29,20406.32,6.12,0.00,0.00,6.12,-20412.44
trade:order:strategy_003_ma_trend_holding_days:v1:000002.SZ:2023-05-29:entry:2023-05-30,order:strategy_003_ma_trend_holding_days:v1:000002.SZ:2023-05-29:entry:2023-05-30,000002.SZ,buy,1500,10.72,2023-05-30,16075.82,5.00,0.00,0.00,5.00,-16080.82
trade:order:strategy_003_ma_trend_holding_days:v1:000002.SZ:2023-05-30:entry:2023-05-31,order:strategy_003_ma_trend_holding_days:v1:000002.SZ:2023-05-30:entry:2023-05-31,000002.SZ,buy,1200,10.75,2023-05-31,12902.76,5.00,0.00,0.00,5.00,-12907.76
trade:order:strategy_003_ma_trend_holding_days:v1:002475.SZ:2023-05-31:entry:2023-06-01,order:strategy_003_ma_trend_holding_days:v1:002475.SZ:2023-05-31:entry:2023-06-01,002475.SZ,buy,700,14.29,2023-06-01,10003.14,5.00,0.00,0.00,5.00,-10008.14
trade:order:strategy_003_ma_trend_holding_days:v1:000002.SZ:2023-05-31:exit:2023-06-01,order:strategy_003_ma_trend_holding_days:v1:000002.SZ:2023-05-31:exit:2023-06-01,000002.SZ,sell,3400,10.59,2023-06-01,36008.30,10.80,36.01,0.00,46.81,35961.49
trade:order:strategy_003_ma_trend_holding_days:v1:000001.SZ:2023-06-01:entry:2023-06-02,order:strategy_003_ma_trend_holding_days:v1:000001.SZ:2023-06-01:entry:2023-06-02,000001.SZ,buy,1600,10.09,2023-06-02,16138.47,5.00,0.00,0.00,5.00,-16143.47
trade:order:strategy_003_ma_trend_holding_days:v1:000002.SZ:2023-06-01:exit:2023-06-02,order:strategy_003_ma_trend_holding_days:v1:000002.SZ:2023-06-01:exit:2023-06-02,000002.SZ,sell,1200,10.61,2023-06-02,12734.99,5.00,12.73,0.00,17.73,12717.25
trade:order:strategy_003_ma_trend_holding_days:v1:000001.SZ:2023-06-02:entry:2023-06-05,order:strategy_003_ma_trend_holding_days:v1:000001.SZ:2023-06-02:entry:2023-06-05,000001.SZ,buy,1500,9.99,2023-06-05,14985.87,5.00,0.00,0.00,5.00,-14990.87
trade:order:strategy_003_ma_trend_holding_days:v1:002475.SZ:2023-06-02:exit:2023-06-05,order:strategy_003_ma_trend_holding_days:v1:002475.SZ:2023-06-02:exit:2023-06-05,002475.SZ,sell,700,14.57,2023-06-05,10201.09,5.00,10.20,0.00,15.20,10185.89
trade:order:strategy_003_ma_trend_holding_days:v1:000001.SZ:2023-06-05:entry:2023-06-06,order:strategy_003_ma_trend_holding_days:v1:000001.SZ:2023-06-05:entry:2023-06-06,000001.SZ,buy,1400,9.99,2023-06-06,13988.88,5.00,0.00,0.00,5.00,-13993.88
trade:order:strategy_003_ma_trend_holding_days:v1:002475.SZ:2023-06-05:entry:2023-06-06,order:strategy_003_ma_trend_holding_days:v1:002475.SZ:2023-06-05:entry:2023-06-06,002475.SZ,buy,1000,14.44,2023-06-06,14438.77,5.00,0.00,0.00,5.00,-14443.77
trade:order:strategy_003_ma_trend_holding_days:v1:600036.SH:2023-06-06:entry:2023-06-07,order:strategy_003_ma_trend_holding_days:v1:600036.SH:2023-06-06:entry:2023-06-07,600036.SH,buy,700,12.33,2023-06-07,8628.39,5.00,0.00,0.00,5.00,-8633.39
trade:order:strategy_003_ma_trend_holding_days:v1:300750.SZ:2023-06-06:entry:2023-06-07,order:strategy_003_ma_trend_holding_days:v1:300750.SZ:2023-06-06:entry:2023-06-07,300750.SZ,buy,600,14.34,2023-06-07,8603.34,5.00,0.00,0.00,5.00,-8608.34
trade:order:strategy_003_ma_trend_holding_days:v1:002475.SZ:2023-06-06:entry:2023-06-07,order:strategy_003_ma_trend_holding_days:v1:002475.SZ:2023-06-06:entry:2023-06-07,002475.SZ,buy,600,14.64,2023-06-07,8782.43,5.00,0.00,0.00,5.00,-8787.43
trade:order:strategy_003_ma_trend_holding_days:v1:000001.SZ:2023-06-06:exit:2023-06-07,order:strategy_003_ma_trend_holding_days:v1:000001.SZ:2023-06-06:exit:2023-06-07,000001.SZ,sell,3100,10.05,2023-06-07,31141.31,9.34,31.14,0.00,40.48,31100.83
trade:order:strategy_003_ma_trend_holding_days:v1:600036.SH:2023-06-07:entry:2023-06-08,order:strategy_003_ma_trend_holding_days:v1:600036.SH:2023-06-07:entry:2023-06-08,600036.SH,buy,800,12.11,2023-06-08,9690.50,5.00,0.00,0.00,5.00,-9695.50
trade:order:strategy_003_ma_trend_holding_days:v1:300750.SZ:2023-06-07:entry:2023-06-08,order:strategy_003_ma_trend_holding_days:v1:300750.SZ:2023-06-07:entry:2023-06-08,300750.SZ,buy,600,14.29,2023-06-08,8574.12,5.00,0.00,0.00,5.00,-8579.12
trade:order:strategy_003_ma_trend_holding_days:v1:002475.SZ:2023-06-07:entry:2023-06-08,order:strategy_003_ma_trend_holding_days:v1:002475.SZ:2023-06-07:entry:2023-06-08,002475.SZ,buy,600,14.33,2023-06-08,8600.26,5.00,0.00,0.00,5.00,-8605.26
trade:order:strategy_003_ma_trend_holding_days:v1:000001.SZ:2023-06-07:exit:2023-06-08,order:strategy_003_ma_trend_holding_days:v1:000001.SZ:2023-06-07:exit:2023-06-08,000001.SZ,sell,1400,9.95,2023-06-08,13926.00,5.00,13.93,0.00,18.93,13907.08
trade:order:strategy_003_ma_trend_holding_days:v1:300750.SZ:2023-06-08:entry:2023-06-09,order:strategy_003_ma_trend_holding_days:v1:300750.SZ:2023-06-08:entry:2023-06-09,300750.SZ,buy,500,14.33,2023-06-09,7165.35,5.00,0.00,0.00,5.00,-7170.35
trade:order:strategy_003_ma_trend_holding_days:v1:002475.SZ:2023-06-08:entry:2023-06-09,order:strategy_003_ma_trend_holding_days:v1:002475.SZ:2023-06-08:entry:2023-06-09,002475.SZ,buy,500,14.31,2023-06-09,7157.04,5.00,0.00,0.00,5.00,-7162.04
trade:order:strategy_003_ma_trend_holding_days:v1:600036.SH:2023-06-08:exit:2023-06-09,order:strategy_003_ma_trend_holding_days:v1:600036.SH:2023-06-08:exit:2023-06-09,600036.SH,sell,700,12.07,2023-06-09,8451.06,5.00,8.45,0.00,13.45,8437.61
trade:order:strategy_003_ma_trend_holding_days:v1:000001.SZ:2023-06-09:entry:2023-06-12,order:strategy_003_ma_trend_holding_days:v1:000001.SZ:2023-06-09:entry:2023-06-12,000001.SZ,buy,600,10.03,2023-06-12,6020.78,5.00,0.00,0.00,5.00,-6025.78
trade:order:strategy_003_ma_trend_holding_days:v1:300750.SZ:2023-06-09:entry:2023-06-12,order:strategy_003_ma_trend_holding_days:v1:300750.SZ:2023-06-09:entry:2023-06-12,300750.SZ,buy,400,14.61,2023-06-12,5845.36,5.00,0.00,0.00,5.00,-5850.36
trade:order:strategy_003_ma_trend_holding_days:v1:002475.SZ:2023-06-09:entry:2023-06-12,order:strategy_003_ma_trend_holding_days:v1:002475.SZ:2023-06-09:entry:2023-06-12,002475.SZ,buy,400,14.43,2023-06-12,5773.54,5.00,0.00,0.00,5.00,-5778.54
trade:order:strategy_003_ma_trend_holding_days:v1:600036.SH:2023-06-09:exit:2023-06-12,order:strategy_003_ma_trend_holding_days:v1:600036.SH:2023-06-09:exit:2023-06-12,600036.SH,sell,800,12.33,2023-06-12,9863.94,5.00,9.86,0.00,14.86,9849.07
trade:order:strategy_003_ma_trend_holding_days:v1:000001.SZ:2023-06-12:entry:2023-06-13,order:strategy_003_ma_trend_holding_days:v1:000001.SZ:2023-06-12:entry:2023-06-13,000001.SZ,buy,400,10.11,2023-06-13,4045.65,5.00,0.00,0.00,5.00,-4050.65
trade:order:strategy_003_ma_trend_holding_days:v1:600036.SH:2023-06-12:entry:2023-06-13,order:strategy_003_ma_trend_holding_days:v1:600036.SH:2023-06-12:entry:2023-06-13,600036.SH,buy,300,12.25,2023-06-13,3673.72,5.00,0.00,0.00,5.00,-3678.72
trade:order:strategy_003_ma_trend_holding_days:v1:300750.SZ:2023-06-12:entry:2023-06-13,order:strategy_003_ma_trend_holding_days:v1:300750.SZ:2023-06-12:entry:2023-06-13,300750.SZ,buy,300,14.48,2023-06-13,4344.20,5.00,0.00,0.00,5.00,-4349.20
trade:order:strategy_003_ma_trend_holding_days:v1:002475.SZ:2023-06-12:entry:2023-06-13,order:strategy_003_ma_trend_holding_days:v1:002475.SZ:2023-06-12:entry:2023-06-13,002475.SZ,buy,300,14.51,2023-06-13,4352.55,5.00,0.00,0.00,5.00,-4357.55
trade:order:strategy_003_ma_trend_holding_days:v1:000001.SZ:2023-06-13:entry:2023-06-14,order:strategy_003_ma_trend_holding_days:v1:000001.SZ:2023-06-13:entry:2023-06-14,000001.SZ,buy,100,10.11,2023-06-14,1011.23,5.00,0.00,0.00,5.00,-1016.23
trade:order:strategy_003_ma_trend_holding_days:v1:000001.SZ:2023-06-14:entry:2023-06-15,order:strategy_003_ma_trend_holding_days:v1:000001.SZ:2023-06-14:entry:2023-06-15,000001.SZ,buy,100,10.05,2023-06-15,1004.95,5.00,0.00,0.00,5.00,-1009.95
trade:order:strategy_003_ma_trend_holding_days:v1:002475.SZ:2023-06-21:exit:2023-06-22,order:strategy_003_ma_trend_holding_days:v1:002475.SZ:2023-06-21:exit:2023-06-22,002475.SZ,sell,3400,14.71,2023-06-22,50023.67,15.01,50.02,0.00,65.03,49958.64
trade:order:strategy_003_ma_trend_holding_days:v1:000001.SZ:2023-06-22:entry:2023-06-23,order:strategy_003_ma_trend_holding_days:v1:000001.SZ:2023-06-22:entry:2023-06-23,000001.SZ,buy,1000,10.18,2023-06-23,10183.83,5.00,0.00,0.00,5.00,-10188.83
trade:order:strategy_003_ma_trend_holding_days:v1:600036.SH:2023-06-22:entry:2023-06-23,order:strategy_003_ma_trend_holding_days:v1:600036.SH:2023-06-22:entry:2023-06-23,600036.SH,buy,800,12.41,2023-06-23,9924.15,5.00,0.00,0.00,5.00,-9929.15
trade:order:strategy_003_ma_trend_holding_days:v1:300750.SZ:2023-06-22:exit:2023-06-23,order:strategy_003_ma_trend_holding_days:v1:300750.SZ:2023-06-22:exit:2023-06-23,300750.SZ,sell,2400,14.91,2023-06-23,35777.73,10.73,35.78,0.00,46.51,35731.22
trade:order:strategy_003_ma_trend_holding_days:v1:601318.SH:2023-06-22:entry:2023-06-23,order:strategy_003_ma_trend_holding_days:v1:601318.SH:2023-06-22:entry:2023-06-23,601318.SH,buy,800,12.11,2023-06-23,9684.10,5.00,0.00,0.00,5.00,-9689.10
trade:order:strategy_003_ma_trend_holding_days:v1:002475.SZ:2023-06-22:entry:2023-06-23,order:strategy_003_ma_trend_holding_days:v1:002475.SZ:2023-06-22:entry:2023-06-23,002475.SZ,buy,700,14.70,2023-06-23,10290.91,5.00,0.00,0.00,5.00,-10295.91
trade:order:strategy_003_ma_trend_holding_days:v1:000001.SZ:2023-06-23:entry:2023-06-26,order:strategy_003_ma_trend_holding_days:v1:000001.SZ:2023-06-23:entry:2023-06-26,000001.SZ,buy,900,10.23,2023-06-26,9205.81,5.00,0.00,0.00,5.00,-9210.81
trade:order:strategy_003_ma_trend_holding_days:v1:600036.SH:2023-06-23:entry:2023-06-26,order:strategy_003_ma_trend_holding_days:v1:600036.SH:2023-06-23:entry:2023-06-26,600036.SH,buy,800,12.36,2023-06-26,9884.72,5.00,0.00,0.00,5.00,-9889.72
trade:order:strategy_003_ma_trend_holding_days:v1:300750.SZ:2023-06-23:entry:2023-06-26,order:strategy_003_ma_trend_holding_days:v1:300750.SZ:2023-06-23:entry:2023-06-26,300750.SZ,buy,600,14.83,2023-06-26,8895.54,5.00,0.00,0.00,5.00,-8900.54
trade:order:strategy_003_ma_trend_holding_days:v1:601318.SH:2023-06-23:entry:2023-06-26,order:strategy_003_ma_trend_holding_days:v1:601318.SH:2023-06-23:entry:2023-06-26,601318.SH,buy,800,12.17,2023-06-26,9736.39,5.00,0.00,0.00,5.00,-9741.39
trade:order:strategy_003_ma_trend_holding_days:v1:002475.SZ:2023-06-23:entry:2023-06-26,order:strategy_003_ma_trend_holding_days:v1:002475.SZ:2023-06-23:entry:2023-06-26,002475.SZ,buy,600,14.53,2023-06-26,8719.28,5.00,0.00,0.00,5.00,-8724.28
trade:order:strategy_003_ma_trend_holding_days:v1:000001.SZ:2023-06-27:exit:2023-06-28,order:strategy_003_ma_trend_holding_days:v1:000001.SZ:2023-06-27:exit:2023-06-28,000001.SZ,sell,3100,10.30,2023-06-28,31922.48,9.58,31.92,0.00,41.50,31880.98
trade:order:strategy_003_ma_trend_holding_days:v1:000001.SZ:2023-06-28:entry:2023-06-29,order:strategy_003_ma_trend_holding_days:v1:000001.SZ:2023-06-28:entry:2023-06-29,000001.SZ,buy,600,10.36,2023-06-29,6216.03,5.00,0.00,0.00,5.00,-6221.03
trade:order:strategy_003_ma_trend_holding_days:v1:000002.SZ:2023-06-28:entry:2023-06-29,order:strategy_003_ma_trend_holding_days:v1:000002.SZ:2023-06-28:entry:2023-06-29,000002.SZ,buy,600,10.45,2023-06-29,6267.98,5.00,0.00,0.00,5.00,-6272.98
trade:order:strategy_003_ma_trend_holding_days:v1:600036.SH:2023-06-28:exit:2023-06-29,order:strategy_003_ma_trend_holding_days:v1:600036.SH:2023-06-28:exit:2023-06-29,600036.SH,sell,1900,12.28,2023-06-29,23337.49,7.00,23.34,0.00,30.34,23307.15
trade:order:strategy_003_ma_trend_holding_days:v1:300750.SZ:2023-06-28:entry:2023-06-29,order:strategy_003_ma_trend_holding_days:v1:300750.SZ:2023-06-28:entry:2023-06-29,300750.SZ,buy,400,14.82,2023-06-29,5929.65,5.00,0.00,0.00,5.00,-5934.65
trade:order:strategy_003_ma_trend_holding_days:v1:601318.SH:2023-06-28:entry:2023-06-29,order:strategy_003_ma_trend_holding_days:v1:601318.SH:2023-06-28:entry:2023-06-29,601318.SH,buy,500,12.24,2023-06-29,6121.82,5.00,0.00,0.00,5.00,-6126.82
trade:order:strategy_003_ma_trend_holding_days:v1:002475.SZ:2023-06-28:entry:2023-06-29,order:strategy_003_ma_trend_holding_days:v1:002475.SZ:2023-06-28:entry:2023-06-29,002475.SZ,buy,400,14.65,2023-06-29,5858.88,5.00,0.00,0.00,5.00,-5863.88
trade:order:strategy_003_ma_trend_holding_days:v1:000001.SZ:2023-06-29:entry:2023-06-30,order:strategy_003_ma_trend_holding_days:v1:000001.SZ:2023-06-29:entry:2023-06-30,000001.SZ,buy,500,10.23,2023-06-30,5116.39,5.00,0.00,0.00,5.00,-5121.39
trade:order:strategy_003_ma_trend_holding_days:v1:600036.SH:2023-06-29:entry:2023-06-30,order:strategy_003_ma_trend_holding_days:v1:600036.SH:2023-06-29:entry:2023-06-30,600036.SH,buy,400,12.41,2023-06-30,4965.35,5.00,0.00,0.00,5.00,-4970.35
trade:order:strategy_003_ma_trend_holding_days:v1:300750.SZ:2023-06-29:entry:2023-06-30,order:strategy_003_ma_trend_holding_days:v1:300750.SZ:2023-06-29:entry:2023-06-30,300750.SZ,buy,300,14.76,2023-06-30,4429.29,5.00,0.00,0.00,5.00,-4434.29
trade:order:strategy_003_ma_trend_holding_days:v1:601318.SH:2023-06-29:entry:2023-06-30,order:strategy_003_ma_trend_holding_days:v1:601318.SH:2023-06-29:entry:2023-06-30,601318.SH,buy,400,12.28,2023-06-30,4911.48,5.00,0.00,0.00,5.00,-4916.48
trade:order:strategy_003_ma_trend_holding_days:v1:002475.SZ:2023-06-29:entry:2023-06-30,order:strategy_003_ma_trend_holding_days:v1:002475.SZ:2023-06-29:entry:2023-06-30,002475.SZ,buy,300,14.55,2023-06-30,4365.67,5.00,0.00,0.00,5.00,-4370.67
trade:order:strategy_003_ma_trend_holding_days:v1:002475.SZ:2023-06-30:exit:2023-07-03,order:strategy_003_ma_trend_holding_days:v1:002475.SZ:2023-06-30:exit:2023-07-03,002475.SZ,sell,1700,14.49,2023-07-03,24629.46,7.39,24.63,0.00,32.02,24597.44
trade:order:strategy_003_ma_trend_holding_days:v1:000001.SZ:2023-07-03:entry:2023-07-04,order:strategy_003_ma_trend_holding_days:v1:000001.SZ:2023-07-03:entry:2023-07-04,000001.SZ,buy,500,10.19,2023-07-04,5093.80,5.00,0.00,0.00,5.00,-5098.80
trade:order:strategy_003_ma_trend_holding_days:v1:000002.SZ:2023-07-03:entry:2023-07-04,order:strategy_003_ma_trend_holding_days:v1:000002.SZ:2023-07-03:entry:2023-07-04,000002.SZ,buy,500,10.69,2023-07-04,5345.89,5.00,0.00,0.00,5.00,-5350.89
trade:order:strategy_003_ma_trend_holding_days:v1:600519.SH:2023-07-03:entry:2023-07-04,order:strategy_003_ma_trend_holding_days:v1:600519.SH:2023-07-03:entry:2023-07-04,600519.SH,buy,400,11.75,2023-07-04,4699.64,5.00,0.00,0.00,5.00,-4704.64
trade:order:strategy_003_ma_trend_holding_days:v1:600036.SH:2023-07-03:entry:2023-07-04,order:strategy_003_ma_trend_holding_days:v1:600036.SH:2023-07-03:entry:2023-07-04,600036.SH,buy,400,12.25,2023-07-04,4899.81,5.00,0.00,0.00,5.00,-4904.81
trade:order:strategy_003_ma_trend_holding_days:v1:300750.SZ:2023-07-03:entry:2023-07-04,order:strategy_003_ma_trend_holding_days:v1:300750.SZ:2023-07-03:entry:2023-07-04,300750.SZ,buy,300,14.82,2023-07-04,4446.58,5.00,0.00,0.00,5.00,-4451.58
trade:order:strategy_003_ma_trend_holding_days:v1:601318.SH:2023-07-03:entry:2023-07-04,order:strategy_003_ma_trend_holding_days:v1:601318.SH:2023-07-03:entry:2023-07-04,601318.SH,buy,300,12.11,2023-07-04,3632.11,5.00,0.00,0.00,5.00,-3637.11
trade:order:strategy_003_ma_trend_holding_days:v1:002475.SZ:2023-07-03:exit:2023-07-04,order:strategy_003_ma_trend_holding_days:v1:002475.SZ:2023-07-03:exit:2023-07-04,002475.SZ,sell,300,14.46,2023-07-04,4338.30,5.00,4.34,0.00,9.34,4328.97
trade:order:strategy_003_ma_trend_holding_days:v1:000001.SZ:2023-07-04:entry:2023-07-05,order:strategy_003_ma_trend_holding_days:v1:000001.SZ:2023-07-04:entry:2023-07-05,000001.SZ,buy,100,10.12,2023-07-05,1011.74,5.00,0.00,0.00,5.00,-1016.74
trade:order:strategy_003_ma_trend_holding_days:v1:000001.SZ:2023-07-06:exit:2023-07-07,order:strategy_003_ma_trend_holding_days:v1:000001.SZ:2023-07-06:exit:2023-07-07,000001.SZ,sell,1700,10.14,2023-07-07,17245.11,5.17,17.25,0.00,22.42,17222.69
trade:order:strategy_003_ma_trend_holding_days:v1:000002.SZ:2023-07-07:entry:2023-07-10,order:strategy_003_ma_trend_holding_days:v1:000002.SZ:2023-07-07:entry:2023-07-10,000002.SZ,buy,400,10.61,2023-07-10,4242.61,5.00,0.00,0.00,5.00,-4247.61
trade:order:strategy_003_ma_trend_holding_days:v1:600519.SH:2023-07-07:entry:2023-07-10,order:strategy_003_ma_trend_holding_days:v1:600519.SH:2023-07-07:entry:2023-07-10,600519.SH,buy,300,11.89,2023-07-10,3566.12,5.00,0.00,0.00,5.00,-3571.12
trade:order:strategy_003_ma_trend_holding_days:v1:600036.SH:2023-07-07:entry:2023-07-10,order:strategy_003_ma_trend_holding_days:v1:600036.SH:2023-07-07:entry:2023-07-10,600036.SH,buy,300,12.41,2023-07-10,3723.11,5.00,0.00,0.00,5.00,-3728.11
trade:order:strategy_003_ma_trend_holding_days:v1:601318.SH:2023-07-07:entry:2023-07-10,order:strategy_003_ma_trend_holding_days:v1:601318.SH:2023-07-07:entry:2023-07-10,601318.SH,buy,300,12.13,2023-07-10,3639.60,5.00,0.00,0.00,5.00,-3644.60
trade:order:strategy_003_ma_trend_holding_days:v1:300750.SZ:2023-07-07:exit:2023-07-10,order:strategy_003_ma_trend_holding_days:v1:300750.SZ:2023-07-07:exit:2023-07-10,300750.SZ,sell,1600,14.65,2023-07-10,23446.88,7.03,23.45,0.00,30.48,23416.40
trade:order:strategy_003_ma_trend_holding_days:v1:000002.SZ:2023-07-10:entry:2023-07-11,order:strategy_003_ma_trend_holding_days:v1:000002.SZ:2023-07-10:entry:2023-07-11,000002.SZ,buy,500,10.68,2023-07-11,5339.67,5.00,0.00,0.00,5.00,-5344.67
trade:order:strategy_003_ma_trend_holding_days:v1:600519.SH:2023-07-10:entry:2023-07-11,order:strategy_003_ma_trend_holding_days:v1:600519.SH:2023-07-10:entry:2023-07-11,600519.SH,buy,500,11.81,2023-07-11,5904.34,5.00,0.00,0.00,5.00,-5909.34
trade:order:strategy_003_ma_trend_holding_days:v1:600036.SH:2023-07-10:entry:2023-07-11,order:strategy_003_ma_trend_holding_days:v1:600036.SH:2023-07-10:entry:2023-07-11,600036.SH,buy,400,12.40,2023-07-11,4958.87,5.00,0.00,0.00,5.00,-4963.87
trade:order:strategy_003_ma_trend_holding_days:v1:601318.SH:2023-07-10:exit:2023-07-11,order:strategy_003_ma_trend_holding_days:v1:601318.SH:2023-07-10:exit:2023-07-11,601318.SH,sell,2800,12.18,2023-07-11,34100.17,10.23,34.10,0.00,44.33,34055.84
trade:order:strategy_003_ma_trend_holding_days:v1:000001.SZ:2023-07-11:entry:2023-07-12,order:strategy_003_ma_trend_holding_days:v1:000001.SZ:2023-07-11:entry:2023-07-12,000001.SZ,buy,900,10.13,2023-07-12,9114.41,5.00,0.00,0.00,5.00,-9119.41
trade:order:strategy_003_ma_trend_holding_days:v1:000002.SZ:2023-07-11:entry:2023-07-12,order:strategy_003_ma_trend_holding_days:v1:000002.SZ:2023-07-11:entry:2023-07-12,000002.SZ,buy,800,10.59,2023-07-12,8468.90,5.00,0.00,0.00,5.00,-8473.90
trade:order:strategy_003_ma_trend_holding_days:v1:600519.SH:2023-07-11:entry:2023-07-12,order:strategy_003_ma_trend_holding_days:v1:600519.SH:2023-07-11:entry:2023-07-12,600519.SH,buy,800,11.79,2023-07-12,9433.83,5.00,0.00,0.00,5.00,-9438.83
trade:order:strategy_003_ma_trend_holding_days:v1:601318.SH:2023-07-11:exit:2023-07-12,order:strategy_003_ma_trend_holding_days:v1:601318.SH:2023-07-11:exit:2023-07-12,601318.SH,sell,300,12.08,2023-07-12,3625.01,5.00,3.63,0.00,8.63,3616.39
trade:order:strategy_003_ma_trend_holding_days:v1:600036.SH:2023-07-11:exit:2023-07-12,order:strategy_003_ma_trend_holding_days:v1:600036.SH:2023-07-11:exit:2023-07-12,600036.SH,sell,1100,12.38,2023-07-12,13618.76,5.00,13.62,0.00,18.62,13600.14
trade:order:strategy_003_ma_trend_holding_days:v1:000002.SZ:2023-07-12:entry:2023-07-13,order:strategy_003_ma_trend_holding_days:v1:000002.SZ:2023-07-12:entry:2023-07-13,000002.SZ,buy,700,10.47,2023-07-13,7330.92,5.00,0.00,0.00,5.00,-7335.92
trade:order:strategy_003_ma_trend_holding_days:v1:600519.SH:2023-07-12:entry:2023-07-13,order:strategy_003_ma_trend_holding_days:v1:600519.SH:2023-07-12:entry:2023-07-13,600519.SH,buy,600,11.70,2023-07-13,7019.09,5.00,0.00,0.00,5.00,-7024.09
trade:order:strategy_003_ma_trend_holding_days:v1:601318.SH:2023-07-12:entry:2023-07-13,order:strategy_003_ma_trend_holding_days:v1:601318.SH:2023-07-12:entry:2023-07-13,601318.SH,buy,600,12.20,2023-07-13,7321.96,5.00,0.00,0.00,5.00,-7326.96
trade:order:strategy_003_ma_trend_holding_days:v1:600036.SH:2023-07-12:exit:2023-07-13,order:strategy_003_ma_trend_holding_days:v1:600036.SH:2023-07-12:exit:2023-07-13,600036.SH,sell,400,12.39,2023-07-13,4955.79,5.00,4.96,0.00,9.96,4945.84
trade:order:strategy_003_ma_trend_holding_days:v1:600519.SH:2023-07-13:entry:2023-07-14,order:strategy_003_ma_trend_holding_days:v1:600519.SH:2023-07-13:entry:2023-07-14,600519.SH,buy,300,11.67,2023-07-14,3502.26,5.00,0.00,0.00,5.00,-3507.26
trade:order:strategy_003_ma_trend_holding_days:v1:601318.SH:2023-07-13:entry:2023-07-14,order:strategy_003_ma_trend_holding_days:v1:601318.SH:2023-07-13:entry:2023-07-14,601318.SH,buy,300,12.22,2023-07-14,3664.58,5.00,0.00,0.00,5.00,-3669.58
trade:order:strategy_003_ma_trend_holding_days:v1:000002.SZ:2023-07-13:exit:2023-07-14,order:strategy_003_ma_trend_holding_days:v1:000002.SZ:2023-07-13:exit:2023-07-14,000002.SZ,sell,2800,10.48,2023-07-14,29356.01,8.81,29.36,0.00,38.16,29317.85
trade:order:strategy_003_ma_trend_holding_days:v1:000001.SZ:2023-07-13:exit:2023-07-14,order:strategy_003_ma_trend_holding_days:v1:000001.SZ:2023-07-13:exit:2023-07-14,000001.SZ,sell,900,10.21,2023-07-14,9189.14,5.00,9.19,0.00,14.19,9174.95
trade:order:strategy_003_ma_trend_holding_days:v1:000001.SZ:2023-07-14:entry:2023-07-17,order:strategy_003_ma_trend_holding_days:v1:000001.SZ:2023-07-14:entry:2023-07-17,000001.SZ,buy,1000,10.15,2023-07-17,10147.56,5.00,0.00,0.00,5.00,-10152.56
trade:order:strategy_003_ma_trend_holding_days:v1:600519.SH:2023-07-14:entry:2023-07-17,order:strategy_003_ma_trend_holding_days:v1:600519.SH:2023-07-14:entry:2023-07-17,600519.SH,buy,800,11.68,2023-07-17,9342.98,5.00,0.00,0.00,5.00,-9347.98
trade:order:strategy_003_ma_trend_holding_days:v1:601318.SH:2023-07-14:entry:2023-07-17,order:strategy_003_ma_trend_holding_days:v1:601318.SH:2023-07-14:entry:2023-07-17,601318.SH,buy,800,12.08,2023-07-17,9660.30,5.00,0.00,0.00,5.00,-9665.30
trade:order:strategy_003_ma_trend_holding_days:v1:000002.SZ:2023-07-14:exit:2023-07-17,order:strategy_003_ma_trend_holding_days:v1:000002.SZ:2023-07-14:exit:2023-07-17,000002.SZ,sell,700,10.62,2023-07-17,7437.22,5.00,7.44,0.00,12.44,7424.78
trade:order:strategy_003_ma_trend_holding_days:v1:601318.SH:2023-07-17:entry:2023-07-18,order:strategy_003_ma_trend_holding_days:v1:601318.SH:2023-07-17:entry:2023-07-18,601318.SH,buy,400,12.11,2023-07-18,4844.04,5.00,0.00,0.00,5.00,-4849.04
trade:order:strategy_003_ma_trend_holding_days:v1:600519.SH:2023-07-17:exit:2023-07-18,order:strategy_003_ma_trend_holding_days:v1:600519.SH:2023-07-17:exit:2023-07-18,600519.SH,sell,2900,11.64,2023-07-18,33743.78,10.12,33.74,0.00,43.87,33699.91
trade:order:strategy_003_ma_trend_holding_days:v1:600519.SH:2023-07-18:exit:2023-07-19,order:strategy_003_ma_trend_holding_days:v1:600519.SH:2023-07-18:exit:2023-07-19,600519.SH,sell,800,11.72,2023-07-19,9377.18,5.00,9.38,0.00,14.38,9362.80
trade:order:strategy_003_ma_trend_holding_days:v1:601318.SH:2023-07-18:exit:2023-07-19,order:strategy_003_ma_trend_holding_days:v1:601318.SH:2023-07-18:exit:2023-07-19,601318.SH,sell,1700,12.03,2023-07-19,20454.61,6.14,20.45,0.00,26.59,20428.02
trade:order:strategy_003_ma_trend_holding_days:v1:000001.SZ:2023-07-18:exit:2023-07-19,order:strategy_003_ma_trend_holding_days:v1:000001.SZ:2023-07-18:exit:2023-07-19,000001.SZ,sell,1000,10.37,2023-07-19,10366.06,5.00,10.37,0.00,15.37,10350.69
trade:order:strategy_003_ma_trend_holding_days:v1:000001.SZ:2023-07-19:entry:2023-07-20,order:strategy_003_ma_trend_holding_days:v1:000001.SZ:2023-07-19:entry:2023-07-20,000001.SZ,buy,1900,10.11,2023-07-20,19215.51,5.76,0.00,0.00,5.76,-19221.27
trade:order:strategy_003_ma_trend_holding_days:v1:600519.SH:2023-07-19:entry:2023-07-20,order:strategy_003_ma_trend_holding_days:v1:600519.SH:2023-07-19:entry:2023-07-20,600519.SH,buy,1600,11.71,2023-07-20,18729.58,5.62,0.00,0.00,5.62,-18735.20
trade:order:strategy_003_ma_trend_holding_days:v1:002475.SZ:2023-07-19:entry:2023-07-20,order:strategy_003_ma_trend_holding_days:v1:002475.SZ:2023-07-19:entry:2023-07-20,002475.SZ,buy,1300,14.66,2023-07-20,19063.47,5.72,0.00,0.00,5.72,-19069.19
trade:order:strategy_003_ma_trend_holding_days:v1:601318.SH:2023-07-19:exit:2023-07-20,order:strategy_003_ma_trend_holding_days:v1:601318.SH:2023-07-19:exit:2023-07-20,601318.SH,sell,400,12.14,2023-07-20,4855.91,5.00,4.86,0.00,9.86,4846.05
trade:order:strategy_003_ma_trend_holding_days:v1:002475.SZ:2023-07-20:entry:2023-07-21,order:strategy_003_ma_trend_holding_days:v1:002475.SZ:2023-07-20:entry:2023-07-21,002475.SZ,buy,600,14.43,2023-07-21,8660.95,5.00,0.00,0.00,5.00,-8665.95
trade:order:strategy_003_ma_trend_holding_days:v1:000001.SZ:2023-07-21:exit:2023-07-24,order:strategy_003_ma_trend_holding_days:v1:000001.SZ:2023-07-21:exit:2023-07-24,000001.SZ,sell,1900,10.31,2023-07-24,19582.66,5.87,19.58,0.00,25.46,19557.21
trade:order:strategy_003_ma_trend_holding_days:v1:600519.SH:2023-07-21:exit:2023-07-24,order:strategy_003_ma_trend_holding_days:v1:600519.SH:2023-07-21:exit:2023-07-24,600519.SH,sell,1600,11.89,2023-07-24,19024.12,5.71,19.02,0.00,24.73,18999.39
trade:order:strategy_003_ma_trend_holding_days:v1:002475.SZ:2023-07-21:exit:2023-07-24,order:strategy_003_ma_trend_holding_days:v1:002475.SZ:2023-07-21:exit:2023-07-24,002475.SZ,sell,1300,14.51,2023-07-24,18868.58,5.66,18.87,0.00,24.53,18844.05
trade:order:strategy_003_ma_trend_holding_days:v1:000001.SZ:2023-07-24:entry:2023-07-25,order:strategy_003_ma_trend_holding_days:v1:000001.SZ:2023-07-24:entry:2023-07-25,000001.SZ,buy,1800,10.20,2023-07-25,18364.82,5.51,0.00,0.00,5.51,-18370.33
trade:order:strategy_003_ma_trend_holding_days:v1:000002.SZ:2023-07-24:entry:2023-07-25,order:strategy_003_ma_trend_holding_days:v1:000002.SZ:2023-07-24:entry:2023-07-25,000002.SZ,buy,1800,10.68,2023-07-25,19224.37,5.77,0.00,0.00,5.77,-19230.14
trade:order:strategy_003_ma_trend_holding_days:v1:600519.SH:2023-07-24:entry:2023-07-25,order:strategy_003_ma_trend_holding_days:v1:600519.SH:2023-07-24:entry:2023-07-25,600519.SH,buy,1600,11.85,2023-07-25,18965.43,5.69,0.00,0.00,5.69,-18971.12
trade:order:strategy_003_ma_trend_holding_days:v1:002475.SZ:2023-07-24:exit:2023-07-25,order:strategy_003_ma_trend_holding_days:v1:002475.SZ:2023-07-24:exit:2023-07-25,002475.SZ,sell,600,14.58,2023-07-25,8748.14,5.00,8.75,0.00,13.75,8734.39
trade:order:strategy_003_ma_trend_holding_days:v1:000001.SZ:2023-07-25:entry:2023-07-26,order:strategy_003_ma_trend_holding_days:v1:000001.SZ:2023-07-25:entry:2023-07-26,000001.SZ,buy,900,10.30,2023-07-26,9268.64,5.00,0.00,0.00,5.00,-9273.64
trade:order:strategy_003_ma_trend_holding_days:v1:000002.SZ:2023-07-25:entry:2023-07-26,order:strategy_003_ma_trend_holding_days:v1:000002.SZ:2023-07-25:entry:2023-07-26,000002.SZ,buy,900,10.73,2023-07-26,9656.30,5.00,0.00,0.00,5.00,-9661.30
trade:order:strategy_003_ma_trend_holding_days:v1:600519.SH:2023-07-25:entry:2023-07-26,order:strategy_003_ma_trend_holding_days:v1:600519.SH:2023-07-25:entry:2023-07-26,600519.SH,buy,800,11.70,2023-07-26,9358.60,5.00,0.00,0.00,5.00,-9363.60
trade:order:strategy_003_ma_trend_holding_days:v1:002475.SZ:2023-07-25:entry:2023-07-26,order:strategy_003_ma_trend_holding_days:v1:002475.SZ:2023-07-25:entry:2023-07-26,002475.SZ,buy,600,14.53,2023-07-26,8719.09,5.00,0.00,0.00,5.00,-8724.09
trade:order:strategy_003_ma_trend_holding_days:v1:000002.SZ:2023-07-26:entry:2023-07-27,order:strategy_003_ma_trend_holding_days:v1:000002.SZ:2023-07-26:entry:2023-07-27,000002.SZ,buy,200,10.58,2023-07-27,2115.03,5.00,0.00,0.00,5.00,-2120.03
trade:order:strategy_003_ma_trend_holding_days:v1:000001.SZ:2023-07-26:exit:2023-07-27,order:strategy_003_ma_trend_holding_days:v1:000001.SZ:2023-07-26:exit:2023-07-27,000001.SZ,sell,1800,10.22,2023-07-27,18397.19,5.52,18.40,0.00,23.92,18373.27
trade:order:strategy_003_ma_trend_holding_days:v1:600519.SH:2023-07-26:exit:2023-07-27,order:strategy_003_ma_trend_holding_days:v1:600519.SH:2023-07-26:exit:2023-07-27,600519.SH,sell,1600,11.78,2023-07-27,18855.38,5.66,18.86,0.00,24.51,18830.87
trade:order:strategy_003_ma_trend_holding_days:v1:000002.SZ:2023-07-27:entry:2023-07-28,order:strategy_003_ma_trend_holding_days:v1:000002.SZ:2023-07-27:entry:2023-07-28,000002.SZ,buy,800,10.62,2023-07-28,8493.93,5.00,0.00,0.00,5.00,-8498.93
trade:order:strategy_003_ma_trend_holding_days:v1:002475.SZ:2023-07-27:entry:2023-07-28,order:strategy_003_ma_trend_holding_days:v1:002475.SZ:2023-07-27:entry:2023-07-28,002475.SZ,buy,600,14.39,2023-07-28,8635.36,5.00,0.00,0.00,5.00,-8640.36
trade:order:strategy_003_ma_trend_holding_days:v1:000001.SZ:2023-07-27:exit:2023-07-28,order:strategy_003_ma_trend_holding_days:v1:000001.SZ:2023-07-27:exit:2023-07-28,000001.SZ,sell,900,10.29,2023-07-28,9260.34,5.00,9.26,0.00,14.26,9246.08
trade:order:strategy_003_ma_trend_holding_days:v1:600519.SH:2023-07-27:exit:2023-07-28,order:strategy_003_ma_trend_holding_days:v1:600519.SH:2023-07-27:exit:2023-07-28,600519.SH,sell,800,11.67,2023-07-28,9339.08,5.00,9.34,0.00,14.34,9324.74
trade:order:strategy_003_ma_trend_holding_days:v1:000002.SZ:2023-07-28:entry:2023-07-31,order:strategy_003_ma_trend_holding_days:v1:000002.SZ:2023-07-28:entry:2023-07-31,000002.SZ,buy,800,10.81,2023-07-31,8647.93,5.00,0.00,0.00,5.00,-8652.93
trade:order:strategy_003_ma_trend_holding_days:v1:002475.SZ:2023-07-28:entry:2023-07-31,order:strategy_003_ma_trend_holding_days:v1:002475.SZ:2023-07-28:entry:2023-07-31,002475.SZ,buy,600,14.54,2023-07-31,8724.82,5.00,0.00,0.00,5.00,-8729.82
trade:order:strategy_003_ma_trend_holding_days:v1:000001.SZ:2023-07-31:entry:2023-08-01,order:strategy_003_ma_trend_holding_days:v1:000001.SZ:2023-07-31:entry:2023-08-01,000001.SZ,buy,500,10.65,2023-08-01,5327.34,5.00,0.00,0.00,5.00,-5332.34
trade:order:strategy_003_ma_trend_holding_days:v1:000002.SZ:2023-07-31:entry:2023-08-01,order:strategy_003_ma_trend_holding_days:v1:000002.SZ:2023-07-31:entry:2023-08-01,000002.SZ,buy,500,11.03,2023-08-01,5514.10,5.00,0.00,0.00,5.00,-5519.10
trade:order:strategy_003_ma_trend_holding_days:v1:002475.SZ:2023-07-31:entry:2023-08-01,order:strategy_003_ma_trend_holding_days:v1:002475.SZ:2023-07-31:entry:2023-08-01,002475.SZ,buy,400,15.16,2023-08-01,6064.96,5.00,0.00,0.00,5.00,-6069.96
trade:order:strategy_003_ma_trend_holding_days:v1:000001.SZ:2023-08-01:entry:2023-08-02,order:strategy_003_ma_trend_holding_days:v1:000001.SZ:2023-08-01:entry:2023-08-02,000001.SZ,buy,200,10.31,2023-08-02,2061.16,5.00,0.00,0.00,5.00,-2066.16
trade:order:strategy_003_ma_trend_holding_days:v1:000002.SZ:2023-08-01:entry:2023-08-02,order:strategy_003_ma_trend_holding_days:v1:000002.SZ:2023-08-01:entry:2023-08-02,000002.SZ,buy,200,10.79,2023-08-02,2158.58,5.00,0.00,0.00,5.00,-2163.58
trade:order:strategy_003_ma_trend_holding_days:v1:600519.SH:2023-08-01:entry:2023-08-02,order:strategy_003_ma_trend_holding_days:v1:600519.SH:2023-08-01:entry:2023-08-02,600519.SH,buy,200,11.81,2023-08-02,2362.69,5.00,0.00,0.00,5.00,-2367.69
trade:order:strategy_003_ma_trend_holding_days:v1:600036.SH:2023-08-01:entry:2023-08-02,order:strategy_003_ma_trend_holding_days:v1:600036.SH:2023-08-01:entry:2023-08-02,600036.SH,buy,200,12.19,2023-08-02,2437.98,5.00,0.00,0.00,5.00,-2442.98
trade:order:strategy_003_ma_trend_holding_days:v1:300750.SZ:2023-08-01:entry:2023-08-02,order:strategy_003_ma_trend_holding_days:v1:300750.SZ:2023-08-01:entry:2023-08-02,300750.SZ,buy,100,14.53,2023-08-02,1453.46,5.00,0.00,0.00,5.00,-1458.46
trade:order:strategy_003_ma_trend_holding_days:v1:601318.SH:2023-08-01:entry:2023-08-02,order:strategy_003_ma_trend_holding_days:v1:601318.SH:2023-08-01:entry:2023-08-02,601318.SH,buy,200,12.01,2023-08-02,2402.38,5.00,0.00,0.00,5.00,-2407.38
trade:order:strategy_003_ma_trend_holding_days:v1:000001.SZ:2023-08-03:exit:2023-08-04,order:strategy_003_ma_trend_holding_days:v1:000001.SZ:2023-08-03:exit:2023-08-04,000001.SZ,sell,700,10.18,2023-08-04,7125.11,5.00,7.13,0.00,12.13,7112.98
trade:order:strategy_003_ma_trend_holding_days:v1:600519.SH:2023-08-03:exit:2023-08-04,order:strategy_003_ma_trend_holding_days:v1:600519.SH:2023-08-03:exit:2023-08-04,600519.SH,sell,200,11.61,2023-08-04,2321.61,5.00,2.32,0.00,7.32,2314.29
trade:order:strategy_003_ma_trend_holding_days:v1:600036.SH:2023-08-03:exit:2023-08-04,order:strategy_003_ma_trend_holding_days:v1:600036.SH:2023-08-03:exit:2023-08-04,600036.SH,sell,200,12.09,2023-08-04,2418.30,5.00,2.42,0.00,7.42,2410.88
trade:order:strategy_003_ma_trend_holding_days:v1:300750.SZ:2023-08-03:exit:2023-08-04,order:strategy_003_ma_trend_holding_days:v1:300750.SZ:2023-08-03:exit:2023-08-04,300750.SZ,sell,100,14.36,2023-08-04,1436.49,5.00,1.44,0.00,6.44,1430.05
trade:order:strategy_003_ma_trend_holding_days:v1:601318.SH:2023-08-03:exit:2023-08-04,order:strategy_003_ma_trend_holding_days:v1:601318.SH:2023-08-03:exit:2023-08-04,601318.SH,sell,200,11.87,2023-08-04,2373.86,5.00,2.37,0.00,7.37,2366.49
trade:order:strategy_003_ma_trend_holding_days:v1:000002.SZ:2023-08-04:entry:2023-08-07,order:strategy_003_ma_trend_holding_days:v1:000002.SZ:2023-08-04:entry:2023-08-07,000002.SZ,buy,200,10.83,2023-08-07,2166.35,5.00,0.00,0.00,5.00,-2171.35
trade:order:strategy_003_ma_trend_holding_days:v1:002475.SZ:2023-08-04:entry:2023-08-07,order:strategy_003_ma_trend_holding_days:v1:002475.SZ:2023-08-04:entry:2023-08-07,002475.SZ,buy,200,14.50,2023-08-07,2900.13,5.00,0.00,0.00,5.00,-2905.13
trade:order:strategy_003_ma_trend_holding_days:v1:000001.SZ:2023-08-07:entry:2023-08-08,order:strategy_003_ma_trend_holding_days:v1:000001.SZ:2023-08-07:entry:2023-08-08,000001.SZ,buy,200,10.32,2023-08-08,2064.30,5.00,0.00,0.00,5.00,-2069.30
trade:order:strategy_003_ma_trend_holding_days:v1:000002.SZ:2023-08-07:entry:2023-08-08,order:strategy_003_ma_trend_holding_days:v1:000002.SZ:2023-08-07:entry:2023-08-08,000002.SZ,buy,200,10.68,2023-08-08,2136.71,5.00,0.00,0.00,5.00,-2141.71
trade:order:strategy_003_ma_trend_holding_days:v1:002475.SZ:2023-08-07:entry:2023-08-08,order:strategy_003_ma_trend_holding_days:v1:002475.SZ:2023-08-07:entry:2023-08-08,002475.SZ,buy,100,14.61,2023-08-08,1460.92,5.00,0.00,0.00,5.00,-1465.92
trade:order:strategy_003_ma_trend_holding_days:v1:002475.SZ:2023-08-08:exit:2023-08-09,order:strategy_003_ma_trend_holding_days:v1:002475.SZ:2023-08-08:exit:2023-08-09,002475.SZ,sell,2400,14.64,2023-08-09,35124.30,10.54,35.12,0.00,45.66,35078.64
trade:order:strategy_003_ma_trend_holding_days:v1:000001.SZ:2023-08-09:entry:2023-08-10,order:strategy_003_ma_trend_holding_days:v1:000001.SZ:2023-08-09:entry:2023-08-10,000001.SZ,buy,700,10.43,2023-08-10,7303.21,5.00,0.00,0.00,5.00,-7308.21
trade:order:strategy_003_ma_trend_holding_days:v1:000002.SZ:2023-08-09:exit:2023-08-10,order:strategy_003_ma_trend_holding_days:v1:000002.SZ:2023-08-09:exit:2023-08-10,000002.SZ,sell,5600,10.85,2023-08-10,60759.90,18.23,60.76,0.00,78.99,60680.91
trade:order:strategy_003_ma_trend_holding_days:v1:002475.SZ:2023-08-09:exit:2023-08-10,order:strategy_003_ma_trend_holding_days:v1:002475.SZ:2023-08-09:exit:2023-08-10,002475.SZ,sell,100,14.62,2023-08-10,1462.03,5.00,1.46,0.00,6.46,1455.57
trade:order:strategy_003_ma_trend_holding_days:v1:000001.SZ:2023-08-10:entry:2023-08-11,order:strategy_003_ma_trend_holding_days:v1:000001.SZ:2023-08-10:entry:2023-08-11,000001.SZ,buy,1800,10.30,2023-08-11,18540.17,5.56,0.00,0.00,5.56,-18545.73
trade:order:strategy_003_ma_trend_holding_days:v1:000002.SZ:2023-08-10:entry:2023-08-11,order:strategy_003_ma_trend_holding_days:v1:000002.SZ:2023-08-10:entry:2023-08-11,000002.SZ,buy,1700,10.72,2023-08-11,18220.15,5.47,0.00,0.00,5.47,-18225.61
trade:order:strategy_003_ma_trend_holding_days:v1:000001.SZ:2023-08-11:entry:2023-08-14,order:strategy_003_ma_trend_holding_days:v1:000001.SZ:2023-08-11:entry:2023-08-14,000001.SZ,buy,1100,10.33,2023-08-14,11366.83,5.00,0.00,0.00,5.00,-11371.83
trade:order:strategy_003_ma_trend_holding_days:v1:000002.SZ:2023-08-11:entry:2023-08-14,order:strategy_003_ma_trend_holding_days:v1:000002.SZ:2023-08-11:entry:2023-08-14,000002.SZ,buy,1000,10.85,2023-08-14,10852.73,5.00,0.00,0.00,5.00,-10857.73
trade:order:strategy_003_ma_trend_holding_days:v1:000001.SZ:2023-08-14:entry:2023-08-15,order:strategy_003_ma_trend_holding_days:v1:000001.SZ:2023-08-14:entry:2023-08-15,000001.SZ,buy,700,10.24,2023-08-15,7168.27,5.00,0.00,0.00,5.00,-7173.27
trade:order:strategy_003_ma_trend_holding_days:v1:000002.SZ:2023-08-14:entry:2023-08-15,order:strategy_003_ma_trend_holding_days:v1:000002.SZ:2023-08-14:entry:2023-08-15,000002.SZ,buy,600,10.74,2023-08-15,6443.79,5.00,0.00,0.00,5.00,-6448.79
trade:order:strategy_003_ma_trend_holding_days:v1:000001.SZ:2023-08-15:entry:2023-08-16,order:strategy_003_ma_trend_holding_days:v1:000001.SZ:2023-08-15:entry:2023-08-16,000001.SZ,buy,400,10.35,2023-08-16,4138.13,5.00,0.00,0.00,5.00,-4143.13
trade:order:strategy_003_ma_trend_holding_days:v1:000002.SZ:2023-08-15:entry:2023-08-16,order:strategy_003_ma_trend_holding_days:v1:000002.SZ:2023-08-15:entry:2023-08-16,000002.SZ,buy,400,10.68,2023-08-16,4273.36,5.00,0.00,0.00,5.00,-4278.36
trade:order:strategy_003_ma_trend_holding_days:v1:000001.SZ:2023-08-16:entry:2023-08-17,order:strategy_003_ma_trend_holding_days:v1:000001.SZ:2023-08-16:entry:2023-08-17,000001.SZ,buy,200,10.42,2023-08-17,2083.77,5.00,0.00,0.00,5.00,-2088.77
trade:order:strategy_003_ma_trend_holding_days:v1:000002.SZ:2023-08-16:entry:2023-08-17,order:strategy_003_ma_trend_holding_days:v1:000002.SZ:2023-08-16:entry:2023-08-17,000002.SZ,buy,200,10.78,2023-08-17,2156.52,5.00,0.00,0.00,5.00,-2161.52
trade:order:strategy_003_ma_trend_holding_days:v1:000001.SZ:2023-08-17:entry:2023-08-18,order:strategy_003_ma_trend_holding_days:v1:000001.SZ:2023-08-17:entry:2023-08-18,000001.SZ,buy,100,10.30,2023-08-18,1029.88,5.00,0.00,0.00,5.00,-1034.88
trade:order:strategy_003_ma_trend_holding_days:v1:000002.SZ:2023-08-17:entry:2023-08-18,order:strategy_003_ma_trend_holding_days:v1:000002.SZ:2023-08-17:entry:2023-08-18,000002.SZ,buy,100,10.97,2023-08-18,1096.96,5.00,0.00,0.00,5.00,-1101.96
trade:order:strategy_003_ma_trend_holding_days:v1:000001.SZ:2023-08-18:entry:2023-08-21,order:strategy_003_ma_trend_holding_days:v1:000001.SZ:2023-08-18:entry:2023-08-21,000001.SZ,buy,100,10.39,2023-08-21,1038.66,5.00,0.00,0.00,5.00,-1043.66
trade:order:strategy_003_ma_trend_holding_days:v1:000002.SZ:2023-08-18:entry:2023-08-21,order:strategy_003_ma_trend_holding_days:v1:000002.SZ:2023-08-18:entry:2023-08-21,000002.SZ,buy,100,10.79,2023-08-21,1078.89,5.00,0.00,0.00,5.00,-1083.89
trade:order:strategy_003_ma_trend_holding_days:v1:000001.SZ:2023-08-21:entry:2023-08-22,order:strategy_003_ma_trend_holding_days:v1:000001.SZ:2023-08-21:entry:2023-08-22,000001.SZ,buy,100,10.41,2023-08-22,1041.32,5.00,0.00,0.00,5.00,-1046.32
trade:order:strategy_003_ma_trend_holding_days:v1:000002.SZ:2023-08-21:entry:2023-08-22,order:strategy_003_ma_trend_holding_days:v1:000002.SZ:2023-08-21:entry:2023-08-22,000002.SZ,buy,100,10.82,2023-08-22,1081.53,5.00,0.00,0.00,5.00,-1086.53
trade:order:strategy_003_ma_trend_holding_days:v1:000001.SZ:2023-08-23:exit:2023-08-24,order:strategy_003_ma_trend_holding_days:v1:000001.SZ:2023-08-23:exit:2023-08-24,000001.SZ,sell,5400,10.62,2023-08-24,57346.50,17.20,57.35,0.00,74.55,57271.95
trade:order:strategy_003_ma_trend_holding_days:v1:000001.SZ:2023-08-24:entry:2023-08-25,order:strategy_003_ma_trend_holding_days:v1:000001.SZ:2023-08-24:entry:2023-08-25,000001.SZ,buy,1100,10.48,2023-08-25,11529.57,5.00,0.00,0.00,5.00,-11534.57
trade:order:strategy_003_ma_trend_holding_days:v1:000002.SZ:2023-08-24:entry:2023-08-25,order:strategy_003_ma_trend_holding_days:v1:000002.SZ:2023-08-24:entry:2023-08-25,000002.SZ,buy,1100,11.07,2023-08-25,12181.73,5.00,0.00,0.00,5.00,-12186.73
trade:order:strategy_003_ma_trend_holding_days:v1:002475.SZ:2023-08-24:entry:2023-08-25,order:strategy_003_ma_trend_holding_days:v1:002475.SZ:2023-08-24:entry:2023-08-25,002475.SZ,buy,800,14.59,2023-08-25,11672.35,5.00,0.00,0.00,5.00,-11677.35
trade:order:strategy_003_ma_trend_holding_days:v1:000001.SZ:2023-08-25:entry:2023-08-28,order:strategy_003_ma_trend_holding_days:v1:000001.SZ:2023-08-25:entry:2023-08-28,000001.SZ,buy,400,10.49,2023-08-28,4194.64,5.00,0.00,0.00,5.00,-4199.64
trade:order:strategy_003_ma_trend_holding_days:v1:000002.SZ:2023-08-25:entry:2023-08-28,order:strategy_003_ma_trend_holding_days:v1:000002.SZ:2023-08-25:entry:2023-08-28,000002.SZ,buy,400,11.20,2023-08-28,4479.14,5.00,0.00,0.00,5.00,-4484.14
trade:order:strategy_003_ma_trend_holding_days:v1:002475.SZ:2023-08-25:entry:2023-08-28,order:strategy_003_ma_trend_holding_days:v1:002475.SZ:2023-08-25:entry:2023-08-28,002475.SZ,buy,300,14.82,2023-08-28,4446.61,5.00,0.00,0.00,5.00,-4451.61
trade:order:strategy_003_ma_trend_holding_days:v1:000001.SZ:2023-08-28:entry:2023-08-29,order:strategy_003_ma_trend_holding_days:v1:000001.SZ:2023-08-28:entry:2023-08-29,000001.SZ,buy,200,10.55,2023-08-29,2110.22,5.00,0.00,0.00,5.00,-2115.22
trade:order:strategy_003_ma_trend_holding_days:v1:000002.SZ:2023-08-28:exit:2023-08-29,order:strategy_003_ma_trend_holding_days:v1:000002.SZ:2023-08-28:exit:2023-08-29,000002.SZ,sell,5300,11.12,2023-08-29,58911.34,17.67,58.91,0.00,76.58,58834.75
trade:order:strategy_003_ma_trend_holding_days:v1:002475.SZ:2023-08-28:entry:2023-08-29,order:strategy_003_ma_trend_holding_days:v1:002475.SZ:2023-08-28:entry:2023-08-29,002475.SZ,buy,100,14.63,2023-08-29,1462.90,5.00,0.00,0.00,5.00,-1467.90
trade:order:strategy_003_ma_trend_holding_days:v1:000001.SZ:2023-08-29:entry:2023-08-30,order:strategy_003_ma_trend_holding_days:v1:000001.SZ:2023-08-29:entry:2023-08-30,000001.SZ,buy,1200,10.39,2023-08-30,12465.04,5.00,0.00,0.00,5.00,-12470.04
trade:order:strategy_003_ma_trend_holding_days:v1:000002.SZ:2023-08-29:exit:2023-08-30,order:strategy_003_ma_trend_holding_days:v1:000002.SZ:2023-08-29:exit:2023-08-30,000002.SZ,sell,400,11.06,2023-08-30,4425.87,5.00,4.43,0.00,9.43,4416.44
trade:order:strategy_003_ma_trend_holding_days:v1:002475.SZ:2023-08-29:entry:2023-08-30,order:strategy_003_ma_trend_holding_days:v1:002475.SZ:2023-08-29:entry:2023-08-30,002475.SZ,buy,900,14.78,2023-08-30,13304.43,5.00,0.00,0.00,5.00,-13309.43
trade:order:strategy_003_ma_trend_holding_days:v1:000001.SZ:2023-08-30:entry:2023-08-31,order:strategy_003_ma_trend_holding_days:v1:000001.SZ:2023-08-30:entry:2023-08-31,000001.SZ,buy,800,10.52,2023-08-31,8414.74,5.00,0.00,0.00,5.00,-8419.74
trade:order:strategy_003_ma_trend_holding_days:v1:000002.SZ:2023-08-30:entry:2023-08-31,order:strategy_003_ma_trend_holding_days:v1:000002.SZ:2023-08-30:entry:2023-08-31,000002.SZ,buy,800,11.18,2023-08-31,8946.61,5.00,0.00,0.00,5.00,-8951.61
trade:order:strategy_003_ma_trend_holding_days:v1:002475.SZ:2023-08-30:entry:2023-08-31,order:strategy_003_ma_trend_holding_days:v1:002475.SZ:2023-08-30:entry:2023-08-31,002475.SZ,buy,600,14.80,2023-08-31,8882.55,5.00,0.00,0.00,5.00,-8887.55
trade:order:strategy_003_ma_trend_holding_days:v1:000001.SZ:2023-08-31:entry:2023-09-01,order:strategy_003_ma_trend_holding_days:v1:000001.SZ:2023-08-31:entry:2023-09-01,000001.SZ,buy,300,10.50,2023-09-01,3150.73,5.00,0.00,0.00,5.00,-3155.73
trade:order:strategy_003_ma_trend_holding_days:v1:000002.SZ:2023-08-31:entry:2023-09-01,order:strategy_003_ma_trend_holding_days:v1:000002.SZ:2023-08-31:entry:2023-09-01,000002.SZ,buy,300,11.25,2023-09-01,3375.49,5.00,0.00,0.00,5.00,-3380.49
trade:order:strategy_003_ma_trend_holding_days:v1:002475.SZ:2023-08-31:entry:2023-09-01,order:strategy_003_ma_trend_holding_days:v1:002475.SZ:2023-08-31:entry:2023-09-01,002475.SZ,buy,200,14.66,2023-09-01,2931.25,5.00,0.00,0.00,5.00,-2936.25
trade:order:strategy_003_ma_trend_holding_days:v1:000001.SZ:2023-09-01:entry:2023-09-04,order:strategy_003_ma_trend_holding_days:v1:000001.SZ:2023-09-01:entry:2023-09-04,000001.SZ,buy,100,10.48,2023-09-04,1047.57,5.00,0.00,0.00,5.00,-1052.57
trade:order:strategy_003_ma_trend_holding_days:v1:000002.SZ:2023-09-01:entry:2023-09-04,order:strategy_003_ma_trend_holding_days:v1:000002.SZ:2023-09-01:entry:2023-09-04,000002.SZ,buy,100,11.33,2023-09-04,1132.76,5.00,0.00,0.00,5.00,-1137.76
trade:order:strategy_003_ma_trend_holding_days:v1:002475.SZ:2023-09-01:entry:2023-09-04,order:strategy_003_ma_trend_holding_days:v1:002475.SZ:2023-09-01:entry:2023-09-04,002475.SZ,buy,100,14.64,2023-09-04,1463.92,5.00,0.00,0.00,5.00,-1468.92
trade:order:strategy_003_ma_trend_holding_days:v1:000001.SZ:2023-09-04:entry:2023-09-05,order:strategy_003_ma_trend_holding_days:v1:000001.SZ:2023-09-04:entry:2023-09-05,000001.SZ,buy,100,10.57,2023-09-05,1056.71,5.00,0.00,0.00,5.00,-1061.71
trade:order:strategy_003_ma_trend_holding_days:v1:000002.SZ:2023-09-04:entry:2023-09-05,order:strategy_003_ma_trend_holding_days:v1:000002.SZ:2023-09-04:entry:2023-09-05,000002.SZ,buy,100,11.27,2023-09-05,1126.53,5.00,0.00,0.00,5.00,-1131.53
trade:order:strategy_003_ma_trend_holding_days:v1:002475.SZ:2023-09-06:exit:2023-09-07,order:strategy_003_ma_trend_holding_days:v1:002475.SZ:2023-09-06:exit:2023-09-07,002475.SZ,sell,3000,14.60,2023-09-07,43789.67,13.14,43.79,0.00,56.93,43732.75
trade:order:strategy_003_ma_trend_holding_days:v1:000001.SZ:2023-09-07:entry:2023-09-08,order:strategy_003_ma_trend_holding_days:v1:000001.SZ:2023-09-07:entry:2023-09-08,000001.SZ,buy,900,10.64,2023-09-08,9579.98,5.00,0.00,0.00,5.00,-9584.98
trade:order:strategy_003_ma_trend_holding_days:v1:000002.SZ:2023-09-07:entry:2023-09-08,order:strategy_003_ma_trend_holding_days:v1:000002.SZ:2023-09-07:entry:2023-09-08,000002.SZ,buy,800,11.24,2023-09-08,8989.06,5.00,0.00,0.00,5.00,-8994.06
trade:order:strategy_003_ma_trend_holding_days:v1:000001.SZ:2023-09-08:entry:2023-09-11,order:strategy_003_ma_trend_holding_days:v1:000001.SZ:2023-09-08:entry:2023-09-11,000001.SZ,buy,500,10.83,2023-09-11,5415.55,5.00,0.00,0.00,5.00,-5420.55
trade:order:strategy_003_ma_trend_holding_days:v1:000002.SZ:2023-09-08:entry:2023-09-11,order:strategy_003_ma_trend_holding_days:v1:000002.SZ:2023-09-08:entry:2023-09-11,000002.SZ,buy,500,11.26,2023-09-11,5628.73,5.00,0.00,0.00,5.00,-5633.73
trade:order:strategy_003_ma_trend_holding_days:v1:000001.SZ:2023-09-11:exit:2023-09-12,order:strategy_003_ma_trend_holding_days:v1:000001.SZ:2023-09-11:exit:2023-09-12,000001.SZ,sell,5100,10.85,2023-09-12,55316.65,16.59,55.32,0.00,71.91,55244.74
trade:order:strategy_003_ma_trend_holding_days:v1:000002.SZ:2023-09-11:entry:2023-09-12,order:strategy_003_ma_trend_holding_days:v1:000002.SZ:2023-09-11:entry:2023-09-12,000002.SZ,buy,300,11.27,2023-09-12,3380.72,5.00,0.00,0.00,5.00,-3385.72
trade:order:strategy_003_ma_trend_holding_days:v1:000001.SZ:2023-09-12:exit:2023-09-13,order:strategy_003_ma_trend_holding_days:v1:000001.SZ:2023-09-12:exit:2023-09-13,000001.SZ,sell,500,10.70,2023-09-13,5351.94,5.00,5.35,0.00,10.35,5341.59
trade:order:strategy_003_ma_trend_holding_days:v1:000002.SZ:2023-09-12:entry:2023-09-13,order:strategy_003_ma_trend_holding_days:v1:000002.SZ:2023-09-12:entry:2023-09-13,000002.SZ,buy,1200,11.23,2023-09-13,13478.89,5.00,0.00,0.00,5.00,-13483.89
trade:order:strategy_003_ma_trend_holding_days:v1:000001.SZ:2023-09-13:entry:2023-09-14,order:strategy_003_ma_trend_holding_days:v1:000001.SZ:2023-09-13:entry:2023-09-14,000001.SZ,buy,1100,10.68,2023-09-14,11749.36,5.00,0.00,0.00,5.00,-11754.36
trade:order:strategy_003_ma_trend_holding_days:v1:000002.SZ:2023-09-13:entry:2023-09-14,order:strategy_003_ma_trend_holding_days:v1:000002.SZ:2023-09-13:entry:2023-09-14,000002.SZ,buy,1100,11.36,2023-09-14,12494.52,5.00,0.00,0.00,5.00,-12499.52
trade:order:strategy_003_ma_trend_holding_days:v1:000001.SZ:2023-09-14:entry:2023-09-15,order:strategy_003_ma_trend_holding_days:v1:000001.SZ:2023-09-14:entry:2023-09-15,000001.SZ,buy,700,10.63,2023-09-15,7442.20,5.00,0.00,0.00,5.00,-7447.20
trade:order:strategy_003_ma_trend_holding_days:v1:000002.SZ:2023-09-14:entry:2023-09-15,order:strategy_003_ma_trend_holding_days:v1:000002.SZ:2023-09-14:entry:2023-09-15,000002.SZ,buy,600,11.39,2023-09-15,6831.06,5.00,0.00,0.00,5.00,-6836.06
trade:order:strategy_003_ma_trend_holding_days:v1:000001.SZ:2023-09-15:entry:2023-09-18,order:strategy_003_ma_trend_holding_days:v1:000001.SZ:2023-09-15:entry:2023-09-18,000001.SZ,buy,400,10.67,2023-09-18,4266.14,5.00,0.00,0.00,5.00,-4271.14
trade:order:strategy_003_ma_trend_holding_days:v1:000002.SZ:2023-09-15:exit:2023-09-18,order:strategy_003_ma_trend_holding_days:v1:000002.SZ:2023-09-15:exit:2023-09-18,000002.SZ,sell,5200,11.47,2023-09-18,59652.35,17.90,59.65,0.00,77.55,59574.80
trade:order:strategy_003_ma_trend_holding_days:v1:000001.SZ:2023-09-18:entry:2023-09-19,order:strategy_003_ma_trend_holding_days:v1:000001.SZ:2023-09-18:entry:2023-09-19,000001.SZ,buy,1400,10.81,2023-09-19,15130.29,5.00,0.00,0.00,5.00,-15135.29
trade:order:strategy_003_ma_trend_holding_days:v1:000002.SZ:2023-09-18:exit:2023-09-19,order:strategy_003_ma_trend_holding_days:v1:000002.SZ:2023-09-18:exit:2023-09-19,000002.SZ,sell,600,11.50,2023-09-19,6900.82,5.00,6.90,0.00,11.90,6888.92
trade:order:strategy_003_ma_trend_holding_days:v1:000001.SZ:2023-09-19:entry:2023-09-20,order:strategy_003_ma_trend_holding_days:v1:000001.SZ:2023-09-19:entry:2023-09-20,000001.SZ,buy,1300,10.71,2023-09-20,13920.48,5.00,0.00,0.00,5.00,-13925.48
trade:order:strategy_003_ma_trend_holding_days:v1:000002.SZ:2023-09-19:entry:2023-09-20,order:strategy_003_ma_trend_holding_days:v1:000002.SZ:2023-09-19:entry:2023-09-20,000002.SZ,buy,1200,11.26,2023-09-20,13508.12,5.00,0.00,0.00,5.00,-13513.12
trade:order:strategy_003_ma_trend_holding_days:v1:000001.SZ:2023-09-20:entry:2023-09-21,order:strategy_003_ma_trend_holding_days:v1:000001.SZ:2023-09-20:entry:2023-09-21,000001.SZ,buy,800,10.88,2023-09-21,8705.58,5.00,0.00,0.00,5.00,-8710.58
trade:order:strategy_003_ma_trend_holding_days:v1:000002.SZ:2023-09-20:entry:2023-09-21,order:strategy_003_ma_trend_holding_days:v1:000002.SZ:2023-09-20:entry:2023-09-21,000002.SZ,buy,700,11.32,2023-09-21,7925.36,5.00,0.00,0.00,5.00,-7930.36
trade:order:strategy_003_ma_trend_holding_days:v1:000001.SZ:2023-09-21:entry:2023-09-22,order:strategy_003_ma_trend_holding_days:v1:000001.SZ:2023-09-21:entry:2023-09-22,000001.SZ,buy,400,10.78,2023-09-22,4311.01,5.00,0.00,0.00,5.00,-4316.01
trade:order:strategy_003_ma_trend_holding_days:v1:000002.SZ:2023-09-21:entry:2023-09-22,order:strategy_003_ma_trend_holding_days:v1:000002.SZ:2023-09-21:entry:2023-09-22,000002.SZ,buy,400,11.21,2023-09-22,4485.23,5.00,0.00,0.00,5.00,-4490.23
trade:order:strategy_003_ma_trend_holding_days:v1:000001.SZ:2023-09-22:entry:2023-09-25,order:strategy_003_ma_trend_holding_days:v1:000001.SZ:2023-09-22:entry:2023-09-25,000001.SZ,buy,300,10.76,2023-09-25,3229.04,5.00,0.00,0.00,5.00,-3234.04
trade:order:strategy_003_ma_trend_holding_days:v1:000002.SZ:2023-09-22:entry:2023-09-25,order:strategy_003_ma_trend_holding_days:v1:000002.SZ:2023-09-22:entry:2023-09-25,000002.SZ,buy,300,11.22,2023-09-25,3365.52,5.00,0.00,0.00,5.00,-3370.52
trade:order:strategy_003_ma_trend_holding_days:v1:000001.SZ:2023-09-25:entry:2023-09-26,order:strategy_003_ma_trend_holding_days:v1:000001.SZ:2023-09-25:entry:2023-09-26,000001.SZ,buy,200,10.70,2023-09-26,2140.65,5.00,0.00,0.00,5.00,-2145.65
trade:order:strategy_003_ma_trend_holding_days:v1:000002.SZ:2023-09-25:entry:2023-09-26,order:strategy_003_ma_trend_holding_days:v1:000002.SZ:2023-09-25:entry:2023-09-26,000002.SZ,buy,200,11.23,2023-09-26,2245.18,5.00,0.00,0.00,5.00,-2250.18
trade:order:strategy_003_ma_trend_holding_days:v1:000001.SZ:2023-09-26:entry:2023-09-27,order:strategy_003_ma_trend_holding_days:v1:000001.SZ:2023-09-26:entry:2023-09-27,000001.SZ,buy,100,10.65,2023-09-27,1065.37,5.00,0.00,0.00,5.00,-1070.37
trade:order:strategy_003_ma_trend_holding_days:v1:000002.SZ:2023-09-26:exit:2023-09-27,order:strategy_003_ma_trend_holding_days:v1:000002.SZ:2023-09-26:exit:2023-09-27,000002.SZ,sell,2600,11.36,2023-09-27,29548.28,8.86,29.55,0.00,38.41,29509.87
trade:order:strategy_003_ma_trend_holding_days:v1:000001.SZ:2023-09-27:entry:2023-09-28,order:strategy_003_ma_trend_holding_days:v1:000001.SZ:2023-09-27:entry:2023-09-28,000001.SZ,buy,600,10.75,2023-09-28,6449.36,5.00,0.00,0.00,5.00,-6454.36
trade:order:strategy_003_ma_trend_holding_days:v1:000002.SZ:2023-09-27:entry:2023-09-28,order:strategy_003_ma_trend_holding_days:v1:000002.SZ:2023-09-27:entry:2023-09-28,000002.SZ,buy,600,11.35,2023-09-28,6812.24,5.00,0.00,0.00,5.00,-6817.24
trade:order:strategy_003_ma_trend_holding_days:v1:000001.SZ:2023-09-28:entry:2023-09-29,order:strategy_003_ma_trend_holding_days:v1:000001.SZ:2023-09-28:entry:2023-09-29,000001.SZ,buy,400,10.66,2023-09-29,4263.26,5.00,0.00,0.00,5.00,-4268.26
trade:order:strategy_003_ma_trend_holding_days:v1:000002.SZ:2023-09-28:entry:2023-09-29,order:strategy_003_ma_trend_holding_days:v1:000002.SZ:2023-09-28:entry:2023-09-29,000002.SZ,buy,300,11.45,2023-09-29,3434.24,5.00,0.00,0.00,5.00,-3439.24
trade:order:strategy_003_ma_trend_holding_days:v1:000002.SZ:2023-09-29:entry:2023-10-02,order:strategy_003_ma_trend_holding_days:v1:000002.SZ:2023-09-29:entry:2023-10-02,000002.SZ,buy,200,11.39,2023-10-02,2277.31,5.00,0.00,0.00,5.00,-2282.31
trade:order:strategy_003_ma_trend_holding_days:v1:000001.SZ:2023-09-29:exit:2023-10-02,order:strategy_003_ma_trend_holding_days:v1:000001.SZ:2023-09-29:exit:2023-10-02,000001.SZ,sell,7300,10.80,2023-10-02,78839.28,23.65,78.84,0.00,102.49,78736.79
trade:order:strategy_003_ma_trend_holding_days:v1:000002.SZ:2023-10-02:entry:2023-10-03,order:strategy_003_ma_trend_holding_days:v1:000002.SZ:2023-10-02:entry:2023-10-03,000002.SZ,buy,1500,11.49,2023-10-03,17233.26,5.17,0.00,0.00,5.17,-17238.43
trade:order:strategy_003_ma_trend_holding_days:v1:000001.SZ:2023-10-02:exit:2023-10-03,order:strategy_003_ma_trend_holding_days:v1:000001.SZ:2023-10-02:exit:2023-10-03,000001.SZ,sell,400,10.82,2023-10-03,4329.22,5.00,4.33,0.00,9.33,4319.89
trade:order:strategy_003_ma_trend_holding_days:v1:000001.SZ:2023-10-03:entry:2023-10-04,order:strategy_003_ma_trend_holding_days:v1:000001.SZ:2023-10-03:entry:2023-10-04,000001.SZ,buy,1400,10.70,2023-10-04,14975.40,5.00,0.00,0.00,5.00,-14980.40
trade:order:strategy_003_ma_trend_holding_days:v1:000002.SZ:2023-10-03:entry:2023-10-04,order:strategy_003_ma_trend_holding_days:v1:000002.SZ:2023-10-03:entry:2023-10-04,000002.SZ,buy,1300,11.29,2023-10-04,14678.56,5.00,0.00,0.00,5.00,-14683.56
trade:order:strategy_003_ma_trend_holding_days:v1:000002.SZ:2023-10-05:exit:2023-10-06,order:strategy_003_ma_trend_holding_days:v1:000002.SZ:2023-10-05:exit:2023-10-06,000002.SZ,sell,4100,11.41,2023-10-06,46793.24,14.04,46.79,0.00,60.83,46732.41
trade:order:strategy_003_ma_trend_holding_days:v1:000001.SZ:2023-10-05:exit:2023-10-06,order:strategy_003_ma_trend_holding_days:v1:000001.SZ:2023-10-05:exit:2023-10-06,000001.SZ,sell,1400,10.71,2023-10-06,14994.42,5.00,14.99,0.00,19.99,14974.42
trade:order:strategy_003_ma_trend_holding_days:v1:000002.SZ:2023-10-06:entry:2023-10-09,order:strategy_003_ma_trend_holding_days:v1:000002.SZ:2023-10-06:entry:2023-10-09,000002.SZ,buy,1900,11.38,2023-10-09,21623.40,6.49,0.00,0.00,6.49,-21629.89
trade:order:strategy_003_ma_trend_holding_days:v1:000002.SZ:2023-10-09:entry:2023-10-10,order:strategy_003_ma_trend_holding_days:v1:000002.SZ:2023-10-09:entry:2023-10-10,000002.SZ,buy,1500,11.41,2023-10-10,17116.64,5.13,0.00,0.00,5.13,-17121.77
trade:order:strategy_003_ma_trend_holding_days:v1:000002.SZ:2023-10-10:entry:2023-10-11,order:strategy_003_ma_trend_holding_days:v1:000002.SZ:2023-10-10:entry:2023-10-11,000002.SZ,buy,1200,11.47,2023-10-11,13760.15,5.00,0.00,0.00,5.00,-13765.15
trade:order:strategy_003_ma_trend_holding_days:v1:000002.SZ:2023-10-11:entry:2023-10-12,order:strategy_003_ma_trend_holding_days:v1:000002.SZ:2023-10-11:entry:2023-10-12,000002.SZ,buy,900,11.38,2023-10-12,10237.91,5.00,0.00,0.00,5.00,-10242.91
trade:order:strategy_003_ma_trend_holding_days:v1:000001.SZ:2023-10-12:entry:2023-10-13,order:strategy_003_ma_trend_holding_days:v1:000001.SZ:2023-10-12:entry:2023-10-13,000001.SZ,buy,800,10.84,2023-10-13,8672.80,5.00,0.00,0.00,5.00,-8677.80
trade:order:strategy_003_ma_trend_holding_days:v1:000002.SZ:2023-10-12:entry:2023-10-13,order:strategy_003_ma_trend_holding_days:v1:000002.SZ:2023-10-12:entry:2023-10-13,000002.SZ,buy,800,11.37,2023-10-13,9098.21,5.00,0.00,0.00,5.00,-9103.21
trade:order:strategy_003_ma_trend_holding_days:v1:300750.SZ:2023-10-12:entry:2023-10-13,order:strategy_003_ma_trend_holding_days:v1:300750.SZ:2023-10-12:entry:2023-10-13,300750.SZ,buy,600,13.72,2023-10-13,8230.33,5.00,0.00,0.00,5.00,-8235.33
trade:order:strategy_003_ma_trend_holding_days:v1:000001.SZ:2023-10-13:entry:2023-10-16,order:strategy_003_ma_trend_holding_days:v1:000001.SZ:2023-10-13:entry:2023-10-16,000001.SZ,buy,300,10.82,2023-10-16,3245.74,5.00,0.00,0.00,5.00,-3250.74
trade:order:strategy_003_ma_trend_holding_days:v1:000002.SZ:2023-10-13:entry:2023-10-16,order:strategy_003_ma_trend_holding_days:v1:000002.SZ:2023-10-13:entry:2023-10-16,000002.SZ,buy,300,11.49,2023-10-16,3446.58,5.00,0.00,0.00,5.00,-3451.58
trade:order:strategy_003_ma_trend_holding_days:v1:000001.SZ:2023-10-16:entry:2023-10-17,order:strategy_003_ma_trend_holding_days:v1:000001.SZ:2023-10-16:entry:2023-10-17,000001.SZ,buy,200,10.79,2023-10-17,2158.13,5.00,0.00,0.00,5.00,-2163.13
trade:order:strategy_003_ma_trend_holding_days:v1:000002.SZ:2023-10-16:entry:2023-10-17,order:strategy_003_ma_trend_holding_days:v1:000002.SZ:2023-10-16:entry:2023-10-17,000002.SZ,buy,200,11.49,2023-10-17,2298.68,5.00,0.00,0.00,5.00,-2303.68
trade:order:strategy_003_ma_trend_holding_days:v1:300750.SZ:2023-10-16:entry:2023-10-17,order:strategy_003_ma_trend_holding_days:v1:300750.SZ:2023-10-16:entry:2023-10-17,300750.SZ,buy,200,13.79,2023-10-17,2757.47,5.00,0.00,0.00,5.00,-2762.47
trade:order:strategy_003_ma_trend_holding_days:v1:000001.SZ:2023-10-17:entry:2023-10-18,order:strategy_003_ma_trend_holding_days:v1:000001.SZ:2023-10-17:entry:2023-10-18,000001.SZ,buy,100,10.85,2023-10-18,1084.81,5.00,0.00,0.00,5.00,-1089.81
trade:order:strategy_003_ma_trend_holding_days:v1:000002.SZ:2023-10-17:entry:2023-10-18,order:strategy_003_ma_trend_holding_days:v1:000002.SZ:2023-10-17:entry:2023-10-18,000002.SZ,buy,100,11.32,2023-10-18,1132.16,5.00,0.00,0.00,5.00,-1137.16
trade:order:strategy_003_ma_trend_holding_days:v1:300750.SZ:2023-10-17:entry:2023-10-18,order:strategy_003_ma_trend_holding_days:v1:300750.SZ:2023-10-17:entry:2023-10-18,300750.SZ,buy,100,13.78,2023-10-18,1378.02,5.00,0.00,0.00,5.00,-1383.02
trade:order:strategy_003_ma_trend_holding_days:v1:000002.SZ:2023-10-18:exit:2023-10-19,order:strategy_003_ma_trend_holding_days:v1:000002.SZ:2023-10-18:exit:2023-10-19,000002.SZ,sell,6800,11.41,2023-10-19,77562.68,23.27,77.56,0.00,100.83,77461.85
trade:order:strategy_003_ma_trend_holding_days:v1:000001.SZ:2023-10-19:entry:2023-10-20,order:strategy_003_ma_trend_holding_days:v1:000001.SZ:2023-10-19:entry:2023-10-20,000001.SZ,buy,1500,10.76,2023-10-20,16139.34,5.00,0.00,0.00,5.00,-16144.34
trade:order:strategy_003_ma_trend_holding_days:v1:000002.SZ:2023-10-19:entry:2023-10-20,order:strategy_003_ma_trend_holding_days:v1:000002.SZ:2023-10-19:entry:2023-10-20,000002.SZ,buy,1400,11.35,2023-10-20,15883.66,5.00,0.00,0.00,5.00,-15888.66
trade:order:strategy_003_ma_trend_holding_days:v1:300750.SZ:2023-10-19:exit:2023-10-20,order:strategy_003_ma_trend_holding_days:v1:300750.SZ:2023-10-19:exit:2023-10-20,300750.SZ,sell,900,13.46,2023-10-20,12110.23,5.00,12.11,0.00,17.11,12093.12
trade:order:strategy_003_ma_trend_holding_days:v1:000001.SZ:2023-10-20:entry:2023-10-23,order:strategy_003_ma_trend_holding_days:v1:000001.SZ:2023-10-20:entry:2023-10-23,000001.SZ,buy,1100,10.90,2023-10-23,11988.15,5.00,0.00,0.00,5.00,-11993.15
trade:order:strategy_003_ma_trend_holding_days:v1:000002.SZ:2023-10-20:entry:2023-10-23,order:strategy_003_ma_trend_holding_days:v1:000002.SZ:2023-10-20:entry:2023-10-23,000002.SZ,buy,1000,11.44,2023-10-23,11444.53,5.00,0.00,0.00,5.00,-11449.53
trade:order:strategy_003_ma_trend_holding_days:v1:000001.SZ:2023-10-23:entry:2023-10-24,order:strategy_003_ma_trend_holding_days:v1:000001.SZ:2023-10-23:entry:2023-10-24,000001.SZ,buy,600,11.09,2023-10-24,6652.15,5.00,0.00,0.00,5.00,-6657.15
trade:order:strategy_003_ma_trend_holding_days:v1:000002.SZ:2023-10-23:entry:2023-10-24,order:strategy_003_ma_trend_holding_days:v1:000002.SZ:2023-10-23:entry:2023-10-24,000002.SZ,buy,600,11.45,2023-10-24,6871.51,5.00,0.00,0.00,5.00,-6876.51
trade:order:strategy_003_ma_trend_holding_days:v1:600036.SH:2023-10-23:entry:2023-10-24,order:strategy_003_ma_trend_holding_days:v1:600036.SH:2023-10-23:entry:2023-10-24,600036.SH,buy,600,11.02,2023-10-24,6613.35,5.00,0.00,0.00,5.00,-6618.35
trade:order:strategy_003_ma_trend_holding_days:v1:601318.SH:2023-10-23:entry:2023-10-24,order:strategy_003_ma_trend_holding_days:v1:601318.SH:2023-10-23:entry:2023-10-24,601318.SH,buy,600,10.95,2023-10-24,6568.34,5.00,0.00,0.00,5.00,-6573.34
trade:order:strategy_003_ma_trend_holding_days:v1:000001.SZ:2023-10-24:entry:2023-10-25,order:strategy_003_ma_trend_holding_days:v1:000001.SZ:2023-10-24:entry:2023-10-25,000001.SZ,buy,200,11.12,2023-10-25,2224.66,5.00,0.00,0.00,5.00,-2229.66
trade:order:strategy_003_ma_trend_holding_days:v1:000002.SZ:2023-10-24:exit:2023-10-25,order:strategy_003_ma_trend_holding_days:v1:000002.SZ:2023-10-24:exit:2023-10-25,000002.SZ,sell,2500,11.57,2023-10-25,28929.30,8.68,28.93,0.00,37.61,28891.70
trade:order:strategy_003_ma_trend_holding_days:v1:600036.SH:2023-10-24:entry:2023-10-25,order:strategy_003_ma_trend_holding_days:v1:600036.SH:2023-10-24:entry:2023-10-25,600036.SH,buy,100,11.05,2023-10-25,1105.30,5.00,0.00,0.00,5.00,-1110.30
trade:order:strategy_003_ma_trend_holding_days:v1:300750.SZ:2023-10-24:entry:2023-10-25,order:strategy_003_ma_trend_holding_days:v1:300750.SZ:2023-10-24:entry:2023-10-25,300750.SZ,buy,100,13.75,2023-10-25,1375.08,5.00,0.00,0.00,5.00,-1380.08
trade:order:strategy_003_ma_trend_holding_days:v1:601318.SH:2023-10-24:entry:2023-10-25,order:strategy_003_ma_trend_holding_days:v1:601318.SH:2023-10-24:entry:2023-10-25,601318.SH,buy,200,11.01,2023-10-25,2201.84,5.00,0.00,0.00,5.00,-2206.84
trade:order:strategy_003_ma_trend_holding_days:v1:000001.SZ:2023-10-25:entry:2023-10-26,order:strategy_003_ma_trend_holding_days:v1:000001.SZ:2023-10-25:entry:2023-10-26,000001.SZ,buy,500,11.07,2023-10-26,5532.51,5.00,0.00,0.00,5.00,-5537.51
trade:order:strategy_003_ma_trend_holding_days:v1:000002.SZ:2023-10-25:exit:2023-10-26,order:strategy_003_ma_trend_holding_days:v1:000002.SZ:2023-10-25:exit:2023-10-26,000002.SZ,sell,600,11.55,2023-10-26,6929.71,5.00,6.93,0.00,11.93,6917.78
trade:order:strategy_003_ma_trend_holding_days:v1:600519.SH:2023-10-25:entry:2023-10-26,order:strategy_003_ma_trend_holding_days:v1:600519.SH:2023-10-25:entry:2023-10-26,600519.SH,buy,600,10.64,2023-10-26,6385.97,5.00,0.00,0.00,5.00,-6390.97
trade:order:strategy_003_ma_trend_holding_days:v1:600036.SH:2023-10-25:entry:2023-10-26,order:strategy_003_ma_trend_holding_days:v1:600036.SH:2023-10-25:entry:2023-10-26,600036.SH,buy,500,11.25,2023-10-26,5625.64,5.00,0.00,0.00,5.00,-5630.64
trade:order:strategy_003_ma_trend_holding_days:v1:300750.SZ:2023-10-25:entry:2023-10-26,order:strategy_003_ma_trend_holding_days:v1:300750.SZ:2023-10-25:entry:2023-10-26,300750.SZ,buy,400,13.82,2023-10-26,5527.33,5.00,0.00,0.00,5.00,-5532.33
trade:order:strategy_003_ma_trend_holding_days:v1:601318.SH:2023-10-25:entry:2023-10-26,order:strategy_003_ma_trend_holding_days:v1:601318.SH:2023-10-25:entry:2023-10-26,601318.SH,buy,600,11.02,2023-10-26,6613.57,5.00,0.00,0.00,5.00,-6618.57
trade:order:strategy_003_ma_trend_holding_days:v1:000001.SZ:2023-10-26:entry:2023-10-27,order:strategy_003_ma_trend_holding_days:v1:000001.SZ:2023-10-26:entry:2023-10-27,000001.SZ,buy,100,11.16,2023-10-27,1115.92,5.00,0.00,0.00,5.00,-1120.92
trade:order:strategy_003_ma_trend_holding_days:v1:000002.SZ:2023-10-26:entry:2023-10-27,order:strategy_003_ma_trend_holding_days:v1:000002.SZ:2023-10-26:entry:2023-10-27,000002.SZ,buy,100,11.70,2023-10-27,1170.44,5.00,0.00,0.00,5.00,-1175.44
trade:order:strategy_003_ma_trend_holding_days:v1:600519.SH:2023-10-26:entry:2023-10-27,order:strategy_003_ma_trend_holding_days:v1:600519.SH:2023-10-26:entry:2023-10-27,600519.SH,buy,100,10.76,2023-10-27,1075.57,5.00,0.00,0.00,5.00,-1080.57
trade:order:strategy_003_ma_trend_holding_days:v1:600036.SH:2023-10-26:entry:2023-10-27,order:strategy_003_ma_trend_holding_days:v1:600036.SH:2023-10-26:entry:2023-10-27,600036.SH,buy,100,11.21,2023-10-27,1120.52,5.00,0.00,0.00,5.00,-1125.52
trade:order:strategy_003_ma_trend_holding_days:v1:300750.SZ:2023-10-26:entry:2023-10-27,order:strategy_003_ma_trend_holding_days:v1:300750.SZ:2023-10-26:entry:2023-10-27,300750.SZ,buy,100,13.64,2023-10-27,1363.71,5.00,0.00,0.00,5.00,-1368.71
trade:order:strategy_003_ma_trend_holding_days:v1:601318.SH:2023-10-26:entry:2023-10-27,order:strategy_003_ma_trend_holding_days:v1:601318.SH:2023-10-26:entry:2023-10-27,601318.SH,buy,100,11.02,2023-10-27,1102.29,5.00,0.00,0.00,5.00,-1107.29
trade:order:strategy_003_ma_trend_holding_days:v1:000001.SZ:2023-10-30:exit:2023-10-31,order:strategy_003_ma_trend_holding_days:v1:000001.SZ:2023-10-30:exit:2023-10-31,000001.SZ,sell,5400,11.15,2023-10-31,60196.67,18.06,60.20,0.00,78.26,60118.41
trade:order:strategy_003_ma_trend_holding_days:v1:000001.SZ:2023-10-31:entry:2023-11-01,order:strategy_003_ma_trend_holding_days:v1:000001.SZ:2023-10-31:entry:2023-11-01,000001.SZ,buy,1100,11.25,2023-11-01,12375.45,5.00,0.00,0.00,5.00,-12380.45
trade:order:strategy_003_ma_trend_holding_days:v1:000002.SZ:2023-10-31:entry:2023-11-01,order:strategy_003_ma_trend_holding_days:v1:000002.SZ:2023-10-31:entry:2023-11-01,000002.SZ,buy,1000,11.55,2023-11-01,11554.44,5.00,0.00,0.00,5.00,-11559.44
trade:order:strategy_003_ma_trend_holding_days:v1:600519.SH:2023-10-31:entry:2023-11-01,order:strategy_003_ma_trend_holding_days:v1:600519.SH:2023-10-31:entry:2023-11-01,600519.SH,buy,1100,10.71,2023-11-01,11784.46,5.00,0.00,0.00,5.00,-11789.46
trade:order:strategy_003_ma_trend_holding_days:v1:600036.SH:2023-10-31:entry:2023-11-01,order:strategy_003_ma_trend_holding_days:v1:600036.SH:2023-10-31:entry:2023-11-01,600036.SH,buy,1100,11.23,2023-11-01,12349.47,5.00,0.00,0.00,5.00,-12354.47
trade:order:strategy_003_ma_trend_holding_days:v1:300750.SZ:2023-10-31:entry:2023-11-01,order:strategy_003_ma_trend_holding_days:v1:300750.SZ:2023-10-31:entry:2023-11-01,300750.SZ,buy,900,13.80,2023-11-01,12421.46,5.00,0.00,0.00,5.00,-12426.46
trade:order:strategy_003_ma_trend_holding_days:v1:601318.SH:2023-10-31:entry:2023-11-01,order:strategy_003_ma_trend_holding_days:v1:601318.SH:2023-10-31:entry:2023-11-01,601318.SH,buy,200,10.92,2023-11-01,2183.38,5.00,0.00,0.00,5.00,-2188.38
trade:order:strategy_003_ma_trend_holding_days:v1:600036.SH:2023-11-08:exit:2023-11-09,order:strategy_003_ma_trend_holding_days:v1:600036.SH:2023-11-08:exit:2023-11-09,600036.SH,sell,2400,11.21,2023-11-09,26892.58,8.07,26.89,0.00,34.96,26857.62
trade:order:strategy_003_ma_trend_holding_days:v1:601318.SH:2023-11-08:exit:2023-11-09,order:strategy_003_ma_trend_holding_days:v1:601318.SH:2023-11-08:exit:2023-11-09,601318.SH,sell,1700,11.04,2023-11-09,18762.66,5.63,18.76,0.00,24.39,18738.27
trade:order:strategy_003_ma_trend_holding_days:v1:000001.SZ:2023-11-09:entry:2023-11-10,order:strategy_003_ma_trend_holding_days:v1:000001.SZ:2023-11-09:entry:2023-11-10,000001.SZ,buy,800,11.20,2023-11-10,8962.06,5.00,0.00,0.00,5.00,-8967.06
trade:order:strategy_003_ma_trend_holding_days:v1:000002.SZ:2023-11-09:entry:2023-11-10,order:strategy_003_ma_trend_holding_days:v1:000002.SZ:2023-11-09:entry:2023-11-10,000002.SZ,buy,800,11.62,2023-11-10,9294.62,5.00,0.00,0.00,5.00,-9299.62
trade:order:strategy_003_ma_trend_holding_days:v1:600519.SH:2023-11-09:entry:2023-11-10,order:strategy_003_ma_trend_holding_days:v1:600519.SH:2023-11-09:entry:2023-11-10,600519.SH,buy,800,10.93,2023-11-10,8740.65,5.00,0.00,0.00,5.00,-8745.65
trade:order:strategy_003_ma_trend_holding_days:v1:600036.SH:2023-11-09:entry:2023-11-10,order:strategy_003_ma_trend_holding_days:v1:600036.SH:2023-11-09:entry:2023-11-10,600036.SH,buy,800,11.22,2023-11-10,8978.28,5.00,0.00,0.00,5.00,-8983.28
trade:order:strategy_003_ma_trend_holding_days:v1:300750.SZ:2023-11-09:exit:2023-11-10,order:strategy_003_ma_trend_holding_days:v1:300750.SZ:2023-11-09:exit:2023-11-10,300750.SZ,sell,1500,13.75,2023-11-10,20628.26,6.19,20.63,0.00,26.82,20601.44
trade:order:strategy_003_ma_trend_holding_days:v1:601318.SH:2023-11-09:entry:2023-11-10,order:strategy_003_ma_trend_holding_days:v1:601318.SH:2023-11-09:entry:2023-11-10,601318.SH,buy,800,11.02,2023-11-10,8819.64,5.00,0.00,0.00,5.00,-8824.64
trade:order:strategy_003_ma_trend_holding_days:v1:002475.SZ:2023-11-09:entry:2023-11-10,order:strategy_003_ma_trend_holding_days:v1:002475.SZ:2023-11-09:entry:2023-11-10,002475.SZ,buy,600,13.88,2023-11-10,8326.24,5.00,0.00,0.00,5.00,-8331.24
trade:order:strategy_003_ma_trend_holding_days:v1:000001.SZ:2023-11-10:entry:2023-11-13,order:strategy_003_ma_trend_holding_days:v1:000001.SZ:2023-11-10:entry:2023-11-13,000001.SZ,buy,200,11.05,2023-11-13,2209.09,5.00,0.00,0.00,5.00,-2214.09
trade:order:strategy_003_ma_trend_holding_days:v1:000002.SZ:2023-11-10:entry:2023-11-13,order:strategy_003_ma_trend_holding_days:v1:000002.SZ:2023-11-10:entry:2023-11-13,000002.SZ,buy,200,11.58,2023-11-13,2316.67,5.00,0.00,0.00,5.00,-2321.67
trade:order:strategy_003_ma_trend_holding_days:v1:600519.SH:2023-11-10:exit:2023-11-13,order:strategy_003_ma_trend_holding_days:v1:600519.SH:2023-11-10:exit:2023-11-13,600519.SH,sell,1800,11.09,2023-11-13,19965.37,5.99,19.97,0.00,25.95,19939.42
trade:order:strategy_003_ma_trend_holding_days:v1:600036.SH:2023-11-10:entry:2023-11-13,order:strategy_003_ma_trend_holding_days:v1:600036.SH:2023-11-10:entry:2023-11-13,600036.SH,buy,200,11.39,2023-11-13,2278.02,5.00,0.00,0.00,5.00,-2283.02
trade:order:strategy_003_ma_trend_holding_days:v1:601318.SH:2023-11-10:entry:2023-11-13,order:strategy_003_ma_trend_holding_days:v1:601318.SH:2023-11-10:entry:2023-11-13,601318.SH,buy,200,11.15,2023-11-13,2229.69,5.00,0.00,0.00,5.00,-2234.69
trade:order:strategy_003_ma_trend_holding_days:v1:002475.SZ:2023-11-10:entry:2023-11-13,order:strategy_003_ma_trend_holding_days:v1:002475.SZ:2023-11-10:entry:2023-11-13,002475.SZ,buy,100,14.12,2023-11-13,1412.16,5.00,0.00,0.00,5.00,-1417.16
trade:order:strategy_003_ma_trend_holding_days:v1:000001.SZ:2023-11-13:entry:2023-11-14,order:strategy_003_ma_trend_holding_days:v1:000001.SZ:2023-11-13:entry:2023-11-14,000001.SZ,buy,400,11.27,2023-11-14,4507.04,5.00,0.00,0.00,5.00,-4512.04
trade:order:strategy_003_ma_trend_holding_days:v1:600519.SH:2023-11-13:exit:2023-11-14,order:strategy_003_ma_trend_holding_days:v1:600519.SH:2023-11-13:exit:2023-11-14,600519.SH,sell,800,10.91,2023-11-14,8729.14,5.00,8.73,0.00,13.73,8715.41
trade:order:strategy_003_ma_trend_holding_days:v1:600036.SH:2023-11-13:entry:2023-11-14,order:strategy_003_ma_trend_holding_days:v1:600036.SH:2023-11-13:entry:2023-11-14,600036.SH,buy,400,11.43,2023-11-14,4573.38,5.00,0.00,0.00,5.00,-4578.38
trade:order:strategy_003_ma_trend_holding_days:v1:601318.SH:2023-11-13:entry:2023-11-14,order:strategy_003_ma_trend_holding_days:v1:601318.SH:2023-11-13:entry:2023-11-14,601318.SH,buy,400,11.18,2023-11-14,4473.57,5.00,0.00,0.00,5.00,-4478.57
trade:order:strategy_003_ma_trend_holding_days:v1:002475.SZ:2023-11-13:entry:2023-11-14,order:strategy_003_ma_trend_holding_days:v1:002475.SZ:2023-11-13:entry:2023-11-14,002475.SZ,buy,300,14.03,2023-11-14,4207.75,5.00,0.00,0.00,5.00,-4212.75
trade:order:strategy_003_ma_trend_holding_days:v1:000002.SZ:2023-11-13:exit:2023-11-14,order:strategy_003_ma_trend_holding_days:v1:000002.SZ:2023-11-13:exit:2023-11-14,000002.SZ,sell,1900,11.61,2023-11-14,22067.19,6.62,22.07,0.00,28.69,22038.50
trade:order:strategy_003_ma_trend_holding_days:v1:000001.SZ:2023-11-14:entry:2023-11-15,order:strategy_003_ma_trend_holding_days:v1:000001.SZ:2023-11-14:entry:2023-11-15,000001.SZ,buy,600,11.11,2023-11-15,6666.99,5.00,0.00,0.00,5.00,-6671.99
trade:order:strategy_003_ma_trend_holding_days:v1:600519.SH:2023-11-14:entry:2023-11-15,order:strategy_003_ma_trend_holding_days:v1:600519.SH:2023-11-14:entry:2023-11-15,600519.SH,buy,600,10.98,2023-11-15,6588.46,5.00,0.00,0.00,5.00,-6593.46
trade:order:strategy_003_ma_trend_holding_days:v1:600036.SH:2023-11-14:entry:2023-11-15,order:strategy_003_ma_trend_holding_days:v1:600036.SH:2023-11-14:entry:2023-11-15,600036.SH,buy,600,11.51,2023-11-15,6904.88,5.00,0.00,0.00,5.00,-6909.88
trade:order:strategy_003_ma_trend_holding_days:v1:601318.SH:2023-11-14:entry:2023-11-15,order:strategy_003_ma_trend_holding_days:v1:601318.SH:2023-11-14:entry:2023-11-15,601318.SH,buy,600,11.29,2023-11-15,6776.85,5.00,0.00,0.00,5.00,-6781.85
trade:order:strategy_003_ma_trend_holding_days:v1:002475.SZ:2023-11-14:entry:2023-11-15,order:strategy_003_ma_trend_holding_days:v1:002475.SZ:2023-11-14:entry:2023-11-15,002475.SZ,buy,500,13.85,2023-11-15,6923.67,5.00,0.00,0.00,5.00,-6928.67
trade:order:strategy_003_ma_trend_holding_days:v1:000002.SZ:2023-11-14:exit:2023-11-15,order:strategy_003_ma_trend_holding_days:v1:000002.SZ:2023-11-14:exit:2023-11-15,000002.SZ,sell,200,11.37,2023-11-15,2274.94,5.00,2.27,0.00,7.27,2267.66
trade:order:strategy_003_ma_trend_holding_days:v1:000001.SZ:2023-11-16:exit:2023-11-17,order:strategy_003_ma_trend_holding_days:v1:000001.SZ:2023-11-16:exit:2023-11-17,000001.SZ,sell,3100,11.18,2023-11-17,34647.03,10.39,34.65,0.00,45.04,34601.99
trade:order:strategy_003_ma_trend_holding_days:v1:600519.SH:2023-11-17:entry:2023-11-20,order:strategy_003_ma_trend_holding_days:v1:600519.SH:2023-11-17:entry:2023-11-20,600519.SH,buy,700,11.23,2023-11-20,7861.18,5.00,0.00,0.00,5.00,-7866.18
trade:order:strategy_003_ma_trend_holding_days:v1:600036.SH:2023-11-17:entry:2023-11-20,order:strategy_003_ma_trend_holding_days:v1:600036.SH:2023-11-17:entry:2023-11-20,600036.SH,buy,600,11.55,2023-11-20,6931.32,5.00,0.00,0.00,5.00,-6936.32
trade:order:strategy_003_ma_trend_holding_days:v1:601318.SH:2023-11-17:entry:2023-11-20,order:strategy_003_ma_trend_holding_days:v1:601318.SH:2023-11-17:entry:2023-11-20,601318.SH,buy,600,11.27,2023-11-20,6760.86,5.00,0.00,0.00,5.00,-6765.86
trade:order:strategy_003_ma_trend_holding_days:v1:002475.SZ:2023-11-17:entry:2023-11-20,order:strategy_003_ma_trend_holding_days:v1:002475.SZ:2023-11-17:entry:2023-11-20,002475.SZ,buy,500,14.05,2023-11-20,7025.89,5.00,0.00,0.00,5.00,-7030.89
trade:order:strategy_003_ma_trend_holding_days:v1:000001.SZ:2023-11-20:entry:2023-11-21,order:strategy_003_ma_trend_holding_days:v1:000001.SZ:2023-11-20:entry:2023-11-21,000001.SZ,buy,100,11.57,2023-11-21,1156.76,5.00,0.00,0.00,5.00,-1161.76
trade:order:strategy_003_ma_trend_holding_days:v1:600519.SH:2023-11-20:entry:2023-11-21,order:strategy_003_ma_trend_holding_days:v1:600519.SH:2023-11-20:entry:2023-11-21,600519.SH,buy,100,11.56,2023-11-21,1156.32,5.00,0.00,0.00,5.00,-1161.32
trade:order:strategy_003_ma_trend_holding_days:v1:600036.SH:2023-11-20:entry:2023-11-21,order:strategy_003_ma_trend_holding_days:v1:600036.SH:2023-11-20:entry:2023-11-21,600036.SH,buy,100,11.83,2023-11-21,1182.83,5.00,0.00,0.00,5.00,-1187.83
trade:order:strategy_003_ma_trend_holding_days:v1:601318.SH:2023-11-20:entry:2023-11-21,order:strategy_003_ma_trend_holding_days:v1:601318.SH:2023-11-20:entry:2023-11-21,601318.SH,buy,100,11.72,2023-11-21,1172.26,5.00,0.00,0.00,5.00,-1177.26
trade:order:strategy_003_ma_trend_holding_days:v1:002475.SZ:2023-11-20:entry:2023-11-21,order:strategy_003_ma_trend_holding_days:v1:002475.SZ:2023-11-20:entry:2023-11-21,002475.SZ,buy,100,14.67,2023-11-21,1466.81,5.00,0.00,0.00,5.00,-1471.81
trade:order:strategy_003_ma_trend_holding_days:v1:002475.SZ:2023-11-22:exit:2023-11-23,order:strategy_003_ma_trend_holding_days:v1:002475.SZ:2023-11-22:exit:2023-11-23,002475.SZ,sell,2100,14.02,2023-11-23,29433.85,8.83,29.43,0.00,38.26,29395.59
trade:order:strategy_003_ma_trend_holding_days:v1:000001.SZ:2023-11-22:exit:2023-11-23,order:strategy_003_ma_trend_holding_days:v1:000001.SZ:2023-11-22:exit:2023-11-23,000001.SZ,sell,100,11.04,2023-11-23,1104.27,5.00,1.10,0.00,6.10,1098.16
trade:order:strategy_003_ma_trend_holding_days:v1:600519.SH:2023-11-23:entry:2023-11-24,order:strategy_003_ma_trend_holding_days:v1:600519.SH:2023-11-23:entry:2023-11-24,600519.SH,buy,600,11.44,2023-11-24,6863.19,5.00,0.00,0.00,5.00,-6868.19
trade:order:strategy_003_ma_trend_holding_days:v1:600036.SH:2023-11-23:entry:2023-11-24,order:strategy_003_ma_trend_holding_days:v1:600036.SH:2023-11-23:entry:2023-11-24,600036.SH,buy,600,11.71,2023-11-24,7024.08,5.00,0.00,0.00,5.00,-7029.08
trade:order:strategy_003_ma_trend_holding_days:v1:601318.SH:2023-11-23:entry:2023-11-24,order:strategy_003_ma_trend_holding_days:v1:601318.SH:2023-11-23:entry:2023-11-24,601318.SH,buy,600,11.56,2023-11-24,6936.64,5.00,0.00,0.00,5.00,-6941.64
trade:order:strategy_003_ma_trend_holding_days:v1:002475.SZ:2023-11-23:entry:2023-11-24,order:strategy_003_ma_trend_holding_days:v1:002475.SZ:2023-11-23:entry:2023-11-24,002475.SZ,buy,400,13.99,2023-11-24,5595.41,5.00,0.00,0.00,5.00,-5600.41
trade:order:strategy_003_ma_trend_holding_days:v1:000002.SZ:2023-11-24:entry:2023-11-27,order:strategy_003_ma_trend_holding_days:v1:000002.SZ:2023-11-24:entry:2023-11-27,000002.SZ,buy,100,11.60,2023-11-27,1160.34,5.00,0.00,0.00,5.00,-1165.34
trade:order:strategy_003_ma_trend_holding_days:v1:600036.SH:2023-11-24:entry:2023-11-27,order:strategy_003_ma_trend_holding_days:v1:600036.SH:2023-11-24:entry:2023-11-27,600036.SH,buy,100,11.53,2023-11-27,1153.21,5.00,0.00,0.00,5.00,-1158.21
trade:order:strategy_003_ma_trend_holding_days:v1:601318.SH:2023-11-24:entry:2023-11-27,order:strategy_003_ma_trend_holding_days:v1:601318.SH:2023-11-24:entry:2023-11-27,601318.SH,buy,100,11.55,2023-11-27,1154.90,5.00,0.00,0.00,5.00,-1159.90
trade:order:strategy_003_ma_trend_holding_days:v1:600036.SH:2023-11-27:exit:2023-11-28,order:strategy_003_ma_trend_holding_days:v1:600036.SH:2023-11-27:exit:2023-11-28,600036.SH,sell,3300,11.73,2023-11-28,38712.62,11.61,38.71,0.00,50.33,38662.30
trade:order:strategy_003_ma_trend_holding_days:v1:601318.SH:2023-11-27:exit:2023-11-28,order:strategy_003_ma_trend_holding_days:v1:601318.SH:2023-11-27:exit:2023-11-28,601318.SH,sell,3300,11.67,2023-11-28,38512.00,11.55,38.51,0.00,50.07,38461.93
trade:order:strategy_003_ma_trend_holding_days:v1:002475.SZ:2023-11-27:exit:2023-11-28,order:strategy_003_ma_trend_holding_days:v1:002475.SZ:2023-11-27:exit:2023-11-28,002475.SZ,sell,400,13.99,2023-11-28,5596.16,5.00,5.60,0.00,10.60,5585.57
trade:order:strategy_003_ma_trend_holding_days:v1:000001.SZ:2023-11-28:entry:2023-11-29,order:strategy_003_ma_trend_holding_days:v1:000001.SZ:2023-11-28:entry:2023-11-29,000001.SZ,buy,1500,11.12,2023-11-29,16685.09,5.01,0.00,0.00,5.01,-16690.09
trade:order:strategy_003_ma_trend_holding_days:v1:000002.SZ:2023-11-28:entry:2023-11-29,order:strategy_003_ma_trend_holding_days:v1:000002.SZ:2023-11-28:entry:2023-11-29,000002.SZ,buy,1500,11.66,2023-11-29,17485.26,5.25,0.00,0.00,5.25,-17490.51
trade:order:strategy_003_ma_trend_holding_days:v1:600519.SH:2023-11-28:entry:2023-11-29,order:strategy_003_ma_trend_holding_days:v1:600519.SH:2023-11-28:entry:2023-11-29,600519.SH,buy,1500,11.41,2023-11-29,17117.98,5.14,0.00,0.00,5.14,-17123.12
trade:order:strategy_003_ma_trend_holding_days:v1:600036.SH:2023-11-28:exit:2023-11-29,order:strategy_003_ma_trend_holding_days:v1:600036.SH:2023-11-28:exit:2023-11-29,600036.SH,sell,100,11.78,2023-11-29,1178.21,5.00,1.18,0.00,6.18,1172.03
trade:order:strategy_003_ma_trend_holding_days:v1:601318.SH:2023-11-28:exit:2023-11-29,order:strategy_003_ma_trend_holding_days:v1:601318.SH:2023-11-28:exit:2023-11-29,601318.SH,sell,100,11.64,2023-11-29,1164.02,5.00,1.16,0.00,6.16,1157.85
trade:order:strategy_003_ma_trend_holding_days:v1:000002.SZ:2023-11-29:entry:2023-11-30,order:strategy_003_ma_trend_holding_days:v1:000002.SZ:2023-11-29:entry:2023-11-30,000002.SZ,buy,600,11.81,2023-11-30,7084.58,5.00,0.00,0.00,5.00,-7089.58
trade:order:strategy_003_ma_trend_holding_days:v1:600519.SH:2023-11-29:entry:2023-11-30,order:strategy_003_ma_trend_holding_days:v1:600519.SH:2023-11-29:entry:2023-11-30,600519.SH,buy,600,11.47,2023-11-30,6880.48,5.00,0.00,0.00,5.00,-6885.48
trade:order:strategy_003_ma_trend_holding_days:v1:600036.SH:2023-11-29:entry:2023-11-30,order:strategy_003_ma_trend_holding_days:v1:600036.SH:2023-11-29:entry:2023-11-30,600036.SH,buy,600,11.71,2023-11-30,7025.80,5.00,0.00,0.00,5.00,-7030.80
trade:order:strategy_003_ma_trend_holding_days:v1:601318.SH:2023-11-29:entry:2023-11-30,order:strategy_003_ma_trend_holding_days:v1:601318.SH:2023-11-29:entry:2023-11-30,601318.SH,buy,600,11.68,2023-11-30,7009.07,5.00,0.00,0.00,5.00,-7014.07
trade:order:strategy_003_ma_trend_holding_days:v1:000002.SZ:2023-11-30:entry:2023-12-01,order:strategy_003_ma_trend_holding_days:v1:000002.SZ:2023-11-30:entry:2023-12-01,000002.SZ,buy,100,11.69,2023-12-01,1169.29,5.00,0.00,0.00,5.00,-1174.29
trade:order:strategy_003_ma_trend_holding_days:v1:600519.SH:2023-11-30:exit:2023-12-01,order:strategy_003_ma_trend_holding_days:v1:600519.SH:2023-11-30:exit:2023-12-01,600519.SH,sell,3500,11.42,2023-12-01,39963.65,11.99,39.96,0.00,51.95,39911.70
trade:order:strategy_003_ma_trend_holding_days:v1:600036.SH:2023-11-30:entry:2023-12-01,order:strategy_003_ma_trend_holding_days:v1:600036.SH:2023-11-30:entry:2023-12-01,600036.SH,buy,100,11.86,2023-12-01,1186.16,5.00,0.00,0.00,5.00,-1191.16
trade:order:strategy_003_ma_trend_holding_days:v1:601318.SH:2023-11-30:entry:2023-12-01,order:strategy_003_ma_trend_holding_days:v1:601318.SH:2023-11-30:entry:2023-12-01,601318.SH,buy,100,11.75,2023-12-01,1174.94,5.00,0.00,0.00,5.00,-1179.94
trade:order:strategy_003_ma_trend_holding_days:v1:000001.SZ:2023-11-30:exit:2023-12-01,order:strategy_003_ma_trend_holding_days:v1:000001.SZ:2023-11-30:exit:2023-12-01,000001.SZ,sell,1500,11.17,2023-12-01,16761.16,5.03,16.76,0.00,21.79,16739.37
trade:order:strategy_003_ma_trend_holding_days:v1:000002.SZ:2023-12-01:entry:2023-12-04,order:strategy_003_ma_trend_holding_days:v1:000002.SZ:2023-12-01:entry:2023-12-04,000002.SZ,buy,1000,11.71,2023-12-04,11707.61,5.00,0.00,0.00,5.00,-11712.61
trade:order:strategy_003_ma_trend_holding_days:v1:600519.SH:2023-12-01:exit:2023-12-04,order:strategy_003_ma_trend_holding_days:v1:600519.SH:2023-12-01:exit:2023-12-04,600519.SH,sell,600,11.66,2023-12-04,6995.30,5.00,7.00,0.00,12.00,6983.30
trade:order:strategy_003_ma_trend_holding_days:v1:600036.SH:2023-12-01:entry:2023-12-04,order:strategy_003_ma_trend_holding_days:v1:600036.SH:2023-12-01:entry:2023-12-04,600036.SH,buy,1000,11.79,2023-12-04,11793.87,5.00,0.00,0.00,5.00,-11798.87
trade:order:strategy_003_ma_trend_holding_days:v1:601318.SH:2023-12-01:entry:2023-12-04,order:strategy_003_ma_trend_holding_days:v1:601318.SH:2023-12-01:entry:2023-12-04,601318.SH,buy,1000,11.79,2023-12-04,11791.82,5.00,0.00,0.00,5.00,-11796.82
trade:order:strategy_003_ma_trend_holding_days:v1:000001.SZ:2023-12-04:entry:2023-12-05,order:strategy_003_ma_trend_holding_days:v1:000001.SZ:2023-12-04:entry:2023-12-05,000001.SZ,buy,600,11.25,2023-12-05,6747.09,5.00,0.00,0.00,5.00,-6752.09
trade:order:strategy_003_ma_trend_holding_days:v1:000002.SZ:2023-12-04:entry:2023-12-05,order:strategy_003_ma_trend_holding_days:v1:000002.SZ:2023-12-04:entry:2023-12-05,000002.SZ,buy,600,11.84,2023-12-05,7106.04,5.00,0.00,0.00,5.00,-7111.04
trade:order:strategy_003_ma_trend_holding_days:v1:600519.SH:2023-12-04:entry:2023-12-05,order:strategy_003_ma_trend_holding_days:v1:600519.SH:2023-12-04:entry:2023-12-05,600519.SH,buy,600,11.75,2023-12-05,7052.25,5.00,0.00,0.00,5.00,-7057.25
trade:order:strategy_003_ma_trend_holding_days:v1:600036.SH:2023-12-04:entry:2023-12-05,order:strategy_003_ma_trend_holding_days:v1:600036.SH:2023-12-04:entry:2023-12-05,600036.SH,buy,600,11.92,2023-12-05,7153.04,5.00,0.00,0.00,5.00,-7158.04
trade:order:strategy_003_ma_trend_holding_days:v1:601318.SH:2023-12-04:entry:2023-12-05,order:strategy_003_ma_trend_holding_days:v1:601318.SH:2023-12-04:entry:2023-12-05,601318.SH,buy,500,11.86,2023-12-05,5930.29,5.00,0.00,0.00,5.00,-5935.29
trade:order:strategy_003_ma_trend_holding_days:v1:000001.SZ:2023-12-06:exit:2023-12-07,order:strategy_003_ma_trend_holding_days:v1:000001.SZ:2023-12-06:exit:2023-12-07,000001.SZ,sell,600,11.11,2023-12-07,6665.09,5.00,6.67,0.00,11.67,6653.43
trade:order:strategy_003_ma_trend_holding_days:v1:000001.SZ:2023-12-07:entry:2023-12-08,order:strategy_003_ma_trend_holding_days:v1:000001.SZ:2023-12-07:entry:2023-12-08,000001.SZ,buy,100,11.30,2023-12-08,1129.98,5.00,0.00,0.00,5.00,-1134.98
trade:order:strategy_003_ma_trend_holding_days:v1:000002.SZ:2023-12-07:entry:2023-12-08,order:strategy_003_ma_trend_holding_days:v1:000002.SZ:2023-12-07:entry:2023-12-08,000002.SZ,buy,100,11.87,2023-12-08,1186.70,5.00,0.00,0.00,5.00,-1191.70
trade:order:strategy_003_ma_trend_holding_days:v1:600519.SH:2023-12-07:entry:2023-12-08,order:strategy_003_ma_trend_holding_days:v1:600519.SH:2023-12-07:entry:2023-12-08,600519.SH,buy,100,11.83,2023-12-08,1182.63,5.00,0.00,0.00,5.00,-1187.63
trade:order:strategy_003_ma_trend_holding_days:v1:600036.SH:2023-12-07:entry:2023-12-08,order:strategy_003_ma_trend_holding_days:v1:600036.SH:2023-12-07:entry:2023-12-08,600036.SH,buy,100,12.12,2023-12-08,1211.81,5.00,0.00,0.00,5.00,-1216.81
trade:order:strategy_003_ma_trend_holding_days:v1:601318.SH:2023-12-07:entry:2023-12-08,order:strategy_003_ma_trend_holding_days:v1:601318.SH:2023-12-07:entry:2023-12-08,601318.SH,buy,100,11.95,2023-12-08,1194.78,5.00,0.00,0.00,5.00,-1199.78
trade:order:strategy_003_ma_trend_holding_days:v1:000001.SZ:2023-12-11:exit:2023-12-12,order:strategy_003_ma_trend_holding_days:v1:000001.SZ:2023-12-11:exit:2023-12-12,000001.SZ,sell,100,11.22,2023-12-12,1122.49,5.00,1.12,0.00,6.12,1116.37
trade:order:strategy_003_ma_trend_holding_days:v1:000002.SZ:2023-12-12:exit:2023-12-13,order:strategy_003_ma_trend_holding_days:v1:000002.SZ:2023-12-12:exit:2023-12-13,000002.SZ,sell,4000,11.96,2023-12-13,47854.31,14.36,47.85,0.00,62.21,47792.10
trade:order:strategy_003_ma_trend_holding_days:v1:000002.SZ:2023-12-13:entry:2023-12-14,order:strategy_003_ma_trend_holding_days:v1:000002.SZ:2023-12-13:entry:2023-12-14,000002.SZ,buy,800,11.86,2023-12-14,9484.14,5.00,0.00,0.00,5.00,-9489.14
trade:order:strategy_003_ma_trend_holding_days:v1:600519.SH:2023-12-13:entry:2023-12-14,order:strategy_003_ma_trend_holding_days:v1:600519.SH:2023-12-13:entry:2023-12-14,600519.SH,buy,800,12.00,2023-12-14,9596.54,5.00,0.00,0.00,5.00,-9601.54
trade:order:strategy_003_ma_trend_holding_days:v1:600036.SH:2023-12-13:entry:2023-12-14,order:strategy_003_ma_trend_holding_days:v1:600036.SH:2023-12-13:entry:2023-12-14,600036.SH,buy,800,12.32,2023-12-14,9853.42,5.00,0.00,0.00,5.00,-9858.42
trade:order:strategy_003_ma_trend_holding_days:v1:601318.SH:2023-12-13:entry:2023-12-14,order:strategy_003_ma_trend_holding_days:v1:601318.SH:2023-12-13:entry:2023-12-14,601318.SH,buy,800,12.15,2023-12-14,9717.97,5.00,0.00,0.00,5.00,-9722.97
trade:order:strategy_003_ma_trend_holding_days:v1:000002.SZ:2023-12-14:entry:2023-12-15,order:strategy_003_ma_trend_holding_days:v1:000002.SZ:2023-12-14:entry:2023-12-15,000002.SZ,buy,200,11.92,2023-12-15,2384.87,5.00,0.00,0.00,5.00,-2389.87
trade:order:strategy_003_ma_trend_holding_days:v1:600519.SH:2023-12-14:entry:2023-12-15,order:strategy_003_ma_trend_holding_days:v1:600519.SH:2023-12-14:entry:2023-12-15,600519.SH,buy,200,12.09,2023-12-15,2417.92,5.00,0.00,0.00,5.00,-2422.92
trade:order:strategy_003_ma_trend_holding_days:v1:600036.SH:2023-12-14:entry:2023-12-15,order:strategy_003_ma_trend_holding_days:v1:600036.SH:2023-12-14:entry:2023-12-15,600036.SH,buy,200,12.33,2023-12-15,2466.49,5.00,0.00,0.00,5.00,-2471.49
trade:order:strategy_003_ma_trend_holding_days:v1:601318.SH:2023-12-14:entry:2023-12-15,order:strategy_003_ma_trend_holding_days:v1:601318.SH:2023-12-14:entry:2023-12-15,601318.SH,buy,200,12.30,2023-12-15,2460.14,5.00,0.00,0.00,5.00,-2465.14
trade:order:strategy_003_ma_trend_holding_days:v1:600036.SH:2023-12-15:exit:2023-12-18,order:strategy_003_ma_trend_holding_days:v1:600036.SH:2023-12-15:exit:2023-12-18,600036.SH,sell,3200,12.27,2023-12-18,39270.32,11.78,39.27,0.00,51.05,39219.27
trade:order:strategy_003_ma_trend_holding_days:v1:601318.SH:2023-12-15:exit:2023-12-18,order:strategy_003_ma_trend_holding_days:v1:601318.SH:2023-12-15:exit:2023-12-18,601318.SH,sell,3100,12.24,2023-12-18,37937.15,11.38,37.94,0.00,49.32,37887.83
trade:order:strategy_003_ma_trend_holding_days:v1:000001.SZ:2023-12-18:entry:2023-12-19,order:strategy_003_ma_trend_holding_days:v1:000001.SZ:2023-12-18:entry:2023-12-19,000001.SZ,buy,1400,11.18,2023-12-19,15645.49,5.00,0.00,0.00,5.00,-15650.49
trade:order:strategy_003_ma_trend_holding_days:v1:000002.SZ:2023-12-18:entry:2023-12-19,order:strategy_003_ma_trend_holding_days:v1:000002.SZ:2023-12-18:entry:2023-12-19,000002.SZ,buy,1300,11.80,2023-12-19,15338.12,5.00,0.00,0.00,5.00,-15343.12
trade:order:strategy_003_ma_trend_holding_days:v1:600519.SH:2023-12-18:entry:2023-12-19,order:strategy_003_ma_trend_holding_days:v1:600519.SH:2023-12-18:entry:2023-12-19,600519.SH,buy,1300,12.27,2023-12-19,15949.21,5.00,0.00,0.00,5.00,-15954.21
trade:order:strategy_003_ma_trend_holding_days:v1:600036.SH:2023-12-18:exit:2023-12-19,order:strategy_003_ma_trend_holding_days:v1:600036.SH:2023-12-18:exit:2023-12-19,600036.SH,sell,200,12.51,2023-12-19,2501.95,5.00,2.50,0.00,7.50,2494.45
trade:order:strategy_003_ma_trend_holding_days:v1:601318.SH:2023-12-18:exit:2023-12-19,order:strategy_003_ma_trend_holding_days:v1:601318.SH:2023-12-18:exit:2023-12-19,601318.SH,sell,200,12.20,2023-12-19,2440.96,5.00,2.44,0.00,7.44,2433.52
trade:order:strategy_003_ma_trend_holding_days:v1:000001.SZ:2023-12-19:entry:2023-12-20,order:strategy_003_ma_trend_holding_days:v1:000001.SZ:2023-12-19:entry:2023-12-20,000001.SZ,buy,600,11.18,2023-12-20,6706.63,5.00,0.00,0.00,5.00,-6711.63
trade:order:strategy_003_ma_trend_holding_days:v1:000002.SZ:2023-12-19:entry:2023-12-20,order:strategy_003_ma_trend_holding_days:v1:000002.SZ:2023-12-19:entry:2023-12-20,000002.SZ,buy,600,11.74,2023-12-20,7041.34,5.00,0.00,0.00,5.00,-7046.34
trade:order:strategy_003_ma_trend_holding_days:v1:600519.SH:2023-12-19:entry:2023-12-20,order:strategy_003_ma_trend_holding_days:v1:600519.SH:2023-12-19:entry:2023-12-20,600519.SH,buy,600,12.35,2023-12-20,7409.95,5.00,0.00,0.00,5.00,-7414.95
trade:order:strategy_003_ma_trend_holding_days:v1:600036.SH:2023-12-19:entry:2023-12-20,order:strategy_003_ma_trend_holding_days:v1:600036.SH:2023-12-19:entry:2023-12-20,600036.SH,buy,600,12.55,2023-12-20,7529.06,5.00,0.00,0.00,5.00,-7534.06
trade:order:strategy_003_ma_trend_holding_days:v1:601318.SH:2023-12-19:entry:2023-12-20,order:strategy_003_ma_trend_holding_days:v1:601318.SH:2023-12-19:entry:2023-12-20,601318.SH,buy,600,12.36,2023-12-20,7415.35,5.00,0.00,0.00,5.00,-7420.35
trade:order:strategy_003_ma_trend_holding_days:v1:002475.SZ:2023-12-19:entry:2023-12-20,order:strategy_003_ma_trend_holding_days:v1:002475.SZ:2023-12-19:entry:2023-12-20,002475.SZ,buy,100,13.98,2023-12-20,1398.18,5.00,0.00,0.00,5.00,-1403.18
trade:order:strategy_003_ma_trend_holding_days:v1:600519.SH:2023-12-20:exit:2023-12-21,order:strategy_003_ma_trend_holding_days:v1:600519.SH:2023-12-20:exit:2023-12-21,600519.SH,sell,3000,12.22,2023-12-21,36669.38,11.00,36.67,0.00,47.67,36621.71
trade:order:strategy_003_ma_trend_holding_days:v1:000001.SZ:2023-12-21:entry:2023-12-22,order:strategy_003_ma_trend_holding_days:v1:000001.SZ:2023-12-21:entry:2023-12-22,000001.SZ,buy,600,11.30,2023-12-22,6777.29,5.00,0.00,0.00,5.00,-6782.29
trade:order:strategy_003_ma_trend_holding_days:v1:000002.SZ:2023-12-21:entry:2023-12-22,order:strategy_003_ma_trend_holding_days:v1:000002.SZ:2023-12-21:entry:2023-12-22,000002.SZ,buy,600,11.84,2023-12-22,7104.27,5.00,0.00,0.00,5.00,-7109.27
trade:order:strategy_003_ma_trend_holding_days:v1:600519.SH:2023-12-21:exit:2023-12-22,order:strategy_003_ma_trend_holding_days:v1:600519.SH:2023-12-21:exit:2023-12-22,600519.SH,sell,600,12.30,2023-12-22,7380.13,5.00,7.38,0.00,12.38,7367.75
trade:order:strategy_003_ma_trend_holding_days:v1:600036.SH:2023-12-21:entry:2023-12-22,order:strategy_003_ma_trend_holding_days:v1:600036.SH:2023-12-21:entry:2023-12-22,600036.SH,buy,500,12.63,2023-12-22,6313.53,5.00,0.00,0.00,5.00,-6318.53
trade:order:strategy_003_ma_trend_holding_days:v1:601318.SH:2023-12-21:entry:2023-12-22,order:strategy_003_ma_trend_holding_days:v1:601318.SH:2023-12-21:entry:2023-12-22,601318.SH,buy,500,12.37,2023-12-22,6183.90,5.00,0.00,0.00,5.00,-6188.90
trade:order:strategy_003_ma_trend_holding_days:v1:002475.SZ:2023-12-21:entry:2023-12-22,order:strategy_003_ma_trend_holding_days:v1:002475.SZ:2023-12-21:entry:2023-12-22,002475.SZ,buy,500,14.04,2023-12-22,7021.77,5.00,0.00,0.00,5.00,-7026.77
trade:order:strategy_003_ma_trend_holding_days:v1:000001.SZ:2023-12-22:entry:2023-12-25,order:strategy_003_ma_trend_holding_days:v1:000001.SZ:2023-12-22:entry:2023-12-25,000001.SZ,buy,100,11.25,2023-12-25,1125.18,5.00,0.00,0.00,5.00,-1130.18
trade:order:strategy_003_ma_trend_holding_days:v1:000002.SZ:2023-12-22:entry:2023-12-25,order:strategy_003_ma_trend_holding_days:v1:000002.SZ:2023-12-22:entry:2023-12-25,000002.SZ,buy,100,11.88,2023-12-25,1188.17,5.00,0.00,0.00,5.00,-1193.17
trade:order:strategy_003_ma_trend_holding_days:v1:600519.SH:2023-12-22:entry:2023-12-25,order:strategy_003_ma_trend_holding_days:v1:600519.SH:2023-12-22:entry:2023-12-25,600519.SH,buy,100,12.30,2023-12-25,1229.57,5.00,0.00,0.00,5.00,-1234.57
trade:order:strategy_003_ma_trend_holding_days:v1:600036.SH:2023-12-22:entry:2023-12-25,order:strategy_003_ma_trend_holding_days:v1:600036.SH:2023-12-22:entry:2023-12-25,600036.SH,buy,100,12.48,2023-12-25,1247.93,5.00,0.00,0.00,5.00,-1252.93
trade:order:strategy_003_ma_trend_holding_days:v1:601318.SH:2023-12-22:entry:2023-12-25,order:strategy_003_ma_trend_holding_days:v1:601318.SH:2023-12-22:entry:2023-12-25,601318.SH,buy,100,12.50,2023-12-25,1249.61,5.00,0.00,0.00,5.00,-1254.61
trade:order:strategy_003_ma_trend_holding_days:v1:002475.SZ:2023-12-22:entry:2023-12-25,order:strategy_003_ma_trend_holding_days:v1:002475.SZ:2023-12-22:entry:2023-12-25,002475.SZ,buy,100,13.82,2023-12-25,1381.67,5.00,0.00,0.00,5.00,-1386.67
trade:order:strategy_003_ma_trend_holding_days:v1:002475.SZ:2023-12-25:exit:2023-12-26,order:strategy_003_ma_trend_holding_days:v1:002475.SZ:2023-12-25:exit:2023-12-26,002475.SZ,sell,600,13.93,2023-12-26,8360.00,5.00,8.36,0.00,13.36,8346.64
trade:order:strategy_003_ma_trend_holding_days:v1:000001.SZ:2023-12-26:entry:2023-12-27,order:strategy_003_ma_trend_holding_days:v1:000001.SZ:2023-12-26:entry:2023-12-27,000001.SZ,buy,200,11.41,2023-12-27,2281.64,5.00,0.00,0.00,5.00,-2286.64
trade:order:strategy_003_ma_trend_holding_days:v1:000002.SZ:2023-12-26:entry:2023-12-27,order:strategy_003_ma_trend_holding_days:v1:000002.SZ:2023-12-26:entry:2023-12-27,000002.SZ,buy,100,11.79,2023-12-27,1179.20,5.00,0.00,0.00,5.00,-1184.20
trade:order:strategy_003_ma_trend_holding_days:v1:600519.SH:2023-12-26:entry:2023-12-27,order:strategy_003_ma_trend_holding_days:v1:600519.SH:2023-12-26:entry:2023-12-27,600519.SH,buy,100,12.53,2023-12-27,1252.57,5.00,0.00,0.00,5.00,-1257.57
trade:order:strategy_003_ma_trend_holding_days:v1:600036.SH:2023-12-26:entry:2023-12-27,order:strategy_003_ma_trend_holding_days:v1:600036.SH:2023-12-26:entry:2023-12-27,600036.SH,buy,100,12.74,2023-12-27,1273.76,5.00,0.00,0.00,5.00,-1278.76
trade:order:strategy_003_ma_trend_holding_days:v1:300750.SZ:2023-12-26:entry:2023-12-27,order:strategy_003_ma_trend_holding_days:v1:300750.SZ:2023-12-26:entry:2023-12-27,300750.SZ,buy,100,13.42,2023-12-27,1341.57,5.00,0.00,0.00,5.00,-1346.57
trade:order:strategy_003_ma_trend_holding_days:v1:601318.SH:2023-12-26:entry:2023-12-27,order:strategy_003_ma_trend_holding_days:v1:601318.SH:2023-12-26:entry:2023-12-27,601318.SH,buy,100,12.53,2023-12-27,1252.67,5.00,0.00,0.00,5.00,-1257.67
trade:order:strategy_003_ma_trend_holding_days:v1:002475.SZ:2023-12-26:exit:2023-12-27,order:strategy_003_ma_trend_holding_days:v1:002475.SZ:2023-12-26:exit:2023-12-27,002475.SZ,sell,100,13.88,2023-12-27,1388.27,5.00,1.39,0.00,6.39,1381.88
trade:order:strategy_003_ma_trend_holding_days:v1:000002.SZ:2023-12-27:exit:2023-12-28,order:strategy_003_ma_trend_holding_days:v1:000002.SZ:2023-12-27:exit:2023-12-28,000002.SZ,sell,3600,11.75,2023-12-28,42295.67,12.69,42.30,0.00,54.98,42240.69
trade:order:strategy_003_ma_trend_holding_days:v1:000001.SZ:2023-12-28:entry:2023-12-29,order:strategy_003_ma_trend_holding_days:v1:000001.SZ:2023-12-28:entry:2023-12-29,000001.SZ,buy,800,11.32,2023-12-29,9054.88,5.00,0.00,0.00,5.00,-9059.88
trade:order:strategy_003_ma_trend_holding_days:v1:000002.SZ:2023-12-28:entry:2023-12-29,order:strategy_003_ma_trend_holding_days:v1:000002.SZ:2023-12-28:entry:2023-12-29,000002.SZ,buy,700,11.89,2023-12-29,8323.11,5.00,0.00,0.00,5.00,-8328.11
trade:order:strategy_003_ma_trend_holding_days:v1:600519.SH:2023-12-28:entry:2023-12-29,order:strategy_003_ma_trend_holding_days:v1:600519.SH:2023-12-28:entry:2023-12-29,600519.SH,buy,700,12.63,2023-12-29,8842.20,5.00,0.00,0.00,5.00,-8847.20
trade:order:strategy_003_ma_trend_holding_days:v1:600036.SH:2023-12-28:entry:2023-12-29,order:strategy_003_ma_trend_holding_days:v1:600036.SH:2023-12-28:entry:2023-12-29,600036.SH,buy,700,12.55,2023-12-29,8786.43,5.00,0.00,0.00,5.00,-8791.43
trade:order:strategy_003_ma_trend_holding_days:v1:300750.SZ:2023-12-28:entry:2023-12-29,order:strategy_003_ma_trend_holding_days:v1:300750.SZ:2023-12-28:entry:2023-12-29,300750.SZ,buy,700,13.33,2023-12-29,9330.05,5.00,0.00,0.00,5.00,-9335.05
trade:order:strategy_003_ma_trend_holding_days:v1:601318.SH:2023-12-28:entry:2023-12-29,order:strategy_003_ma_trend_holding_days:v1:601318.SH:2023-12-28:entry:2023-12-29,601318.SH,buy,100,12.80,2023-12-29,1279.93,5.00,0.00,0.00,5.00,-1284.93
trade:order:strategy_003_ma_trend_holding_days:v1:000002.SZ:2023-12-29:exit:2024-01-01,order:strategy_003_ma_trend_holding_days:v1:000002.SZ:2023-12-29:exit:2024-01-01,000002.SZ,sell,100,11.85,2024-01-01,1184.74,5.00,1.18,0.00,6.18,1178.55
trade:order:strategy_003_ma_trend_holding_days:v1:000002.SZ:2024-01-01:exit:2024-01-02,order:strategy_003_ma_trend_holding_days:v1:000002.SZ:2024-01-01:exit:2024-01-02,000002.SZ,sell,700,11.88,2024-01-02,8315.12,5.00,8.32,0.00,13.32,8301.80
trade:order:strategy_003_ma_trend_holding_days:v1:000001.SZ:2024-01-02:entry:2024-01-03,order:strategy_003_ma_trend_holding_days:v1:000001.SZ:2024-01-02:entry:2024-01-03,000001.SZ,buy,100,11.41,2024-01-03,1141.40,5.00,0.00,0.00,5.00,-1146.40
trade:order:strategy_003_ma_trend_holding_days:v1:600519.SH:2024-01-02:entry:2024-01-03,order:strategy_003_ma_trend_holding_days:v1:600519.SH:2024-01-02:entry:2024-01-03,600519.SH,buy,100,12.57,2024-01-03,1257.05,5.00,0.00,0.00,5.00,-1262.05
trade:order:strategy_003_ma_trend_holding_days:v1:600036.SH:2024-01-02:entry:2024-01-03,order:strategy_003_ma_trend_holding_days:v1:600036.SH:2024-01-02:entry:2024-01-03,600036.SH,buy,100,12.65,2024-01-03,1265.36,5.00,0.00,0.00,5.00,-1270.36
trade:order:strategy_003_ma_trend_holding_days:v1:300750.SZ:2024-01-02:entry:2024-01-03,order:strategy_003_ma_trend_holding_days:v1:300750.SZ:2024-01-02:entry:2024-01-03,300750.SZ,buy,100,13.37,2024-01-03,1336.51,5.00,0.00,0.00,5.00,-1341.51
trade:order:strategy_003_ma_trend_holding_days:v1:601318.SH:2024-01-02:entry:2024-01-03,order:strategy_003_ma_trend_holding_days:v1:601318.SH:2024-01-02:entry:2024-01-03,601318.SH,buy,100,12.72,2024-01-03,1272.33,5.00,0.00,0.00,5.00,-1277.33
trade:order:strategy_003_ma_trend_holding_days:v1:000001.SZ:2024-01-03:exit:2024-01-04,order:strategy_003_ma_trend_holding_days:v1:000001.SZ:2024-01-03:exit:2024-01-04,000001.SZ,sell,3700,11.34,2024-01-04,41948.51,12.58,41.95,0.00,54.53,41893.97
trade:order:strategy_003_ma_trend_holding_days:v1:600519.SH:2024-01-04:entry:2024-01-05,order:strategy_003_ma_trend_holding_days:v1:600519.SH:2024-01-04:entry:2024-01-05,600519.SH,buy,700,12.78,2024-01-05,8943.73,5.00,0.00,0.00,5.00,-8948.73
trade:order:strategy_003_ma_trend_holding_days:v1:600036.SH:2024-01-04:exit:2024-01-05,order:strategy_003_ma_trend_holding_days:v1:600036.SH:2024-01-04:exit:2024-01-05,600036.SH,sell,2100,12.77,2024-01-05,26823.37,8.05,26.82,0.00,34.87,26788.50
trade:order:strategy_003_ma_trend_holding_days:v1:300750.SZ:2024-01-04:entry:2024-01-05,order:strategy_003_ma_trend_holding_days:v1:300750.SZ:2024-01-04:entry:2024-01-05,300750.SZ,buy,600,13.39,2024-01-05,8031.46,5.00,0.00,0.00,5.00,-8036.46
trade:order:strategy_003_ma_trend_holding_days:v1:601318.SH:2024-01-04:exit:2024-01-05,order:strategy_003_ma_trend_holding_days:v1:601318.SH:2024-01-04:exit:2024-01-05,601318.SH,sell,1500,12.89,2024-01-05,19329.88,5.80,19.33,0.00,25.13,19304.75
trade:order:strategy_003_ma_trend_holding_days:v1:000001.SZ:2024-01-04:exit:2024-01-05,order:strategy_003_ma_trend_holding_days:v1:000001.SZ:2024-01-04:exit:2024-01-05,000001.SZ,sell,100,11.27,2024-01-05,1126.63,5.00,1.13,0.00,6.13,1120.50
trade:order:strategy_003_ma_trend_holding_days:v1:600519.SH:2024-01-05:entry:2024-01-08,order:strategy_003_ma_trend_holding_days:v1:600519.SH:2024-01-05:entry:2024-01-08,600519.SH,buy,1100,12.83,2024-01-08,14109.82,5.00,0.00,0.00,5.00,-14114.82
trade:order:strategy_003_ma_trend_holding_days:v1:600036.SH:2024-01-05:entry:2024-01-08,order:strategy_003_ma_trend_holding_days:v1:600036.SH:2024-01-05:entry:2024-01-08,600036.SH,buy,1100,12.91,2024-01-08,14199.08,5.00,0.00,0.00,5.00,-14204.08
trade:order:strategy_003_ma_trend_holding_days:v1:300750.SZ:2024-01-05:entry:2024-01-08,order:strategy_003_ma_trend_holding_days:v1:300750.SZ:2024-01-05:entry:2024-01-08,300750.SZ,buy,1100,13.42,2024-01-08,14763.95,5.00,0.00,0.00,5.00,-14768.95
trade:order:strategy_003_ma_trend_holding_days:v1:601318.SH:2024-01-05:entry:2024-01-08,order:strategy_003_ma_trend_holding_days:v1:601318.SH:2024-01-05:entry:2024-01-08,601318.SH,buy,1100,12.84,2024-01-08,14129.19,5.00,0.00,0.00,5.00,-14134.19
trade:order:strategy_003_ma_trend_holding_days:v1:600519.SH:2024-01-08:entry:2024-01-09,order:strategy_003_ma_trend_holding_days:v1:600519.SH:2024-01-08:entry:2024-01-09,600519.SH,buy,200,12.72,2024-01-09,2544.19,5.00,0.00,0.00,5.00,-2549.19
trade:order:strategy_003_ma_trend_holding_days:v1:600036.SH:2024-01-08:entry:2024-01-09,order:strategy_003_ma_trend_holding_days:v1:600036.SH:2024-01-08:entry:2024-01-09,600036.SH,buy,200,12.89,2024-01-09,2577.55,5.00,0.00,0.00,5.00,-2582.55
trade:order:strategy_003_ma_trend_holding_days:v1:300750.SZ:2024-01-08:entry:2024-01-09,order:strategy_003_ma_trend_holding_days:v1:300750.SZ:2024-01-08:entry:2024-01-09,300750.SZ,buy,200,13.41,2024-01-09,2681.06,5.00,0.00,0.00,5.00,-2686.06
trade:order:strategy_003_ma_trend_holding_days:v1:601318.SH:2024-01-08:entry:2024-01-09,order:strategy_003_ma_trend_holding_days:v1:601318.SH:2024-01-08:entry:2024-01-09,601318.SH,buy,200,12.84,2024-01-09,2567.25,5.00,0.00,0.00,5.00,-2572.25
trade:order:strategy_003_ma_trend_holding_days:v1:600519.SH:2024-01-09:exit:2024-01-10,order:strategy_003_ma_trend_holding_days:v1:600519.SH:2024-01-09:exit:2024-01-10,600519.SH,sell,2800,12.74,2024-01-10,35671.36,10.70,35.67,0.00,46.37,35624.98
trade:order:strategy_003_ma_trend_holding_days:v1:600036.SH:2024-01-09:entry:2024-01-10,order:strategy_003_ma_trend_holding_days:v1:600036.SH:2024-01-09:entry:2024-01-10,600036.SH,buy,100,12.89,2024-01-10,1288.67,5.00,0.00,0.00,5.00,-1293.67
trade:order:strategy_003_ma_trend_holding_days:v1:300750.SZ:2024-01-09:entry:2024-01-10,order:strategy_003_ma_trend_holding_days:v1:300750.SZ:2024-01-09:entry:2024-01-10,300750.SZ,buy,100,13.38,2024-01-10,1337.52,5.00,0.00,0.00,5.00,-1342.52
trade:order:strategy_003_ma_trend_holding_days:v1:601318.SH:2024-01-09:entry:2024-01-10,order:strategy_003_ma_trend_holding_days:v1:601318.SH:2024-01-09:entry:2024-01-10,601318.SH,buy,100,12.82,2024-01-10,1281.94,5.00,0.00,0.00,5.00,-1286.94
trade:order:strategy_003_ma_trend_holding_days:v1:600519.SH:2024-01-10:exit:2024-01-11,order:strategy_003_ma_trend_holding_days:v1:600519.SH:2024-01-10:exit:2024-01-11,600519.SH,sell,200,12.80,2024-01-11,2559.81,5.00,2.56,0.00,7.56,2552.25
trade:order:strategy_003_ma_trend_holding_days:v1:300750.SZ:2024-01-10:entry:2024-01-11,order:strategy_003_ma_trend_holding_days:v1:300750.SZ:2024-01-10:entry:2024-01-11,300750.SZ,buy,600,13.60,2024-01-11,8160.70,5.00,0.00,0.00,5.00,-8165.70
trade:order:strategy_003_ma_trend_holding_days:v1:601318.SH:2024-01-10:entry:2024-01-11,order:strategy_003_ma_trend_holding_days:v1:601318.SH:2024-01-10:entry:2024-01-11,601318.SH,buy,600,13.02,2024-01-11,7812.58,5.00,0.00,0.00,5.00,-7817.58
trade:order:strategy_003_ma_trend_holding_days:v1:600519.SH:2024-01-11:entry:2024-01-12,order:strategy_003_ma_trend_holding_days:v1:600519.SH:2024-01-11:entry:2024-01-12,600519.SH,buy,400,12.97,2024-01-12,5187.26,5.00,0.00,0.00,5.00,-5192.26
trade:order:strategy_003_ma_trend_holding_days:v1:600036.SH:2024-01-11:entry:2024-01-12,order:strategy_003_ma_trend_holding_days:v1:600036.SH:2024-01-11:entry:2024-01-12,600036.SH,buy,400,12.90,2024-01-12,5159.25,5.00,0.00,0.00,5.00,-5164.25
trade:order:strategy_003_ma_trend_holding_days:v1:300750.SZ:2024-01-11:exit:2024-01-12,order:strategy_003_ma_trend_holding_days:v1:300750.SZ:2024-01-11:exit:2024-01-12,300750.SZ,sell,2900,13.53,2024-01-12,39229.83,11.77,39.23,0.00,51.00,39178.83
trade:order:strategy_003_ma_trend_holding_days:v1:601318.SH:2024-01-11:entry:2024-01-12,order:strategy_003_ma_trend_holding_days:v1:601318.SH:2024-01-11:entry:2024-01-12,601318.SH,buy,400,13.07,2024-01-12,5226.99,5.00,0.00,0.00,5.00,-5231.99
trade:order:strategy_003_ma_trend_holding_days:v1:600519.SH:2024-01-12:entry:2024-01-15,order:strategy_003_ma_trend_holding_days:v1:600519.SH:2024-01-12:entry:2024-01-15,600519.SH,buy,700,12.87,2024-01-15,9010.90,5.00,0.00,0.00,5.00,-9015.90
trade:order:strategy_003_ma_trend_holding_days:v1:600036.SH:2024-01-12:entry:2024-01-15,order:strategy_003_ma_trend_holding_days:v1:600036.SH:2024-01-12:entry:2024-01-15,600036.SH,buy,700,12.98,2024-01-15,9085.55,5.00,0.00,0.00,5.00,-9090.55
trade:order:strategy_003_ma_trend_holding_days:v1:300750.SZ:2024-01-12:exit:2024-01-15,order:strategy_003_ma_trend_holding_days:v1:300750.SZ:2024-01-12:exit:2024-01-15,300750.SZ,sell,600,13.54,2024-01-15,8124.93,5.00,8.12,0.00,13.12,8111.81
trade:order:strategy_003_ma_trend_holding_days:v1:601318.SH:2024-01-12:entry:2024-01-15,order:strategy_003_ma_trend_holding_days:v1:601318.SH:2024-01-12:entry:2024-01-15,601318.SH,buy,700,13.02,2024-01-15,9115.18,5.00,0.00,0.00,5.00,-9120.18
trade:order:strategy_003_ma_trend_holding_days:v1:600519.SH:2024-01-15:entry:2024-01-16,order:strategy_003_ma_trend_holding_days:v1:600519.SH:2024-01-15:entry:2024-01-16,600519.SH,buy,400,13.00,2024-01-16,5201.64,5.00,0.00,0.00,5.00,-5206.64
trade:order:strategy_003_ma_trend_holding_days:v1:600036.SH:2024-01-15:entry:2024-01-16,order:strategy_003_ma_trend_holding_days:v1:600036.SH:2024-01-15:entry:2024-01-16,600036.SH,buy,400,12.91,2024-01-16,5165.17,5.00,0.00,0.00,5.00,-5170.17
trade:order:strategy_003_ma_trend_holding_days:v1:300750.SZ:2024-01-15:entry:2024-01-16,order:strategy_003_ma_trend_holding_days:v1:300750.SZ:2024-01-15:entry:2024-01-16,300750.SZ,buy,400,13.52,2024-01-16,5406.64,5.00,0.00,0.00,5.00,-5411.64
trade:order:strategy_003_ma_trend_holding_days:v1:601318.SH:2024-01-15:entry:2024-01-16,order:strategy_003_ma_trend_holding_days:v1:601318.SH:2024-01-15:entry:2024-01-16,601318.SH,buy,400,13.05,2024-01-16,5218.61,5.00,0.00,0.00,5.00,-5223.61
trade:order:strategy_003_ma_trend_holding_days:v1:600519.SH:2024-01-16:entry:2024-01-17,order:strategy_003_ma_trend_holding_days:v1:600519.SH:2024-01-16:entry:2024-01-17,600519.SH,buy,100,12.89,2024-01-17,1289.12,5.00,0.00,0.00,5.00,-1294.12
trade:order:strategy_003_ma_trend_holding_days:v1:600036.SH:2024-01-16:entry:2024-01-17,order:strategy_003_ma_trend_holding_days:v1:600036.SH:2024-01-16:entry:2024-01-17,600036.SH,buy,100,12.85,2024-01-17,1285.27,5.00,0.00,0.00,5.00,-1290.27
trade:order:strategy_003_ma_trend_holding_days:v1:300750.SZ:2024-01-16:entry:2024-01-17,order:strategy_003_ma_trend_holding_days:v1:300750.SZ:2024-01-16:entry:2024-01-17,300750.SZ,buy,100,13.63,2024-01-17,1363.05,5.00,0.00,0.00,5.00,-1368.05
trade:order:strategy_003_ma_trend_holding_days:v1:601318.SH:2024-01-16:entry:2024-01-17,order:strategy_003_ma_trend_holding_days:v1:601318.SH:2024-01-16:entry:2024-01-17,601318.SH,buy,100,13.11,2024-01-17,1311.19,5.00,0.00,0.00,5.00,-1316.19
trade:order:strategy_003_ma_trend_holding_days:v1:600036.SH:2024-01-23:exit:2024-01-24,order:strategy_003_ma_trend_holding_days:v1:600036.SH:2024-01-23:exit:2024-01-24,600036.SH,sell,3000,13.01,2024-01-24,39034.11,11.71,39.03,0.00,50.74,38983.37
trade:order:strategy_003_ma_trend_holding_days:v1:601318.SH:2024-01-23:exit:2024-01-24,order:strategy_003_ma_trend_holding_days:v1:601318.SH:2024-01-23:exit:2024-01-24,601318.SH,sell,3600,13.21,2024-01-24,47572.52,14.27,47.57,0.00,61.84,47510.67
trade:order:strategy_003_ma_trend_holding_days:v1:600519.SH:2024-01-24:entry:2024-01-25,order:strategy_003_ma_trend_holding_days:v1:600519.SH:2024-01-24:entry:2024-01-25,600519.SH,buy,1300,13.07,2024-01-25,16995.39,5.10,0.00,0.00,5.10,-17000.48
trade:order:strategy_003_ma_trend_holding_days:v1:600036.SH:2024-01-24:entry:2024-01-25,order:strategy_003_ma_trend_holding_days:v1:600036.SH:2024-01-24:entry:2024-01-25,600036.SH,buy,1400,12.95,2024-01-25,18132.86,5.44,0.00,0.00,5.44,-18138.30
trade:order:strategy_003_ma_trend_holding_days:v1:300750.SZ:2024-01-24:entry:2024-01-25,order:strategy_003_ma_trend_holding_days:v1:300750.SZ:2024-01-24:entry:2024-01-25,300750.SZ,buy,1300,13.48,2024-01-25,17521.44,5.26,0.00,0.00,5.26,-17526.69
trade:order:strategy_003_ma_trend_holding_days:v1:601318.SH:2024-01-24:entry:2024-01-25,order:strategy_003_ma_trend_holding_days:v1:601318.SH:2024-01-24:entry:2024-01-25,601318.SH,buy,1300,13.17,2024-01-25,17117.05,5.14,0.00,0.00,5.14,-17122.19
trade:order:strategy_003_ma_trend_holding_days:v1:600519.SH:2024-01-25:entry:2024-01-26,order:strategy_003_ma_trend_holding_days:v1:600519.SH:2024-01-25:entry:2024-01-26,600519.SH,buy,300,13.10,2024-01-26,3930.91,5.00,0.00,0.00,5.00,-3935.91
trade:order:strategy_003_ma_trend_holding_days:v1:600036.SH:2024-01-25:entry:2024-01-26,order:strategy_003_ma_trend_holding_days:v1:600036.SH:2024-01-25:entry:2024-01-26,600036.SH,buy,300,13.10,2024-01-26,3928.76,5.00,0.00,0.00,5.00,-3933.76
trade:order:strategy_003_ma_trend_holding_days:v1:300750.SZ:2024-01-25:entry:2024-01-26,order:strategy_003_ma_trend_holding_days:v1:300750.SZ:2024-01-25:entry:2024-01-26,300750.SZ,buy,300,13.51,2024-01-26,4052.74,5.00,0.00,0.00,5.00,-4057.74
trade:order:strategy_003_ma_trend_holding_days:v1:601318.SH:2024-01-25:entry:2024-01-26,order:strategy_003_ma_trend_holding_days:v1:601318.SH:2024-01-25:entry:2024-01-26,601318.SH,buy,300,13.08,2024-01-26,3922.64,5.00,0.00,0.00,5.00,-3927.64
trade:order:strategy_003_ma_trend_holding_days:v1:600519.SH:2024-01-29:exit:2024-01-30,order:strategy_003_ma_trend_holding_days:v1:600519.SH:2024-01-29:exit:2024-01-30,600519.SH,sell,3200,13.12,2024-01-30,41981.77,12.59,41.98,0.00,54.58,41927.19
trade:order:strategy_003_ma_trend_holding_days:v1:000001.SZ:2024-01-30:entry:2024-01-31,order:strategy_003_ma_trend_holding_days:v1:000001.SZ:2024-01-30:entry:2024-01-31,000001.SZ,buy,800,11.35,2024-01-31,9077.97,5.00,0.00,0.00,5.00,-9082.97
trade:order:strategy_003_ma_trend_holding_days:v1:000002.SZ:2024-01-30:entry:2024-01-31,order:strategy_003_ma_trend_holding_days:v1:000002.SZ:2024-01-30:entry:2024-01-31,000002.SZ,buy,800,11.88,2024-01-31,9503.57,5.00,0.00,0.00,5.00,-9508.57
trade:order:strategy_003_ma_trend_holding_days:v1:600519.SH:2024-01-30:entry:2024-01-31,order:strategy_003_ma_trend_holding_days:v1:600519.SH:2024-01-30:entry:2024-01-31,600519.SH,buy,700,13.09,2024-01-31,9164.19,5.00,0.00,0.00,5.00,-9169.19
trade:order:strategy_003_ma_trend_holding_days:v1:600036.SH:2024-01-30:entry:2024-01-31,order:strategy_003_ma_trend_holding_days:v1:600036.SH:2024-01-30:entry:2024-01-31,600036.SH,buy,700,13.06,2024-01-31,9143.84,5.00,0.00,0.00,5.00,-9148.84
trade:order:strategy_003_ma_trend_holding_days:v1:300750.SZ:2024-01-30:entry:2024-01-31,order:strategy_003_ma_trend_holding_days:v1:300750.SZ:2024-01-30:entry:2024-01-31,300750.SZ,buy,700,13.46,2024-01-31,9422.07,5.00,0.00,0.00,5.00,-9427.07
trade:order:strategy_003_ma_trend_holding_days:v1:601318.SH:2024-01-30:entry:2024-01-31,order:strategy_003_ma_trend_holding_days:v1:601318.SH:2024-01-30:entry:2024-01-31,601318.SH,buy,100,13.20,2024-01-31,1320.00,5.00,0.00,0.00,5.00,-1325.00
trade:order:strategy_003_ma_trend_holding_days:v1:300750.SZ:2024-01-31:exit:2024-02-01,order:strategy_003_ma_trend_holding_days:v1:300750.SZ:2024-01-31:exit:2024-02-01,300750.SZ,sell,2100,13.47,2024-02-01,28280.31,8.48,28.28,0.00,36.76,28243.55
trade:order:strategy_003_ma_trend_holding_days:v1:000001.SZ:2024-02-01:entry:2024-02-02,order:strategy_003_ma_trend_holding_days:v1:000001.SZ:2024-02-01:entry:2024-02-02,000001.SZ,buy,500,11.22,2024-02-02,5610.19,5.00,0.00,0.00,5.00,-5615.19
trade:order:strategy_003_ma_trend_holding_days:v1:600519.SH:2024-02-01:entry:2024-02-02,order:strategy_003_ma_trend_holding_days:v1:600519.SH:2024-02-01:entry:2024-02-02,600519.SH,buy,400,13.19,2024-02-02,5276.35,5.00,0.00,0.00,5.00,-5281.35
trade:order:strategy_003_ma_trend_holding_days:v1:600036.SH:2024-02-01:entry:2024-02-02,order:strategy_003_ma_trend_holding_days:v1:600036.SH:2024-02-01:entry:2024-02-02,600036.SH,buy,400,13.21,2024-02-02,5285.16,5.00,0.00,0.00,5.00,-5290.16
trade:order:strategy_003_ma_trend_holding_days:v1:601318.SH:2024-02-01:entry:2024-02-02,order:strategy_003_ma_trend_holding_days:v1:601318.SH:2024-02-01:entry:2024-02-02,601318.SH,buy,400,13.02,2024-02-02,5207.40,5.00,0.00,0.00,5.00,-5212.40
trade:order:strategy_003_ma_trend_holding_days:v1:300750.SZ:2024-02-01:exit:2024-02-02,order:strategy_003_ma_trend_holding_days:v1:300750.SZ:2024-02-01:exit:2024-02-02,300750.SZ,sell,700,13.55,2024-02-02,9486.14,5.00,9.49,0.00,14.49,9471.66
trade:order:strategy_003_ma_trend_holding_days:v1:000002.SZ:2024-02-01:exit:2024-02-02,order:strategy_003_ma_trend_holding_days:v1:000002.SZ:2024-02-01:exit:2024-02-02,000002.SZ,sell,800,11.68,2024-02-02,9344.14,5.00,9.34,0.00,14.34,9329.79
trade:order:strategy_003_ma_trend_holding_days:v1:000001.SZ:2024-02-02:entry:2024-02-05,order:strategy_003_ma_trend_holding_days:v1:000001.SZ:2024-02-02:entry:2024-02-05,000001.SZ,buy,400,11.36,2024-02-05,4544.76,5.00,0.00,0.00,5.00,-4549.76
trade:order:strategy_003_ma_trend_holding_days:v1:000002.SZ:2024-02-02:entry:2024-02-05,order:strategy_003_ma_trend_holding_days:v1:000002.SZ:2024-02-02:entry:2024-02-05,000002.SZ,buy,400,11.84,2024-02-05,4735.65,5.00,0.00,0.00,5.00,-4740.65
trade:order:strategy_003_ma_trend_holding_days:v1:600519.SH:2024-02-02:entry:2024-02-05,order:strategy_003_ma_trend_holding_days:v1:600519.SH:2024-02-02:entry:2024-02-05,600519.SH,buy,300,13.25,2024-02-05,3974.42,5.00,0.00,0.00,5.00,-3979.42
trade:order:strategy_003_ma_trend_holding_days:v1:600036.SH:2024-02-02:entry:2024-02-05,order:strategy_003_ma_trend_holding_days:v1:600036.SH:2024-02-02:entry:2024-02-05,600036.SH,buy,300,13.06,2024-02-05,3917.62,5.00,0.00,0.00,5.00,-3922.62
trade:order:strategy_003_ma_trend_holding_days:v1:601318.SH:2024-02-02:entry:2024-02-05,order:strategy_003_ma_trend_holding_days:v1:601318.SH:2024-02-02:entry:2024-02-05,601318.SH,buy,300,13.22,2024-02-05,3966.95,5.00,0.00,0.00,5.00,-3971.95
trade:order:strategy_003_ma_trend_holding_days:v1:000002.SZ:2024-02-07:exit:2024-02-08,order:strategy_003_ma_trend_holding_days:v1:000002.SZ:2024-02-07:exit:2024-02-08,000002.SZ,sell,400,11.61,2024-02-08,4643.04,5.00,4.64,0.00,9.64,4633.40
trade:order:strategy_003_ma_trend_holding_days:v1:000001.SZ:2024-02-08:entry:2024-02-09,order:strategy_003_ma_trend_holding_days:v1:000001.SZ:2024-02-08:entry:2024-02-09,000001.SZ,buy,100,11.38,2024-02-09,1138.12,5.00,0.00,0.00,5.00,-1143.12
trade:order:strategy_003_ma_trend_holding_days:v1:600519.SH:2024-02-08:entry:2024-02-09,order:strategy_003_ma_trend_holding_days:v1:600519.SH:2024-02-08:entry:2024-02-09,600519.SH,buy,100,13.15,2024-02-09,1314.73,5.00,0.00,0.00,5.00,-1319.73
trade:order:strategy_003_ma_trend_holding_days:v1:600036.SH:2024-02-08:entry:2024-02-09,order:strategy_003_ma_trend_holding_days:v1:600036.SH:2024-02-08:entry:2024-02-09,600036.SH,buy,100,13.27,2024-02-09,1326.90,5.00,0.00,0.00,5.00,-1331.90
trade:order:strategy_003_ma_trend_holding_days:v1:601318.SH:2024-02-08:entry:2024-02-09,order:strategy_003_ma_trend_holding_days:v1:601318.SH:2024-02-08:entry:2024-02-09,601318.SH,buy,100,13.11,2024-02-09,1310.75,5.00,0.00,0.00,5.00,-1315.75
trade:order:strategy_003_ma_trend_holding_days:v1:600036.SH:2024-02-09:exit:2024-02-12,order:strategy_003_ma_trend_holding_days:v1:600036.SH:2024-02-09:exit:2024-02-12,600036.SH,sell,3100,13.19,2024-02-12,40880.05,12.26,40.88,0.00,53.14,40826.90
trade:order:strategy_003_ma_trend_holding_days:v1:601318.SH:2024-02-09:exit:2024-02-12,order:strategy_003_ma_trend_holding_days:v1:601318.SH:2024-02-09:exit:2024-02-12,601318.SH,sell,2400,13.11,2024-02-12,31454.56,9.44,31.45,0.00,40.89,31413.67
trade:order:strategy_003_ma_trend_holding_days:v1:000001.SZ:2024-02-12:entry:2024-02-13,order:strategy_003_ma_trend_holding_days:v1:000001.SZ:2024-02-12:entry:2024-02-13,000001.SZ,buy,1300,11.42,2024-02-13,14848.62,5.00,0.00,0.00,5.00,-14853.62
trade:order:strategy_003_ma_trend_holding_days:v1:600519.SH:2024-02-12:entry:2024-02-13,order:strategy_003_ma_trend_holding_days:v1:600519.SH:2024-02-12:entry:2024-02-13,600519.SH,buy,1100,13.05,2024-02-13,14352.57,5.00,0.00,0.00,5.00,-14357.57
trade:order:strategy_003_ma_trend_holding_days:v1:600036.SH:2024-02-12:exit:2024-02-13,order:strategy_003_ma_trend_holding_days:v1:600036.SH:2024-02-12:exit:2024-02-13,600036.SH,sell,100,13.33,2024-02-13,1333.20,5.00,1.33,0.00,6.33,1326.87
trade:order:strategy_003_ma_trend_holding_days:v1:601318.SH:2024-02-12:exit:2024-02-13,order:strategy_003_ma_trend_holding_days:v1:601318.SH:2024-02-12:exit:2024-02-13,601318.SH,sell,100,13.07,2024-02-13,1306.72,5.00,1.31,0.00,6.31,1300.41
trade:order:strategy_003_ma_trend_holding_days:v1:000001.SZ:2024-02-13:entry:2024-02-14,order:strategy_003_ma_trend_holding_days:v1:000001.SZ:2024-02-13:entry:2024-02-14,000001.SZ,buy,800,11.37,2024-02-14,9095.65,5.00,0.00,0.00,5.00,-9100.65
trade:order:strategy_003_ma_trend_holding_days:v1:600036.SH:2024-02-13:entry:2024-02-14,order:strategy_003_ma_trend_holding_days:v1:600036.SH:2024-02-13:entry:2024-02-14,600036.SH,buy,700,13.20,2024-02-14,9237.07,5.00,0.00,0.00,5.00,-9242.07
trade:order:strategy_003_ma_trend_holding_days:v1:600519.SH:2024-02-13:exit:2024-02-14,order:strategy_003_ma_trend_holding_days:v1:600519.SH:2024-02-13:exit:2024-02-14,600519.SH,sell,1500,13.05,2024-02-14,19576.90,5.87,19.58,0.00,25.45,19551.45
trade:order:strategy_003_ma_trend_holding_days:v1:000001.SZ:2024-02-14:entry:2024-02-15,order:strategy_003_ma_trend_holding_days:v1:000001.SZ:2024-02-14:entry:2024-02-15,000001.SZ,buy,900,11.18,2024-02-15,10062.15,5.00,0.00,0.00,5.00,-10067.15
trade:order:strategy_003_ma_trend_holding_days:v1:600036.SH:2024-02-14:entry:2024-02-15,order:strategy_003_ma_trend_holding_days:v1:600036.SH:2024-02-14:entry:2024-02-15,600036.SH,buy,700,13.16,2024-02-15,9209.25,5.00,0.00,0.00,5.00,-9214.25
trade:order:strategy_003_ma_trend_holding_days:v1:600519.SH:2024-02-14:exit:2024-02-15,order:strategy_003_ma_trend_holding_days:v1:600519.SH:2024-02-14:exit:2024-02-15,600519.SH,sell,1100,13.10,2024-02-15,14408.84,5.00,14.41,0.00,19.41,14389.43
trade:order:strategy_003_ma_trend_holding_days:v1:000001.SZ:2024-02-15:exit:2024-02-16,order:strategy_003_ma_trend_holding_days:v1:000001.SZ:2024-02-15:exit:2024-02-16,000001.SZ,sell,3900,11.28,2024-02-16,43983.89,13.20,43.98,0.00,57.18,43926.71
trade:order:strategy_003_ma_trend_holding_days:v1:600036.SH:2024-02-15:entry:2024-02-16,order:strategy_003_ma_trend_holding_days:v1:600036.SH:2024-02-15:entry:2024-02-16,600036.SH,buy,700,13.17,2024-02-16,9218.96,5.00,0.00,0.00,5.00,-9223.96
trade:order:strategy_003_ma_trend_holding_days:v1:000001.SZ:2024-02-16:exit:2024-02-19,order:strategy_003_ma_trend_holding_days:v1:000001.SZ:2024-02-16:exit:2024-02-19,000001.SZ,sell,900,11.25,2024-02-19,10122.58,5.00,10.12,0.00,15.12,10107.46
trade:order:strategy_003_ma_trend_holding_days:v1:600036.SH:2024-02-16:entry:2024-02-19,order:strategy_003_ma_trend_holding_days:v1:600036.SH:2024-02-16:entry:2024-02-19,600036.SH,buy,1200,13.22,2024-02-19,15859.12,5.00,0.00,0.00,5.00,-15864.12
trade:order:strategy_003_ma_trend_holding_days:v1:000001.SZ:2024-02-19:entry:2024-02-20,order:strategy_003_ma_trend_holding_days:v1:000001.SZ:2024-02-19:entry:2024-02-20,000001.SZ,buy,1300,11.42,2024-02-20,14843.06,5.00,0.00,0.00,5.00,-14848.06
trade:order:strategy_003_ma_trend_holding_days:v1:600036.SH:2024-02-19:entry:2024-02-20,order:strategy_003_ma_trend_holding_days:v1:600036.SH:2024-02-19:entry:2024-02-20,600036.SH,buy,1100,13.15,2024-02-20,14460.57,5.00,0.00,0.00,5.00,-14465.57
trade:order:strategy_003_ma_trend_holding_days:v1:002475.SZ:2024-02-19:entry:2024-02-20,order:strategy_003_ma_trend_holding_days:v1:002475.SZ:2024-02-19:entry:2024-02-20,002475.SZ,buy,1100,13.17,2024-02-20,14483.32,5.00,0.00,0.00,5.00,-14488.32
trade:order:strategy_003_ma_trend_holding_days:v1:000001.SZ:2024-02-20:entry:2024-02-21,order:strategy_003_ma_trend_holding_days:v1:000001.SZ:2024-02-20:entry:2024-02-21,000001.SZ,buy,500,11.29,2024-02-21,5646.79,5.00,0.00,0.00,5.00,-5651.79
trade:order:strategy_003_ma_trend_holding_days:v1:600036.SH:2024-02-20:entry:2024-02-21,order:strategy_003_ma_trend_holding_days:v1:600036.SH:2024-02-20:entry:2024-02-21,600036.SH,buy,400,13.24,2024-02-21,5297.43,5.00,0.00,0.00,5.00,-5302.43
trade:order:strategy_003_ma_trend_holding_days:v1:300750.SZ:2024-02-20:entry:2024-02-21,order:strategy_003_ma_trend_holding_days:v1:300750.SZ:2024-02-20:entry:2024-02-21,300750.SZ,buy,400,13.37,2024-02-21,5347.88,5.00,0.00,0.00,5.00,-5352.88
trade:order:strategy_003_ma_trend_holding_days:v1:002475.SZ:2024-02-20:entry:2024-02-21,order:strategy_003_ma_trend_holding_days:v1:002475.SZ:2024-02-20:entry:2024-02-21,002475.SZ,buy,400,13.13,2024-02-21,5251.66,5.00,0.00,0.00,5.00,-5256.66
trade:order:strategy_003_ma_trend_holding_days:v1:000001.SZ:2024-02-21:entry:2024-02-22,order:strategy_003_ma_trend_holding_days:v1:000001.SZ:2024-02-21:entry:2024-02-22,000001.SZ,buy,100,11.50,2024-02-22,1149.62,5.00,0.00,0.00,5.00,-1154.62
trade:order:strategy_003_ma_trend_holding_days:v1:600036.SH:2024-02-21:entry:2024-02-22,order:strategy_003_ma_trend_holding_days:v1:600036.SH:2024-02-21:entry:2024-02-22,600036.SH,buy,100,13.09,2024-02-22,1309.32,5.00,0.00,0.00,5.00,-1314.32
trade:order:strategy_003_ma_trend_holding_days:v1:300750.SZ:2024-02-21:entry:2024-02-22,order:strategy_003_ma_trend_holding_days:v1:300750.SZ:2024-02-21:entry:2024-02-22,300750.SZ,buy,100,13.51,2024-02-22,1350.88,5.00,0.00,0.00,5.00,-1355.88
trade:order:strategy_003_ma_trend_holding_days:v1:002475.SZ:2024-02-21:entry:2024-02-22,order:strategy_003_ma_trend_holding_days:v1:002475.SZ:2024-02-21:entry:2024-02-22,002475.SZ,buy,100,13.08,2024-02-22,1308.38,5.00,0.00,0.00,5.00,-1313.38
trade:order:strategy_003_ma_trend_holding_days:v1:002475.SZ:2024-02-22:exit:2024-02-23,order:strategy_003_ma_trend_holding_days:v1:002475.SZ:2024-02-22:exit:2024-02-23,002475.SZ,sell,1500,13.09,2024-02-23,19635.51,5.89,19.64,0.00,25.53,19609.98
trade:order:strategy_003_ma_trend_holding_days:v1:000001.SZ:2024-02-23:entry:2024-02-26,order:strategy_003_ma_trend_holding_days:v1:000001.SZ:2024-02-23:entry:2024-02-26,000001.SZ,buy,400,11.56,2024-02-26,4624.58,5.00,0.00,0.00,5.00,-4629.58
trade:order:strategy_003_ma_trend_holding_days:v1:600036.SH:2024-02-23:entry:2024-02-26,order:strategy_003_ma_trend_holding_days:v1:600036.SH:2024-02-23:entry:2024-02-26,600036.SH,buy,300,13.12,2024-02-26,3937.04,5.00,0.00,0.00,5.00,-3942.04
trade:order:strategy_003_ma_trend_holding_days:v1:300750.SZ:2024-02-23:entry:2024-02-26,order:strategy_003_ma_trend_holding_days:v1:300750.SZ:2024-02-23:entry:2024-02-26,300750.SZ,buy,300,13.67,2024-02-26,4099.72,5.00,0.00,0.00,5.00,-4104.72
trade:order:strategy_003_ma_trend_holding_days:v1:002475.SZ:2024-02-23:exit:2024-02-26,order:strategy_003_ma_trend_holding_days:v1:002475.SZ:2024-02-23:exit:2024-02-26,002475.SZ,sell,100,13.02,2024-02-26,1301.63,5.00,1.30,0.00,6.30,1295.32
trade:order:strategy_003_ma_trend_holding_days:v1:000001.SZ:2024-02-26:entry:2024-02-27,order:strategy_003_ma_trend_holding_days:v1:000001.SZ:2024-02-26:entry:2024-02-27,000001.SZ,buy,200,11.48,2024-02-27,2296.44,5.00,0.00,0.00,5.00,-2301.44
trade:order:strategy_003_ma_trend_holding_days:v1:600036.SH:2024-02-26:entry:2024-02-27,order:strategy_003_ma_trend_holding_days:v1:600036.SH:2024-02-26:entry:2024-02-27,600036.SH,buy,100,13.11,2024-02-27,1310.89,5.00,0.00,0.00,5.00,-1315.89
trade:order:strategy_003_ma_trend_holding_days:v1:300750.SZ:2024-02-26:entry:2024-02-27,order:strategy_003_ma_trend_holding_days:v1:300750.SZ:2024-02-26:entry:2024-02-27,300750.SZ,buy,100,13.64,2024-02-27,1364.49,5.00,0.00,0.00,5.00,-1369.49
trade:order:strategy_003_ma_trend_holding_days:v1:000001.SZ:2024-02-27:entry:2024-02-28,order:strategy_003_ma_trend_holding_days:v1:000001.SZ:2024-02-27:entry:2024-02-28,000001.SZ,buy,100,11.33,2024-02-28,1133.24,5.00,0.00,0.00,5.00,-1138.24
trade:order:strategy_003_ma_trend_holding_days:v1:000002.SZ:2024-02-27:entry:2024-02-28,order:strategy_003_ma_trend_holding_days:v1:000002.SZ:2024-02-27:entry:2024-02-28,000002.SZ,buy,100,11.65,2024-02-28,1164.59,5.00,0.00,0.00,5.00,-1169.59
trade:order:strategy_003_ma_trend_holding_days:v1:300750.SZ:2024-02-27:entry:2024-02-28,order:strategy_003_ma_trend_holding_days:v1:300750.SZ:2024-02-27:entry:2024-02-28,300750.SZ,buy,100,13.62,2024-02-28,1361.95,5.00,0.00,0.00,5.00,-1366.95
trade:order:strategy_003_ma_trend_holding_days:v1:600036.SH:2024-02-27:exit:2024-02-28,order:strategy_003_ma_trend_holding_days:v1:600036.SH:2024-02-27:exit:2024-02-28,600036.SH,sell,5200,13.20,2024-02-28,68649.07,20.59,68.65,0.00,89.24,68559.82
trade:order:strategy_003_ma_trend_holding_days:v1:000001.SZ:2024-02-28:entry:2024-02-29,order:strategy_003_ma_trend_holding_days:v1:000001.SZ:2024-02-28:entry:2024-02-29,000001.SZ,buy,1200,11.43,2024-02-29,13714.86,5.00,0.00,0.00,5.00,-13719.86
trade:order:strategy_003_ma_trend_holding_days:v1:000002.SZ:2024-02-28:entry:2024-02-29,order:strategy_003_ma_trend_holding_days:v1:000002.SZ:2024-02-28:entry:2024-02-29,000002.SZ,buy,1200,11.69,2024-02-29,14031.96,5.00,0.00,0.00,5.00,-14036.96
trade:order:strategy_003_ma_trend_holding_days:v1:300750.SZ:2024-02-28:entry:2024-02-29,order:strategy_003_ma_trend_holding_days:v1:300750.SZ:2024-02-28:entry:2024-02-29,300750.SZ,buy,1000,13.63,2024-02-29,13633.16,5.00,0.00,0.00,5.00,-13638.16
trade:order:strategy_003_ma_trend_holding_days:v1:600036.SH:2024-02-28:exit:2024-02-29,order:strategy_003_ma_trend_holding_days:v1:600036.SH:2024-02-28:exit:2024-02-29,600036.SH,sell,100,13.18,2024-02-29,1318.38,5.00,1.32,0.00,6.32,1312.07
trade:order:strategy_003_ma_trend_holding_days:v1:000001.SZ:2024-02-29:entry:2024-03-01,order:strategy_003_ma_trend_holding_days:v1:000001.SZ:2024-02-29:entry:2024-03-01,000001.SZ,buy,500,11.58,2024-03-01,5788.56,5.00,0.00,0.00,5.00,-5793.56
trade:order:strategy_003_ma_trend_holding_days:v1:000002.SZ:2024-02-29:entry:2024-03-01,order:strategy_003_ma_trend_holding_days:v1:000002.SZ:2024-02-29:entry:2024-03-01,000002.SZ,buy,500,11.54,2024-03-01,5771.23,5.00,0.00,0.00,5.00,-5776.23
trade:order:strategy_003_ma_trend_holding_days:v1:300750.SZ:2024-02-29:entry:2024-03-01,order:strategy_003_ma_trend_holding_days:v1:300750.SZ:2024-02-29:entry:2024-03-01,300750.SZ,buy,400,13.66,2024-03-01,5464.23,5.00,0.00,0.00,5.00,-5469.23
trade:order:strategy_003_ma_trend_holding_days:v1:000001.SZ:2024-03-01:entry:2024-03-04,order:strategy_003_ma_trend_holding_days:v1:000001.SZ:2024-03-01:entry:2024-03-04,000001.SZ,buy,200,11.43,2024-03-04,2286.45,5.00,0.00,0.00,5.00,-2291.45
trade:order:strategy_003_ma_trend_holding_days:v1:000002.SZ:2024-03-01:entry:2024-03-04,order:strategy_003_ma_trend_holding_days:v1:000002.SZ:2024-03-01:entry:2024-03-04,000002.SZ,buy,200,11.64,2024-03-04,2327.17,5.00,0.00,0.00,5.00,-2332.17
trade:order:strategy_003_ma_trend_holding_days:v1:300750.SZ:2024-03-01:entry:2024-03-04,order:strategy_003_ma_trend_holding_days:v1:300750.SZ:2024-03-01:entry:2024-03-04,300750.SZ,buy,200,13.59,2024-03-04,2718.18,5.00,0.00,0.00,5.00,-2723.18
trade:order:strategy_003_ma_trend_holding_days:v1:000001.SZ:2024-03-04:entry:2024-03-05,order:strategy_003_ma_trend_holding_days:v1:000001.SZ:2024-03-04:entry:2024-03-05,000001.SZ,buy,100,11.56,2024-03-05,1156.50,5.00,0.00,0.00,5.00,-1161.50
trade:order:strategy_003_ma_trend_holding_days:v1:000002.SZ:2024-03-04:entry:2024-03-05,order:strategy_003_ma_trend_holding_days:v1:000002.SZ:2024-03-04:entry:2024-03-05,000002.SZ,buy,100,11.70,2024-03-05,1169.70,5.00,0.00,0.00,5.00,-1174.70
trade:order:strategy_003_ma_trend_holding_days:v1:300750.SZ:2024-03-04:entry:2024-03-05,order:strategy_003_ma_trend_holding_days:v1:300750.SZ:2024-03-04:entry:2024-03-05,300750.SZ,buy,100,13.55,2024-03-05,1354.64,5.00,0.00,0.00,5.00,-1359.64
trade:order:strategy_003_ma_trend_holding_days:v1:000001.SZ:2024-03-06:exit:2024-03-07,order:strategy_003_ma_trend_holding_days:v1:000001.SZ:2024-03-06:exit:2024-03-07,000001.SZ,sell,4600,11.56,2024-03-07,53164.91,15.95,53.16,0.00,69.11,53095.80
trade:order:strategy_003_ma_trend_holding_days:v1:000001.SZ:2024-03-07:entry:2024-03-08,order:strategy_003_ma_trend_holding_days:v1:000001.SZ:2024-03-07:entry:2024-03-08,000001.SZ,buy,1000,11.47,2024-03-08,11466.65,5.00,0.00,0.00,5.00,-11471.65
trade:order:strategy_003_ma_trend_holding_days:v1:000002.SZ:2024-03-07:entry:2024-03-08,order:strategy_003_ma_trend_holding_days:v1:000002.SZ:2024-03-07:entry:2024-03-08,000002.SZ,buy,900,11.83,2024-03-08,10650.15,5.00,0.00,0.00,5.00,-10655.15
trade:order:strategy_003_ma_trend_holding_days:v1:300750.SZ:2024-03-07:exit:2024-03-08,order:strategy_003_ma_trend_holding_days:v1:300750.SZ:2024-03-07:exit:2024-03-08,300750.SZ,sell,2700,13.55,2024-03-08,36597.60,10.98,36.60,0.00,47.58,36550.02
trade:order:strategy_003_ma_trend_holding_days:v1:002475.SZ:2024-03-07:entry:2024-03-08,order:strategy_003_ma_trend_holding_days:v1:002475.SZ:2024-03-07:entry:2024-03-08,002475.SZ,buy,800,13.17,2024-03-08,10532.78,5.00,0.00,0.00,5.00,-10537.78
trade:order:strategy_003_ma_trend_holding_days:v1:000001.SZ:2024-03-08:entry:2024-03-11,order:strategy_003_ma_trend_holding_days:v1:000001.SZ:2024-03-08:entry:2024-03-11,000001.SZ,buy,1000,11.45,2024-03-11,11452.87,5.00,0.00,0.00,5.00,-11457.87
trade:order:strategy_003_ma_trend_holding_days:v1:000002.SZ:2024-03-08:entry:2024-03-11,order:strategy_003_ma_trend_holding_days:v1:000002.SZ:2024-03-08:entry:2024-03-11,000002.SZ,buy,1000,11.72,2024-03-11,11720.95,5.00,0.00,0.00,5.00,-11725.95
trade:order:strategy_003_ma_trend_holding_days:v1:300750.SZ:2024-03-08:entry:2024-03-11,order:strategy_003_ma_trend_holding_days:v1:300750.SZ:2024-03-08:entry:2024-03-11,300750.SZ,buy,900,13.53,2024-03-11,12178.19,5.00,0.00,0.00,5.00,-12183.19
trade:order:strategy_003_ma_trend_holding_days:v1:002475.SZ:2024-03-08:entry:2024-03-11,order:strategy_003_ma_trend_holding_days:v1:002475.SZ:2024-03-08:entry:2024-03-11,002475.SZ,buy,900,13.12,2024-03-11,11810.06,5.00,0.00,0.00,5.00,-11815.06
trade:order:strategy_003_ma_trend_holding_days:v1:000001.SZ:2024-03-11:entry:2024-03-12,order:strategy_003_ma_trend_holding_days:v1:000001.SZ:2024-03-11:entry:2024-03-12,000001.SZ,buy,200,11.59,2024-03-12,2318.83,5.00,0.00,0.00,5.00,-2323.83
trade:order:strategy_003_ma_trend_holding_days:v1:000002.SZ:2024-03-11:entry:2024-03-12,order:strategy_003_ma_trend_holding_days:v1:000002.SZ:2024-03-11:entry:2024-03-12,000002.SZ,buy,200,11.79,2024-03-12,2358.73,5.00,0.00,0.00,5.00,-2363.73
trade:order:strategy_003_ma_trend_holding_days:v1:300750.SZ:2024-03-11:entry:2024-03-12,order:strategy_003_ma_trend_holding_days:v1:300750.SZ:2024-03-11:entry:2024-03-12,300750.SZ,buy,200,13.46,2024-03-12,2692.78,5.00,0.00,0.00,5.00,-2697.78
trade:order:strategy_003_ma_trend_holding_days:v1:002475.SZ:2024-03-11:entry:2024-03-12,order:strategy_003_ma_trend_holding_days:v1:002475.SZ:2024-03-11:entry:2024-03-12,002475.SZ,buy,200,13.29,2024-03-12,2657.83,5.00,0.00,0.00,5.00,-2662.83
trade:order:strategy_003_ma_trend_holding_days:v1:300750.SZ:2024-03-12:exit:2024-03-13,order:strategy_003_ma_trend_holding_days:v1:300750.SZ:2024-03-12:exit:2024-03-13,300750.SZ,sell,900,13.55,2024-03-13,12195.27,5.00,12.20,0.00,17.20,12178.07
trade:order:strategy_003_ma_trend_holding_days:v1:000001.SZ:2024-03-13:entry:2024-03-14,order:strategy_003_ma_trend_holding_days:v1:000001.SZ:2024-03-13:entry:2024-03-14,000001.SZ,buy,200,11.58,2024-03-14,2315.25,5.00,0.00,0.00,5.00,-2320.25
trade:order:strategy_003_ma_trend_holding_days:v1:000002.SZ:2024-03-13:entry:2024-03-14,order:strategy_003_ma_trend_holding_days:v1:000002.SZ:2024-03-13:entry:2024-03-14,000002.SZ,buy,200,11.56,2024-03-14,2311.30,5.00,0.00,0.00,5.00,-2316.30
trade:order:strategy_003_ma_trend_holding_days:v1:002475.SZ:2024-03-13:entry:2024-03-14,order:strategy_003_ma_trend_holding_days:v1:002475.SZ:2024-03-13:entry:2024-03-14,002475.SZ,buy,200,13.17,2024-03-14,2634.57,5.00,0.00,0.00,5.00,-2639.57
trade:order:strategy_003_ma_trend_holding_days:v1:300750.SZ:2024-03-13:exit:2024-03-14,order:strategy_003_ma_trend_holding_days:v1:300750.SZ:2024-03-13:exit:2024-03-14,300750.SZ,sell,200,13.34,2024-03-14,2667.84,5.00,2.67,0.00,7.67,2660.17
trade:order:strategy_003_ma_trend_holding_days:v1:000001.SZ:2024-03-14:entry:2024-03-15,order:strategy_003_ma_trend_holding_days:v1:000001.SZ:2024-03-14:entry:2024-03-15,000001.SZ,buy,200,11.60,2024-03-15,2320.56,5.00,0.00,0.00,5.00,-2325.56
trade:order:strategy_003_ma_trend_holding_days:v1:002475.SZ:2024-03-14:entry:2024-03-15,order:strategy_003_ma_trend_holding_days:v1:002475.SZ:2024-03-14:entry:2024-03-15,002475.SZ,buy,100,13.13,2024-03-15,1312.65,5.00,0.00,0.00,5.00,-1317.65
trade:order:strategy_003_ma_trend_holding_days:v1:000002.SZ:2024-03-14:exit:2024-03-15,order:strategy_003_ma_trend_holding_days:v1:000002.SZ:2024-03-14:exit:2024-03-15,000002.SZ,sell,4200,11.65,2024-03-15,48910.45,14.67,48.91,0.00,63.58,48846.86
trade:order:strategy_003_ma_trend_holding_days:v1:000001.SZ:2024-03-15:entry:2024-03-18,order:strategy_003_ma_trend_holding_days:v1:000001.SZ:2024-03-15:entry:2024-03-18,000001.SZ,buy,900,11.80,2024-03-18,10618.42,5.00,0.00,0.00,5.00,-10623.42
trade:order:strategy_003_ma_trend_holding_days:v1:002475.SZ:2024-03-15:entry:2024-03-18,order:strategy_003_ma_trend_holding_days:v1:002475.SZ:2024-03-15:entry:2024-03-18,002475.SZ,buy,800,13.25,2024-03-18,10599.34,5.00,0.00,0.00,5.00,-10604.34
trade:order:strategy_003_ma_trend_holding_days:v1:000002.SZ:2024-03-15:exit:2024-03-18,order:strategy_003_ma_trend_holding_days:v1:000002.SZ:2024-03-15:exit:2024-03-18,000002.SZ,sell,200,11.63,2024-03-18,2325.38,5.00,2.33,0.00,7.33,2318.06
trade:order:strategy_003_ma_trend_holding_days:v1:000001.SZ:2024-03-18:entry:2024-03-19,order:strategy_003_ma_trend_holding_days:v1:000001.SZ:2024-03-18:entry:2024-03-19,000001.SZ,buy,600,11.76,2024-03-19,7054.23,5.00,0.00,0.00,5.00,-7059.23
trade:order:strategy_003_ma_trend_holding_days:v1:002475.SZ:2024-03-18:entry:2024-03-19,order:strategy_003_ma_trend_holding_days:v1:002475.SZ:2024-03-18:entry:2024-03-19,002475.SZ,buy,500,13.27,2024-03-19,6636.98,5.00,0.00,0.00,5.00,-6641.98
trade:order:strategy_003_ma_trend_holding_days:v1:000001.SZ:2024-03-19:entry:2024-03-20,order:strategy_003_ma_trend_holding_days:v1:000001.SZ:2024-03-19:entry:2024-03-20,000001.SZ,buy,400,11.69,2024-03-20,4677.42,5.00,0.00,0.00,5.00,-4682.42
trade:order:strategy_003_ma_trend_holding_days:v1:002475.SZ:2024-03-19:entry:2024-03-20,order:strategy_003_ma_trend_holding_days:v1:002475.SZ:2024-03-19:entry:2024-03-20,002475.SZ,buy,300,13.30,2024-03-20,3989.78,5.00,0.00,0.00,5.00,-3994.78
trade:order:strategy_003_ma_trend_holding_days:v1:000001.SZ:2024-03-20:entry:2024-03-21,order:strategy_003_ma_trend_holding_days:v1:000001.SZ:2024-03-20:entry:2024-03-21,000001.SZ,buy,200,11.78,2024-03-21,2355.37,5.00,0.00,0.00,5.00,-2360.37
trade:order:strategy_003_ma_trend_holding_days:v1:000002.SZ:2024-03-20:entry:2024-03-21,order:strategy_003_ma_trend_holding_days:v1:000002.SZ:2024-03-20:entry:2024-03-21,000002.SZ,buy,200,11.62,2024-03-21,2324.28,5.00,0.00,0.00,5.00,-2329.28
trade:order:strategy_003_ma_trend_holding_days:v1:002475.SZ:2024-03-20:entry:2024-03-21,order:strategy_003_ma_trend_holding_days:v1:002475.SZ:2024-03-20:entry:2024-03-21,002475.SZ,buy,200,13.31,2024-03-21,2662.30,5.00,0.00,0.00,5.00,-2667.30
trade:order:strategy_003_ma_trend_holding_days:v1:000001.SZ:2024-03-21:entry:2024-03-22,order:strategy_003_ma_trend_holding_days:v1:000001.SZ:2024-03-21:entry:2024-03-22,000001.SZ,buy,100,11.76,2024-03-22,1175.94,5.00,0.00,0.00,5.00,-1180.94
trade:order:strategy_003_ma_trend_holding_days:v1:000002.SZ:2024-03-21:entry:2024-03-22,order:strategy_003_ma_trend_holding_days:v1:000002.SZ:2024-03-21:entry:2024-03-22,000002.SZ,buy,100,11.78,2024-03-22,1178.50,5.00,0.00,0.00,5.00,-1183.50
trade:order:strategy_003_ma_trend_holding_days:v1:002475.SZ:2024-03-21:entry:2024-03-22,order:strategy_003_ma_trend_holding_days:v1:002475.SZ:2024-03-21:entry:2024-03-22,002475.SZ,buy,100,13.32,2024-03-22,1331.53,5.00,0.00,0.00,5.00,-1336.53
trade:order:strategy_003_ma_trend_holding_days:v1:000001.SZ:2024-03-25:exit:2024-03-26,order:strategy_003_ma_trend_holding_days:v1:000001.SZ:2024-03-25:exit:2024-03-26,000001.SZ,sell,4800,12.18,2024-03-26,58452.18,17.54,58.45,0.00,75.99,58376.19
trade:order:strategy_003_ma_trend_holding_days:v1:002475.SZ:2024-03-25:exit:2024-03-26,order:strategy_003_ma_trend_holding_days:v1:002475.SZ:2024-03-25:exit:2024-03-26,002475.SZ,sell,4100,13.73,2024-03-26,56278.76,16.88,56.28,0.00,73.16,56205.59
trade:order:strategy_003_ma_trend_holding_days:v1:000001.SZ:2024-03-26:entry:2024-03-27,order:strategy_003_ma_trend_holding_days:v1:000001.SZ:2024-03-26:entry:2024-03-27,000001.SZ,buy,1900,11.74,2024-03-27,22312.05,6.69,0.00,0.00,6.69,-22318.74
trade:order:strategy_003_ma_trend_holding_days:v1:000002.SZ:2024-03-26:entry:2024-03-27,order:strategy_003_ma_trend_holding_days:v1:000002.SZ:2024-03-26:entry:2024-03-27,000002.SZ,buy,1900,11.66,2024-03-27,22153.65,6.65,0.00,0.00,6.65,-22160.30
trade:order:strategy_003_ma_trend_holding_days:v1:600519.SH:2024-03-26:entry:2024-03-27,order:strategy_003_ma_trend_holding_days:v1:600519.SH:2024-03-26:entry:2024-03-27,600519.SH,buy,1700,12.17,2024-03-27,20690.90,6.21,0.00,0.00,6.21,-20697.11
trade:order:strategy_003_ma_trend_holding_days:v1:600036.SH:2024-03-26:entry:2024-03-27,order:strategy_003_ma_trend_holding_days:v1:600036.SH:2024-03-26:entry:2024-03-27,600036.SH,buy,1700,12.60,2024-03-27,21426.52,6.43,0.00,0.00,6.43,-21432.95
trade:order:strategy_003_ma_trend_holding_days:v1:300750.SZ:2024-03-26:entry:2024-03-27,order:strategy_003_ma_trend_holding_days:v1:300750.SZ:2024-03-26:entry:2024-03-27,300750.SZ,buy,1600,13.11,2024-03-27,20972.93,6.29,0.00,0.00,6.29,-20979.22
trade:order:strategy_003_ma_trend_holding_days:v1:601318.SH:2024-03-26:entry:2024-03-27,order:strategy_003_ma_trend_holding_days:v1:601318.SH:2024-03-26:entry:2024-03-27,601318.SH,buy,900,12.20,2024-03-27,10979.46,5.00,0.00,0.00,5.00,-10984.46
trade:order:strategy_003_ma_trend_holding_days:v1:000002.SZ:2024-03-27:exit:2024-03-28,order:strategy_003_ma_trend_holding_days:v1:000002.SZ:2024-03-27:exit:2024-03-28,000002.SZ,sell,300,11.61,2024-03-28,3482.84,5.00,3.48,0.00,8.48,3474.36
trade:order:strategy_003_ma_trend_holding_days:v1:000002.SZ:2024-03-28:exit:2024-03-29,order:strategy_003_ma_trend_holding_days:v1:000002.SZ:2024-03-28:exit:2024-03-29,000002.SZ,sell,1900,11.60,2024-03-29,22045.05,6.61,22.05,0.00,28.66,22016.39
trade:order:strategy_003_ma_trend_holding_days:v1:600519.SH:2024-03-28:exit:2024-03-29,order:strategy_003_ma_trend_holding_days:v1:600519.SH:2024-03-28:exit:2024-03-29,600519.SH,sell,1700,11.99,2024-03-29,20389.65,6.12,20.39,0.00,26.51,20363.15
trade:order:strategy_003_ma_trend_holding_days:v1:600036.SH:2024-03-28:exit:2024-03-29,order:strategy_003_ma_trend_holding_days:v1:600036.SH:2024-03-28:exit:2024-03-29,600036.SH,sell,1700,12.53,2024-03-29,21298.27,6.39,21.30,0.00,27.69,21270.58
trade:order:strategy_003_ma_trend_holding_days:v1:300750.SZ:2024-03-28:exit:2024-03-29,order:strategy_003_ma_trend_holding_days:v1:300750.SZ:2024-03-28:exit:2024-03-29,300750.SZ,sell,1600,13.22,2024-03-29,21151.85,6.35,21.15,0.00,27.50,21124.36
trade:order:strategy_003_ma_trend_holding_days:v1:601318.SH:2024-03-28:exit:2024-03-29,order:strategy_003_ma_trend_holding_days:v1:601318.SH:2024-03-28:exit:2024-03-29,601318.SH,sell,900,12.22,2024-03-29,11000.26,5.00,11.00,0.00,16.00,10984.26
trade:order:strategy_003_ma_trend_holding_days:v1:000001.SZ:2024-03-29:entry:2024-04-01,order:strategy_003_ma_trend_holding_days:v1:000001.SZ:2024-03-29:entry:2024-04-01,000001.SZ,buy,1600,11.82,2024-04-01,18918.44,5.68,0.00,0.00,5.68,-18924.12
trade:order:strategy_003_ma_trend_holding_days:v1:002475.SZ:2024-03-29:entry:2024-04-01,order:strategy_003_ma_trend_holding_days:v1:002475.SZ:2024-03-29:entry:2024-04-01,002475.SZ,buy,1400,13.59,2024-04-01,19021.63,5.71,0.00,0.00,5.71,-19027.33
trade:order:strategy_003_ma_trend_holding_days:v1:000001.SZ:2024-04-01:entry:2024-04-02,order:strategy_003_ma_trend_holding_days:v1:000001.SZ:2024-04-01:entry:2024-04-02,000001.SZ,buy,1000,11.94,2024-04-02,11936.78,5.00,0.00,0.00,5.00,-11941.78
trade:order:strategy_003_ma_trend_holding_days:v1:002475.SZ:2024-04-01:entry:2024-04-02,order:strategy_003_ma_trend_holding_days:v1:002475.SZ:2024-04-01:entry:2024-04-02,002475.SZ,buy,900,13.46,2024-04-02,12115.04,5.00,0.00,0.00,5.00,-12120.04
trade:order:strategy_003_ma_trend_holding_days:v1:000001.SZ:2024-04-02:entry:2024-04-03,order:strategy_003_ma_trend_holding_days:v1:000001.SZ:2024-04-02:entry:2024-04-03,000001.SZ,buy,600,11.88,2024-04-03,7127.02,5.00,0.00,0.00,5.00,-7132.02
trade:order:strategy_003_ma_trend_holding_days:v1:002475.SZ:2024-04-02:entry:2024-04-03,order:strategy_003_ma_trend_holding_days:v1:002475.SZ:2024-04-02:entry:2024-04-03,002475.SZ,buy,500,13.55,2024-04-03,6772.98,5.00,0.00,0.00,5.00,-6777.98
trade:order:strategy_003_ma_trend_holding_days:v1:000001.SZ:2024-04-03:entry:2024-04-04,order:strategy_003_ma_trend_holding_days:v1:000001.SZ:2024-04-03:entry:2024-04-04,000001.SZ,buy,400,11.96,2024-04-04,4782.38,5.00,0.00,0.00,5.00,-4787.38
trade:order:strategy_003_ma_trend_holding_days:v1:002475.SZ:2024-04-03:entry:2024-04-04,order:strategy_003_ma_trend_holding_days:v1:002475.SZ:2024-04-03:entry:2024-04-04,002475.SZ,buy,300,13.39,2024-04-04,4016.11,5.00,0.00,0.00,5.00,-4021.11
trade:order:strategy_003_ma_trend_holding_days:v1:000001.SZ:2024-04-04:entry:2024-04-05,order:strategy_003_ma_trend_holding_days:v1:000001.SZ:2024-04-04:entry:2024-04-05,000001.SZ,buy,200,11.92,2024-04-05,2384.70,5.00,0.00,0.00,5.00,-2389.70
trade:order:strategy_003_ma_trend_holding_days:v1:000002.SZ:2024-04-04:entry:2024-04-05,order:strategy_003_ma_trend_holding_days:v1:000002.SZ:2024-04-04:entry:2024-04-05,000002.SZ,buy,200,11.77,2024-04-05,2354.52,5.00,0.00,0.00,5.00,-2359.52
trade:order:strategy_003_ma_trend_holding_days:v1:002475.SZ:2024-04-04:entry:2024-04-05,order:strategy_003_ma_trend_holding_days:v1:002475.SZ:2024-04-04:entry:2024-04-05,002475.SZ,buy,200,13.36,2024-04-05,2671.43,5.00,0.00,0.00,5.00,-2676.43
trade:order:strategy_003_ma_trend_holding_days:v1:000001.SZ:2024-04-05:entry:2024-04-08,order:strategy_003_ma_trend_holding_days:v1:000001.SZ:2024-04-05:entry:2024-04-08,000001.SZ,buy,100,11.94,2024-04-08,1194.42,5.00,0.00,0.00,5.00,-1199.42
trade:order:strategy_003_ma_trend_holding_days:v1:002475.SZ:2024-04-05:entry:2024-04-08,order:strategy_003_ma_trend_holding_days:v1:002475.SZ:2024-04-05:entry:2024-04-08,002475.SZ,buy,100,13.51,2024-04-08,1350.69,5.00,0.00,0.00,5.00,-1355.69
trade:order:strategy_003_ma_trend_holding_days:v1:000002.SZ:2024-04-09:exit:2024-04-10,order:strategy_003_ma_trend_holding_days:v1:000002.SZ:2024-04-09:exit:2024-04-10,000002.SZ,sell,200,11.68,2024-04-10,2336.40,5.00,2.34,0.00,7.34,2329.06
trade:order:strategy_003_ma_trend_holding_days:v1:000001.SZ:2024-04-10:entry:2024-04-11,order:strategy_003_ma_trend_holding_days:v1:000001.SZ:2024-04-10:entry:2024-04-11,000001.SZ,buy,100,12.06,2024-04-11,1205.99,5.00,0.00,0.00,5.00,-1210.99
trade:order:strategy_003_ma_trend_holding_days:v1:000002.SZ:2024-04-10:entry:2024-04-11,order:strategy_003_ma_trend_holding_days:v1:000002.SZ:2024-04-10:entry:2024-04-11,000002.SZ,buy,100,11.87,2024-04-11,1187.43,5.00,0.00,0.00,5.00,-1192.43
trade:order:strategy_003_ma_trend_holding_days:v1:002475.SZ:2024-04-10:entry:2024-04-11,order:strategy_003_ma_trend_holding_days:v1:002475.SZ:2024-04-10:entry:2024-04-11,002475.SZ,buy,100,13.35,2024-04-11,1334.86,5.00,0.00,0.00,5.00,-1339.86
trade:order:strategy_003_ma_trend_holding_days:v1:000001.SZ:2024-04-11:exit:2024-04-12,order:strategy_003_ma_trend_holding_days:v1:000001.SZ:2024-04-11:exit:2024-04-12,000001.SZ,sell,5800,12.06,2024-04-12,69962.00,20.99,69.96,0.00,90.95,69871.05
trade:order:strategy_003_ma_trend_holding_days:v1:000001.SZ:2024-04-12:exit:2024-04-15,order:strategy_003_ma_trend_holding_days:v1:000001.SZ:2024-04-12:exit:2024-04-15,000001.SZ,sell,100,11.89,2024-04-15,1189.46,5.00,1.19,0.00,6.19,1183.27
trade:order:strategy_003_ma_trend_holding_days:v1:000002.SZ:2024-04-12:entry:2024-04-15,order:strategy_003_ma_trend_holding_days:v1:000002.SZ:2024-04-12:entry:2024-04-15,000002.SZ,buy,1200,11.84,2024-04-15,14213.69,5.00,0.00,0.00,5.00,-14218.69
trade:order:strategy_003_ma_trend_holding_days:v1:300750.SZ:2024-04-12:entry:2024-04-15,order:strategy_003_ma_trend_holding_days:v1:300750.SZ:2024-04-12:entry:2024-04-15,300750.SZ,buy,1100,13.29,2024-04-15,14619.69,5.00,0.00,0.00,5.00,-14624.69
trade:order:strategy_003_ma_trend_holding_days:v1:002475.SZ:2024-04-12:exit:2024-04-15,order:strategy_003_ma_trend_holding_days:v1:002475.SZ:2024-04-12:exit:2024-04-15,002475.SZ,sell,3500,13.41,2024-04-15,46950.52,14.09,46.95,0.00,61.04,46889.49
trade:order:strategy_003_ma_trend_holding_days:v1:000001.SZ:2024-04-15:entry:2024-04-16,order:strategy_003_ma_trend_holding_days:v1:000001.SZ:2024-04-15:entry:2024-04-16,000001.SZ,buy,1500,12.03,2024-04-16,18050.98,5.42,0.00,0.00,5.42,-18056.40
trade:order:strategy_003_ma_trend_holding_days:v1:000002.SZ:2024-04-15:entry:2024-04-16,order:strategy_003_ma_trend_holding_days:v1:000002.SZ:2024-04-15:entry:2024-04-16,000002.SZ,buy,1500,11.84,2024-04-16,17765.29,5.33,0.00,0.00,5.33,-17770.62
trade:order:strategy_003_ma_trend_holding_days:v1:300750.SZ:2024-04-15:entry:2024-04-16,order:strategy_003_ma_trend_holding_days:v1:300750.SZ:2024-04-15:entry:2024-04-16,300750.SZ,buy,1300,13.35,2024-04-16,17360.94,5.21,0.00,0.00,5.21,-17366.15
trade:order:strategy_003_ma_trend_holding_days:v1:002475.SZ:2024-04-15:entry:2024-04-16,order:strategy_003_ma_trend_holding_days:v1:002475.SZ:2024-04-15:entry:2024-04-16,002475.SZ,buy,1300,13.35,2024-04-16,17353.21,5.21,0.00,0.00,5.21,-17358.42
trade:order:strategy_003_ma_trend_holding_days:v1:000001.SZ:2024-04-16:entry:2024-04-17,order:strategy_003_ma_trend_holding_days:v1:000001.SZ:2024-04-16:entry:2024-04-17,000001.SZ,buy,300,12.02,2024-04-17,3606.69,5.00,0.00,0.00,5.00,-3611.69
trade:order:strategy_003_ma_trend_holding_days:v1:000002.SZ:2024-04-16:entry:2024-04-17,order:strategy_003_ma_trend_holding_days:v1:000002.SZ:2024-04-16:entry:2024-04-17,000002.SZ,buy,300,11.85,2024-04-17,3554.45,5.00,0.00,0.00,5.00,-3559.45
trade:order:strategy_003_ma_trend_holding_days:v1:002475.SZ:2024-04-16:entry:2024-04-17,order:strategy_003_ma_trend_holding_days:v1:002475.SZ:2024-04-16:entry:2024-04-17,002475.SZ,buy,300,13.46,2024-04-17,4038.78,5.00,0.00,0.00,5.00,-4043.78
trade:order:strategy_003_ma_trend_holding_days:v1:300750.SZ:2024-04-16:exit:2024-04-17,order:strategy_003_ma_trend_holding_days:v1:300750.SZ:2024-04-16:exit:2024-04-17,300750.SZ,sell,1100,13.29,2024-04-17,14623.54,5.00,14.62,0.00,19.62,14603.92
trade:order:strategy_003_ma_trend_holding_days:v1:000001.SZ:2024-04-17:entry:2024-04-18,order:strategy_003_ma_trend_holding_days:v1:000001.SZ:2024-04-17:entry:2024-04-18,000001.SZ,buy,400,12.07,2024-04-18,4829.89,5.00,0.00,0.00,5.00,-4834.89
trade:order:strategy_003_ma_trend_holding_days:v1:000002.SZ:2024-04-17:entry:2024-04-18,order:strategy_003_ma_trend_holding_days:v1:000002.SZ:2024-04-17:entry:2024-04-18,000002.SZ,buy,400,11.87,2024-04-18,4746.86,5.00,0.00,0.00,5.00,-4751.86
trade:order:strategy_003_ma_trend_holding_days:v1:300750.SZ:2024-04-17:entry:2024-04-18,order:strategy_003_ma_trend_holding_days:v1:300750.SZ:2024-04-17:entry:2024-04-18,300750.SZ,buy,300,13.34,2024-04-18,4001.59,5.00,0.00,0.00,5.00,-4006.59
trade:order:strategy_003_ma_trend_holding_days:v1:002475.SZ:2024-04-17:exit:2024-04-18,order:strategy_003_ma_trend_holding_days:v1:002475.SZ:2024-04-17:exit:2024-04-18,002475.SZ,sell,1300,13.38,2024-04-18,17394.55,5.22,17.39,0.00,22.61,17371.94
trade:order:strategy_003_ma_trend_holding_days:v1:000001.SZ:2024-04-18:entry:2024-04-19,order:strategy_003_ma_trend_holding_days:v1:000001.SZ:2024-04-18:entry:2024-04-19,000001.SZ,buy,400,12.05,2024-04-19,4818.45,5.00,0.00,0.00,5.00,-4823.45
trade:order:strategy_003_ma_trend_holding_days:v1:000002.SZ:2024-04-18:entry:2024-04-19,order:strategy_003_ma_trend_holding_days:v1:000002.SZ:2024-04-18:entry:2024-04-19,000002.SZ,buy,500,11.84,2024-04-19,5918.87,5.00,0.00,0.00,5.00,-5923.87
trade:order:strategy_003_ma_trend_holding_days:v1:300750.SZ:2024-04-18:exit:2024-04-19,order:strategy_003_ma_trend_holding_days:v1:300750.SZ:2024-04-18:exit:2024-04-19,300750.SZ,sell,1300,13.44,2024-04-19,17474.75,5.24,17.47,0.00,22.72,17452.03
trade:order:strategy_003_ma_trend_holding_days:v1:002475.SZ:2024-04-18:exit:2024-04-19,order:strategy_003_ma_trend_holding_days:v1:002475.SZ:2024-04-18:exit:2024-04-19,002475.SZ,sell,300,13.37,2024-04-19,4012.25,5.00,4.01,0.00,9.01,4003.23
trade:order:strategy_003_ma_trend_holding_days:v1:000001.SZ:2024-04-19:entry:2024-04-22,order:strategy_003_ma_trend_holding_days:v1:000001.SZ:2024-04-19:entry:2024-04-22,000001.SZ,buy,600,12.02,2024-04-22,7212.36,5.00,0.00,0.00,5.00,-7217.36
trade:order:strategy_003_ma_trend_holding_days:v1:000002.SZ:2024-04-19:entry:2024-04-22,order:strategy_003_ma_trend_holding_days:v1:000002.SZ:2024-04-19:entry:2024-04-22,000002.SZ,buy,600,11.78,2024-04-22,7067.84,5.00,0.00,0.00,5.00,-7072.84
trade:order:strategy_003_ma_trend_holding_days:v1:300750.SZ:2024-04-19:entry:2024-04-22,order:strategy_003_ma_trend_holding_days:v1:300750.SZ:2024-04-19:entry:2024-04-22,300750.SZ,buy,600,13.22,2024-04-22,7930.53,5.00,0.00,0.00,5.00,-7935.53
trade:order:strategy_003_ma_trend_holding_days:v1:300750.SZ:2024-04-22:entry:2024-04-23,order:strategy_003_ma_trend_holding_days:v1:300750.SZ:2024-04-22:entry:2024-04-23,300750.SZ,buy,200,13.34,2024-04-23,2667.56,5.00,0.00,0.00,5.00,-2672.56
trade:order:strategy_003_ma_trend_holding_days:v1:002475.SZ:2024-04-22:entry:2024-04-23,order:strategy_003_ma_trend_holding_days:v1:002475.SZ:2024-04-22:entry:2024-04-23,002475.SZ,buy,200,13.47,2024-04-23,2694.08,5.00,0.00,0.00,5.00,-2699.08
trade:order:strategy_003_ma_trend_holding_days:v1:000002.SZ:2024-04-22:exit:2024-04-23,order:strategy_003_ma_trend_holding_days:v1:000002.SZ:2024-04-22:exit:2024-04-23,000002.SZ,sell,4000,11.88,2024-04-23,47508.41,14.25,47.51,0.00,61.76,47446.65
trade:order:strategy_003_ma_trend_holding_days:v1:000001.SZ:2024-04-22:exit:2024-04-23,order:strategy_003_ma_trend_holding_days:v1:000001.SZ:2024-04-22:exit:2024-04-23,000001.SZ,sell,2600,11.88,2024-04-23,30884.01,9.27,30.88,0.00,40.15,30843.86
trade:order:strategy_003_ma_trend_holding_days:v1:000002.SZ:2024-04-23:entry:2024-04-24,order:strategy_003_ma_trend_holding_days:v1:000002.SZ:2024-04-23:entry:2024-04-24,000002.SZ,buy,1500,11.64,2024-04-24,17462.91,5.24,0.00,0.00,5.24,-17468.15
trade:order:strategy_003_ma_trend_holding_days:v1:300750.SZ:2024-04-23:entry:2024-04-24,order:strategy_003_ma_trend_holding_days:v1:300750.SZ:2024-04-23:entry:2024-04-24,300750.SZ,buy,1300,13.42,2024-04-24,17451.16,5.24,0.00,0.00,5.24,-17456.40
trade:order:strategy_003_ma_trend_holding_days:v1:002475.SZ:2024-04-23:entry:2024-04-24,order:strategy_003_ma_trend_holding_days:v1:002475.SZ:2024-04-23:entry:2024-04-24,002475.SZ,buy,1300,13.58,2024-04-24,17647.76,5.29,0.00,0.00,5.29,-17653.05
trade:order:strategy_003_ma_trend_holding_days:v1:000001.SZ:2024-04-23:exit:2024-04-24,order:strategy_003_ma_trend_holding_days:v1:000001.SZ:2024-04-23:exit:2024-04-24,000001.SZ,sell,600,11.92,2024-04-24,7149.26,5.00,7.15,0.00,12.15,7137.11
trade:order:strategy_003_ma_trend_holding_days:v1:000001.SZ:2024-04-24:entry:2024-04-25,order:strategy_003_ma_trend_holding_days:v1:000001.SZ:2024-04-24:entry:2024-04-25,000001.SZ,buy,700,11.98,2024-04-25,8383.47,5.00,0.00,0.00,5.00,-8388.47
trade:order:strategy_003_ma_trend_holding_days:v1:300750.SZ:2024-04-24:entry:2024-04-25,order:strategy_003_ma_trend_holding_days:v1:300750.SZ:2024-04-24:entry:2024-04-25,300750.SZ,buy,600,13.34,2024-04-25,8003.85,5.00,0.00,0.00,5.00,-8008.85
trade:order:strategy_003_ma_trend_holding_days:v1:002475.SZ:2024-04-24:entry:2024-04-25,order:strategy_003_ma_trend_holding_days:v1:002475.SZ:2024-04-24:entry:2024-04-25,002475.SZ,buy,600,13.56,2024-04-25,8133.55,5.00,0.00,0.00,5.00,-8138.55
trade:order:strategy_003_ma_trend_holding_days:v1:000002.SZ:2024-04-24:exit:2024-04-25,order:strategy_003_ma_trend_holding_days:v1:000002.SZ:2024-04-24:exit:2024-04-25,000002.SZ,sell,600,11.81,2024-04-25,7083.10,5.00,7.08,0.00,12.08,7071.02
trade:order:strategy_003_ma_trend_holding_days:v1:000001.SZ:2024-04-25:entry:2024-04-26,order:strategy_003_ma_trend_holding_days:v1:000001.SZ:2024-04-25:entry:2024-04-26,000001.SZ,buy,400,11.84,2024-04-26,4736.96,5.00,0.00,0.00,5.00,-4741.96
trade:order:strategy_003_ma_trend_holding_days:v1:000002.SZ:2024-04-25:entry:2024-04-26,order:strategy_003_ma_trend_holding_days:v1:000002.SZ:2024-04-25:entry:2024-04-26,000002.SZ,buy,400,11.73,2024-04-26,4691.87,5.00,0.00,0.00,5.00,-4696.87
trade:order:strategy_003_ma_trend_holding_days:v1:300750.SZ:2024-04-25:entry:2024-04-26,order:strategy_003_ma_trend_holding_days:v1:300750.SZ:2024-04-25:entry:2024-04-26,300750.SZ,buy,400,13.20,2024-04-26,5280.73,5.00,0.00,0.00,5.00,-5285.73
trade:order:strategy_003_ma_trend_holding_days:v1:002475.SZ:2024-04-25:exit:2024-04-26,order:strategy_003_ma_trend_holding_days:v1:002475.SZ:2024-04-25:exit:2024-04-26,002475.SZ,sell,1500,13.24,2024-04-26,19866.98,5.96,19.87,0.00,25.83,19841.15
trade:order:strategy_003_ma_trend_holding_days:v1:000002.SZ:2024-04-26:exit:2024-04-29,order:strategy_003_ma_trend_holding_days:v1:000002.SZ:2024-04-26:exit:2024-04-29,000002.SZ,sell,1500,11.79,2024-04-29,17687.01,5.31,17.69,0.00,22.99,17664.02
trade:order:strategy_003_ma_trend_holding_days:v1:300750.SZ:2024-04-26:entry:2024-04-29,order:strategy_003_ma_trend_holding_days:v1:300750.SZ:2024-04-26:entry:2024-04-29,300750.SZ,buy,500,13.18,2024-04-29,6591.30,5.00,0.00,0.00,5.00,-6596.30
trade:order:strategy_003_ma_trend_holding_days:v1:002475.SZ:2024-04-26:exit:2024-04-29,order:strategy_003_ma_trend_holding_days:v1:002475.SZ:2024-04-26:exit:2024-04-29,002475.SZ,sell,600,13.43,2024-04-29,8056.47,5.00,8.06,0.00,13.06,8043.42
trade:order:strategy_003_ma_trend_holding_days:v1:000001.SZ:2024-04-26:exit:2024-04-29,order:strategy_003_ma_trend_holding_days:v1:000001.SZ:2024-04-26:exit:2024-04-29,000001.SZ,sell,700,11.98,2024-04-29,8386.48,5.00,8.39,0.00,13.39,8373.10
trade:order:strategy_003_ma_trend_holding_days:v1:000002.SZ:2024-04-29:exit:2024-04-30,order:strategy_003_ma_trend_holding_days:v1:000002.SZ:2024-04-29:exit:2024-04-30,000002.SZ,sell,400,11.75,2024-04-30,4698.48,5.00,4.70,0.00,9.70,4688.78
trade:order:strategy_003_ma_trend_holding_days:v1:300750.SZ:2024-04-29:entry:2024-04-30,order:strategy_003_ma_trend_holding_days:v1:300750.SZ:2024-04-29:entry:2024-04-30,300750.SZ,buy,900,13.18,2024-04-30,11863.25,5.00,0.00,0.00,5.00,-11868.25
trade:order:strategy_003_ma_trend_holding_days:v1:000001.SZ:2024-04-29:exit:2024-04-30,order:strategy_003_ma_trend_holding_days:v1:000001.SZ:2024-04-29:exit:2024-04-30,000001.SZ,sell,400,11.89,2024-04-30,4754.00,5.00,4.75,0.00,9.75,4744.25
trade:order:strategy_003_ma_trend_holding_days:v1:000002.SZ:2024-04-30:entry:2024-05-01,order:strategy_003_ma_trend_holding_days:v1:000002.SZ:2024-04-30:entry:2024-05-01,000002.SZ,buy,900,11.94,2024-05-01,10746.04,5.00,0.00,0.00,5.00,-10751.04
trade:order:strategy_003_ma_trend_holding_days:v1:300750.SZ:2024-04-30:exit:2024-05-01,order:strategy_003_ma_trend_holding_days:v1:300750.SZ:2024-04-30:exit:2024-05-01,300750.SZ,sell,3900,13.42,2024-05-01,52342.03,15.70,52.34,0.00,68.04,52273.99
trade:order:strategy_003_ma_trend_holding_days:v1:002475.SZ:2024-04-30:entry:2024-05-01,order:strategy_003_ma_trend_holding_days:v1:002475.SZ:2024-04-30:entry:2024-05-01,002475.SZ,buy,800,13.44,2024-05-01,10751.83,5.00,0.00,0.00,5.00,-10756.83
trade:order:strategy_003_ma_trend_holding_days:v1:000002.SZ:2024-05-01:entry:2024-05-02,order:strategy_003_ma_trend_holding_days:v1:000002.SZ:2024-05-01:entry:2024-05-02,000002.SZ,buy,1400,12.13,2024-05-02,16977.74,5.09,0.00,0.00,5.09,-16982.84
trade:order:strategy_003_ma_trend_holding_days:v1:300750.SZ:2024-05-01:exit:2024-05-02,order:strategy_003_ma_trend_holding_days:v1:300750.SZ:2024-05-01:exit:2024-05-02,300750.SZ,sell,900,13.32,2024-05-02,11989.86,5.00,11.99,0.00,16.99,11972.87
trade:order:strategy_003_ma_trend_holding_days:v1:000002.SZ:2024-05-02:entry:2024-05-03,order:strategy_003_ma_trend_holding_days:v1:000002.SZ:2024-05-02:entry:2024-05-03,000002.SZ,buy,1300,11.92,2024-05-03,15490.92,5.00,0.00,0.00,5.00,-15495.92
trade:order:strategy_003_ma_trend_holding_days:v1:002475.SZ:2024-05-02:exit:2024-05-03,order:strategy_003_ma_trend_holding_days:v1:002475.SZ:2024-05-02:exit:2024-05-03,002475.SZ,sell,800,13.36,2024-05-03,10686.37,5.00,10.69,0.00,15.69,10670.68
trade:order:strategy_003_ma_trend_holding_days:v1:000002.SZ:2024-05-03:entry:2024-05-06,order:strategy_003_ma_trend_holding_days:v1:000002.SZ:2024-05-03:entry:2024-05-06,000002.SZ,buy,1300,12.04,2024-05-06,15657.49,5.00,0.00,0.00,5.00,-15662.49
trade:order:strategy_003_ma_trend_holding_days:v1:000002.SZ:2024-05-06:entry:2024-05-07,order:strategy_003_ma_trend_holding_days:v1:000002.SZ:2024-05-06:entry:2024-05-07,000002.SZ,buy,1000,11.94,2024-05-07,11936.07,5.00,0.00,0.00,5.00,-11941.07
trade:order:strategy_003_ma_trend_holding_days:v1:000002.SZ:2024-05-07:entry:2024-05-08,order:strategy_003_ma_trend_holding_days:v1:000002.SZ:2024-05-07:entry:2024-05-08,000002.SZ,buy,800,12.00,2024-05-08,9597.57,5.00,0.00,0.00,5.00,-9602.57
trade:order:strategy_003_ma_trend_holding_days:v1:000002.SZ:2024-05-08:entry:2024-05-09,order:strategy_003_ma_trend_holding_days:v1:000002.SZ:2024-05-08:entry:2024-05-09,000002.SZ,buy,600,12.20,2024-05-09,7318.16,5.00,0.00,0.00,5.00,-7323.16
trade:order:strategy_003_ma_trend_holding_days:v1:000001.SZ:2024-05-09:entry:2024-05-10,order:strategy_003_ma_trend_holding_days:v1:000001.SZ:2024-05-09:entry:2024-05-10,000001.SZ,buy,500,11.95,2024-05-10,5973.14,5.00,0.00,0.00,5.00,-5978.14
trade:order:strategy_003_ma_trend_holding_days:v1:000002.SZ:2024-05-09:entry:2024-05-10,order:strategy_003_ma_trend_holding_days:v1:000002.SZ:2024-05-09:entry:2024-05-10,000002.SZ,buy,500,12.01,2024-05-10,6005.92,5.00,0.00,0.00,5.00,-6010.92
trade:order:strategy_003_ma_trend_holding_days:v1:000001.SZ:2024-05-10:entry:2024-05-13,order:strategy_003_ma_trend_holding_days:v1:000001.SZ:2024-05-10:entry:2024-05-13,000001.SZ,buy,300,12.01,2024-05-13,3604.23,5.00,0.00,0.00,5.00,-3609.23
trade:order:strategy_003_ma_trend_holding_days:v1:000002.SZ:2024-05-10:entry:2024-05-13,order:strategy_003_ma_trend_holding_days:v1:000002.SZ:2024-05-10:entry:2024-05-13,000002.SZ,buy,300,11.94,2024-05-13,3581.10,5.00,0.00,0.00,5.00,-3586.10
trade:order:strategy_003_ma_trend_holding_days:v1:002475.SZ:2024-05-10:entry:2024-05-13,order:strategy_003_ma_trend_holding_days:v1:002475.SZ:2024-05-10:entry:2024-05-13,002475.SZ,buy,300,13.36,2024-05-13,4007.69,5.00,0.00,0.00,5.00,-4012.69
trade:order:strategy_003_ma_trend_holding_days:v1:000001.SZ:2024-05-13:entry:2024-05-14,order:strategy_003_ma_trend_holding_days:v1:000001.SZ:2024-05-13:entry:2024-05-14,000001.SZ,buy,100,11.99,2024-05-14,1199.24,5.00,0.00,0.00,5.00,-1204.24
trade:order:strategy_003_ma_trend_holding_days:v1:000002.SZ:2024-05-13:entry:2024-05-14,order:strategy_003_ma_trend_holding_days:v1:000002.SZ:2024-05-13:entry:2024-05-14,000002.SZ,buy,100,11.99,2024-05-14,1199.47,5.00,0.00,0.00,5.00,-1204.47
trade:order:strategy_003_ma_trend_holding_days:v1:002475.SZ:2024-05-13:entry:2024-05-14,order:strategy_003_ma_trend_holding_days:v1:002475.SZ:2024-05-13:entry:2024-05-14,002475.SZ,buy,100,13.59,2024-05-14,1358.63,5.00,0.00,0.00,5.00,-1363.63
trade:order:strategy_003_ma_trend_holding_days:v1:000002.SZ:2024-05-14:entry:2024-05-15,order:strategy_003_ma_trend_holding_days:v1:000002.SZ:2024-05-14:entry:2024-05-15,000002.SZ,buy,100,11.98,2024-05-15,1198.24,5.00,0.00,0.00,5.00,-1203.24
trade:order:strategy_003_ma_trend_holding_days:v1:002475.SZ:2024-05-14:entry:2024-05-15,order:strategy_003_ma_trend_holding_days:v1:002475.SZ:2024-05-14:entry:2024-05-15,002475.SZ,buy,100,13.57,2024-05-15,1356.90,5.00,0.00,0.00,5.00,-1361.90
trade:order:strategy_003_ma_trend_holding_days:v1:000001.SZ:2024-05-14:exit:2024-05-15,order:strategy_003_ma_trend_holding_days:v1:000001.SZ:2024-05-14:exit:2024-05-15,000001.SZ,sell,800,11.85,2024-05-15,9479.63,5.00,9.48,0.00,14.48,9465.15
trade:order:strategy_003_ma_trend_holding_days:v1:000002.SZ:2024-05-15:entry:2024-05-16,order:strategy_003_ma_trend_holding_days:v1:000002.SZ:2024-05-15:entry:2024-05-16,000002.SZ,buy,200,12.09,2024-05-16,2417.52,5.00,0.00,0.00,5.00,-2422.52
trade:order:strategy_003_ma_trend_holding_days:v1:002475.SZ:2024-05-15:entry:2024-05-16,order:strategy_003_ma_trend_holding_days:v1:002475.SZ:2024-05-15:entry:2024-05-16,002475.SZ,buy,200,13.39,2024-05-16,2678.47,5.00,0.00,0.00,5.00,-2683.47
trade:order:strategy_003_ma_trend_holding_days:v1:000001.SZ:2024-05-15:exit:2024-05-16,order:strategy_003_ma_trend_holding_days:v1:000001.SZ:2024-05-15:exit:2024-05-16,000001.SZ,sell,100,11.77,2024-05-16,1176.79,5.00,1.18,0.00,6.18,1170.61
trade:order:strategy_003_ma_trend_holding_days:v1:000002.SZ:2024-05-16:exit:2024-05-17,order:strategy_003_ma_trend_holding_days:v1:000002.SZ:2024-05-16:exit:2024-05-17,000002.SZ,sell,8300,12.04,2024-05-17,99952.10,29.99,99.95,0.00,129.94,99822.16
trade:order:strategy_003_ma_trend_holding_days:v1:002475.SZ:2024-05-16:entry:2024-05-17,order:strategy_003_ma_trend_holding_days:v1:002475.SZ:2024-05-16:entry:2024-05-17,002475.SZ,buy,100,13.56,2024-05-17,1356.29,5.00,0.00,0.00,5.00,-1361.29
trade:order:strategy_003_ma_trend_holding_days:v1:000001.SZ:2024-05-17:entry:2024-05-20,order:strategy_003_ma_trend_holding_days:v1:000001.SZ:2024-05-17:entry:2024-05-20,000001.SZ,buy,1800,11.89,2024-05-20,21395.85,6.42,0.00,0.00,6.42,-21402.27
trade:order:strategy_003_ma_trend_holding_days:v1:000002.SZ:2024-05-17:exit:2024-05-20,order:strategy_003_ma_trend_holding_days:v1:000002.SZ:2024-05-17:exit:2024-05-20,000002.SZ,sell,200,11.99,2024-05-20,2398.58,5.00,2.40,0.00,7.40,2391.18
trade:order:strategy_003_ma_trend_holding_days:v1:002475.SZ:2024-05-17:entry:2024-05-20,order:strategy_003_ma_trend_holding_days:v1:002475.SZ:2024-05-17:entry:2024-05-20,002475.SZ,buy,1600,13.49,2024-05-20,21589.19,6.48,0.00,0.00,6.48,-21595.67
trade:order:strategy_003_ma_trend_holding_days:v1:000002.SZ:2024-05-20:entry:2024-05-21,order:strategy_003_ma_trend_holding_days:v1:000002.SZ:2024-05-20:entry:2024-05-21,000002.SZ,buy,1100,12.19,2024-05-21,13407.24,5.00,0.00,0.00,5.00,-13412.24
trade:order:strategy_003_ma_trend_holding_days:v1:002475.SZ:2024-05-20:entry:2024-05-21,order:strategy_003_ma_trend_holding_days:v1:002475.SZ:2024-05-20:entry:2024-05-21,002475.SZ,buy,1000,13.51,2024-05-21,13506.96,5.00,0.00,0.00,5.00,-13511.96
trade:order:strategy_003_ma_trend_holding_days:v1:000001.SZ:2024-05-21:entry:2024-05-22,order:strategy_003_ma_trend_holding_days:v1:000001.SZ:2024-05-21:entry:2024-05-22,000001.SZ,buy,700,11.91,2024-05-22,8340.11,5.00,0.00,0.00,5.00,-8345.11
trade:order:strategy_003_ma_trend_holding_days:v1:000002.SZ:2024-05-21:entry:2024-05-22,order:strategy_003_ma_trend_holding_days:v1:000002.SZ:2024-05-21:entry:2024-05-22,000002.SZ,buy,600,12.06,2024-05-22,7236.17,5.00,0.00,0.00,5.00,-7241.17
trade:order:strategy_003_ma_trend_holding_days:v1:002475.SZ:2024-05-21:entry:2024-05-22,order:strategy_003_ma_trend_holding_days:v1:002475.SZ:2024-05-21:entry:2024-05-22,002475.SZ,buy,600,13.50,2024-05-22,8098.23,5.00,0.00,0.00,5.00,-8103.23
trade:order:strategy_003_ma_trend_holding_days:v1:000001.SZ:2024-05-22:entry:2024-05-23,order:strategy_003_ma_trend_holding_days:v1:000001.SZ:2024-05-22:entry:2024-05-23,000001.SZ,buy,300,12.05,2024-05-23,3616.12,5.00,0.00,0.00,5.00,-3621.12
trade:order:strategy_003_ma_trend_holding_days:v1:000002.SZ:2024-05-22:entry:2024-05-23,order:strategy_003_ma_trend_holding_days:v1:000002.SZ:2024-05-22:entry:2024-05-23,000002.SZ,buy,200,11.95,2024-05-23,2390.09,5.00,0.00,0.00,5.00,-2395.09
trade:order:strategy_003_ma_trend_holding_days:v1:002475.SZ:2024-05-22:entry:2024-05-23,order:strategy_003_ma_trend_holding_days:v1:002475.SZ:2024-05-22:entry:2024-05-23,002475.SZ,buy,200,13.48,2024-05-23,2696.80,5.00,0.00,0.00,5.00,-2701.80
trade:order:strategy_003_ma_trend_holding_days:v1:000001.SZ:2024-05-23:entry:2024-05-24,order:strategy_003_ma_trend_holding_days:v1:000001.SZ:2024-05-23:entry:2024-05-24,000001.SZ,buy,100,11.94,2024-05-24,1193.53,5.00,0.00,0.00,5.00,-1198.53
trade:order:strategy_003_ma_trend_holding_days:v1:000002.SZ:2024-05-23:entry:2024-05-24,order:strategy_003_ma_trend_holding_days:v1:000002.SZ:2024-05-23:entry:2024-05-24,000002.SZ,buy,100,12.03,2024-05-24,1203.47,5.00,0.00,0.00,5.00,-1208.47
trade:order:strategy_003_ma_trend_holding_days:v1:002475.SZ:2024-05-23:entry:2024-05-24,order:strategy_003_ma_trend_holding_days:v1:002475.SZ:2024-05-23:entry:2024-05-24,002475.SZ,buy,100,13.35,2024-05-24,1335.27,5.00,0.00,0.00,5.00,-1340.27
trade:order:strategy_003_ma_trend_holding_days:v1:002475.SZ:2024-05-24:exit:2024-05-27,order:strategy_003_ma_trend_holding_days:v1:002475.SZ:2024-05-24:exit:2024-05-27,002475.SZ,sell,4200,13.55,2024-05-27,56892.40,17.07,56.89,0.00,73.96,56818.44
trade:order:strategy_003_ma_trend_holding_days:v1:000001.SZ:2024-05-27:entry:2024-05-28,order:strategy_003_ma_trend_holding_days:v1:000001.SZ:2024-05-27:entry:2024-05-28,000001.SZ,buy,1000,11.94,2024-05-28,11942.51,5.00,0.00,0.00,5.00,-11947.51
trade:order:strategy_003_ma_trend_holding_days:v1:300750.SZ:2024-05-27:entry:2024-05-28,order:strategy_003_ma_trend_holding_days:v1:300750.SZ:2024-05-27:entry:2024-05-28,300750.SZ,buy,900,13.20,2024-05-28,11878.63,5.00,0.00,0.00,5.00,-11883.63
trade:order:strategy_003_ma_trend_holding_days:v1:002475.SZ:2024-05-27:exit:2024-05-28,order:strategy_003_ma_trend_holding_days:v1:002475.SZ:2024-05-27:exit:2024-05-28,002475.SZ,sell,100,13.55,2024-05-28,1354.94,5.00,1.35,0.00,6.35,1348.59
trade:order:strategy_003_ma_trend_holding_days:v1:000002.SZ:2024-05-27:exit:2024-05-28,order:strategy_003_ma_trend_holding_days:v1:000002.SZ:2024-05-27:exit:2024-05-28,000002.SZ,sell,2000,12.00,2024-05-28,24005.85,7.20,24.01,0.00,31.21,23974.64
trade:order:strategy_003_ma_trend_holding_days:v1:000001.SZ:2024-05-28:entry:2024-05-29,order:strategy_003_ma_trend_holding_days:v1:000001.SZ:2024-05-28:entry:2024-05-29,000001.SZ,buy,1000,12.02,2024-05-29,12020.24,5.00,0.00,0.00,5.00,-12025.24
trade:order:strategy_003_ma_trend_holding_days:v1:300750.SZ:2024-05-28:entry:2024-05-29,order:strategy_003_ma_trend_holding_days:v1:300750.SZ:2024-05-28:entry:2024-05-29,300750.SZ,buy,900,13.23,2024-05-29,11904.84,5.00,0.00,0.00,5.00,-11909.84
trade:order:strategy_003_ma_trend_holding_days:v1:002475.SZ:2024-05-28:entry:2024-05-29,order:strategy_003_ma_trend_holding_days:v1:002475.SZ:2024-05-28:entry:2024-05-29,002475.SZ,buy,900,13.48,2024-05-29,12133.83,5.00,0.00,0.00,5.00,-12138.83
trade:order:strategy_003_ma_trend_holding_days:v1:000001.SZ:2024-05-29:entry:2024-05-30,order:strategy_003_ma_trend_holding_days:v1:000001.SZ:2024-05-29:entry:2024-05-30,000001.SZ,buy,400,12.13,2024-05-30,4852.61,5.00,0.00,0.00,5.00,-4857.61
trade:order:strategy_003_ma_trend_holding_days:v1:300750.SZ:2024-05-29:entry:2024-05-30,order:strategy_003_ma_trend_holding_days:v1:300750.SZ:2024-05-29:entry:2024-05-30,300750.SZ,buy,400,13.29,2024-05-30,5315.18,5.00,0.00,0.00,5.00,-5320.18
trade:order:strategy_003_ma_trend_holding_days:v1:002475.SZ:2024-05-29:entry:2024-05-30,order:strategy_003_ma_trend_holding_days:v1:002475.SZ:2024-05-29:entry:2024-05-30,002475.SZ,buy,400,13.51,2024-05-30,5402.64,5.00,0.00,0.00,5.00,-5407.64
trade:order:strategy_003_ma_trend_holding_days:v1:000001.SZ:2024-05-30:entry:2024-05-31,order:strategy_003_ma_trend_holding_days:v1:000001.SZ:2024-05-30:entry:2024-05-31,000001.SZ,buy,200,12.05,2024-05-31,2409.60,5.00,0.00,0.00,5.00,-2414.60
trade:order:strategy_003_ma_trend_holding_days:v1:600519.SH:2024-05-30:entry:2024-05-31,order:strategy_003_ma_trend_holding_days:v1:600519.SH:2024-05-30:entry:2024-05-31,600519.SH,buy,200,11.64,2024-05-31,2328.87,5.00,0.00,0.00,5.00,-2333.87
trade:order:strategy_003_ma_trend_holding_days:v1:300750.SZ:2024-05-30:entry:2024-05-31,order:strategy_003_ma_trend_holding_days:v1:300750.SZ:2024-05-30:entry:2024-05-31,300750.SZ,buy,100,13.13,2024-05-31,1312.92,5.00,0.00,0.00,5.00,-1317.92
trade:order:strategy_003_ma_trend_holding_days:v1:002475.SZ:2024-05-30:entry:2024-05-31,order:strategy_003_ma_trend_holding_days:v1:002475.SZ:2024-05-30:entry:2024-05-31,002475.SZ,buy,100,13.51,2024-05-31,1350.93,5.00,0.00,0.00,5.00,-1355.93
trade:order:strategy_003_ma_trend_holding_days:v1:300750.SZ:2024-06-03:exit:2024-06-04,order:strategy_003_ma_trend_holding_days:v1:300750.SZ:2024-06-03:exit:2024-06-04,300750.SZ,sell,2300,13.00,2024-06-04,29906.05,8.97,29.91,0.00,38.88,29867.18
trade:order:strategy_003_ma_trend_holding_days:v1:000001.SZ:2024-06-04:exit:2024-06-05,order:strategy_003_ma_trend_holding_days:v1:000001.SZ:2024-06-04:exit:2024-06-05,000001.SZ,sell,5500,12.10,2024-06-05,66567.24,19.97,66.57,0.00,86.54,66480.70
trade:order:strategy_003_ma_trend_holding_days:v1:000002.SZ:2024-06-04:entry:2024-06-05,order:strategy_003_ma_trend_holding_days:v1:000002.SZ:2024-06-04:entry:2024-06-05,000002.SZ,buy,500,12.04,2024-06-05,6018.49,5.00,0.00,0.00,5.00,-6023.49
trade:order:strategy_003_ma_trend_holding_days:v1:600519.SH:2024-06-04:entry:2024-06-05,order:strategy_003_ma_trend_holding_days:v1:600519.SH:2024-06-04:entry:2024-06-05,600519.SH,buy,500,11.78,2024-06-05,5892.25,5.00,0.00,0.00,5.00,-5897.25
trade:order:strategy_003_ma_trend_holding_days:v1:002475.SZ:2024-06-04:entry:2024-06-05,order:strategy_003_ma_trend_holding_days:v1:002475.SZ:2024-06-04:entry:2024-06-05,002475.SZ,buy,500,13.38,2024-06-05,6690.91,5.00,0.00,0.00,5.00,-6695.91
trade:order:strategy_003_ma_trend_holding_days:v1:000001.SZ:2024-06-05:entry:2024-06-06,order:strategy_003_ma_trend_holding_days:v1:000001.SZ:2024-06-05:entry:2024-06-06,000001.SZ,buy,1300,12.22,2024-06-06,15885.16,5.00,0.00,0.00,5.00,-15890.16
trade:order:strategy_003_ma_trend_holding_days:v1:000002.SZ:2024-06-05:entry:2024-06-06,order:strategy_003_ma_trend_holding_days:v1:000002.SZ:2024-06-05:entry:2024-06-06,000002.SZ,buy,1300,12.21,2024-06-06,15873.84,5.00,0.00,0.00,5.00,-15878.84
trade:order:strategy_003_ma_trend_holding_days:v1:600519.SH:2024-06-05:entry:2024-06-06,order:strategy_003_ma_trend_holding_days:v1:600519.SH:2024-06-05:entry:2024-06-06,600519.SH,buy,1400,11.61,2024-06-06,16248.14,5.00,0.00,0.00,5.00,-16253.14
trade:order:strategy_003_ma_trend_holding_days:v1:300750.SZ:2024-06-05:entry:2024-06-06,order:strategy_003_ma_trend_holding_days:v1:300750.SZ:2024-06-05:entry:2024-06-06,300750.SZ,buy,1200,13.02,2024-06-06,15627.56,5.00,0.00,0.00,5.00,-15632.56
trade:order:strategy_003_ma_trend_holding_days:v1:002475.SZ:2024-06-05:exit:2024-06-06,order:strategy_003_ma_trend_holding_days:v1:002475.SZ:2024-06-05:exit:2024-06-06,002475.SZ,sell,1400,13.51,2024-06-06,18915.82,5.67,18.92,0.00,24.59,18891.23
trade:order:strategy_003_ma_trend_holding_days:v1:000001.SZ:2024-06-06:entry:2024-06-07,order:strategy_003_ma_trend_holding_days:v1:000001.SZ:2024-06-06:entry:2024-06-07,000001.SZ,buy,600,12.28,2024-06-07,7368.55,5.00,0.00,0.00,5.00,-7373.55
trade:order:strategy_003_ma_trend_holding_days:v1:000002.SZ:2024-06-06:entry:2024-06-07,order:strategy_003_ma_trend_holding_days:v1:000002.SZ:2024-06-06:entry:2024-06-07,000002.SZ,buy,600,12.15,2024-06-07,7287.67,5.00,0.00,0.00,5.00,-7292.67
trade:order:strategy_003_ma_trend_holding_days:v1:600519.SH:2024-06-06:entry:2024-06-07,order:strategy_003_ma_trend_holding_days:v1:600519.SH:2024-06-06:entry:2024-06-07,600519.SH,buy,600,11.69,2024-06-07,7012.00,5.00,0.00,0.00,5.00,-7017.00
trade:order:strategy_003_ma_trend_holding_days:v1:002475.SZ:2024-06-06:entry:2024-06-07,order:strategy_003_ma_trend_holding_days:v1:002475.SZ:2024-06-06:entry:2024-06-07,002475.SZ,buy,500,13.47,2024-06-07,6735.32,5.00,0.00,0.00,5.00,-6740.32
trade:order:strategy_003_ma_trend_holding_days:v1:000001.SZ:2024-06-07:entry:2024-06-10,order:strategy_003_ma_trend_holding_days:v1:000001.SZ:2024-06-07:entry:2024-06-10,000001.SZ,buy,100,12.28,2024-06-10,1227.92,5.00,0.00,0.00,5.00,-1232.92
trade:order:strategy_003_ma_trend_holding_days:v1:000002.SZ:2024-06-07:entry:2024-06-10,order:strategy_003_ma_trend_holding_days:v1:000002.SZ:2024-06-07:entry:2024-06-10,000002.SZ,buy,100,12.25,2024-06-10,1224.71,5.00,0.00,0.00,5.00,-1229.71
trade:order:strategy_003_ma_trend_holding_days:v1:600519.SH:2024-06-07:entry:2024-06-10,order:strategy_003_ma_trend_holding_days:v1:600519.SH:2024-06-07:entry:2024-06-10,600519.SH,buy,100,11.81,2024-06-10,1180.55,5.00,0.00,0.00,5.00,-1185.55
trade:order:strategy_003_ma_trend_holding_days:v1:002475.SZ:2024-06-07:entry:2024-06-10,order:strategy_003_ma_trend_holding_days:v1:002475.SZ:2024-06-07:entry:2024-06-10,002475.SZ,buy,100,13.54,2024-06-10,1353.51,5.00,0.00,0.00,5.00,-1358.51
trade:order:strategy_003_ma_trend_holding_days:v1:300750.SZ:2024-06-07:exit:2024-06-10,order:strategy_003_ma_trend_holding_days:v1:300750.SZ:2024-06-07:exit:2024-06-10,300750.SZ,sell,1200,13.10,2024-06-10,15721.41,5.00,15.72,0.00,20.72,15700.69
trade:order:strategy_003_ma_trend_holding_days:v1:000001.SZ:2024-06-10:entry:2024-06-11,order:strategy_003_ma_trend_holding_days:v1:000001.SZ:2024-06-10:entry:2024-06-11,000001.SZ,buy,300,12.22,2024-06-11,3666.23,5.00,0.00,0.00,5.00,-3671.23
trade:order:strategy_003_ma_trend_holding_days:v1:000002.SZ:2024-06-10:entry:2024-06-11,order:strategy_003_ma_trend_holding_days:v1:000002.SZ:2024-06-10:entry:2024-06-11,000002.SZ,buy,300,12.02,2024-06-11,3605.65,5.00,0.00,0.00,5.00,-3610.65
trade:order:strategy_003_ma_trend_holding_days:v1:600519.SH:2024-06-10:entry:2024-06-11,order:strategy_003_ma_trend_holding_days:v1:600519.SH:2024-06-10:entry:2024-06-11,600519.SH,buy,300,11.75,2024-06-11,3525.40,5.00,0.00,0.00,5.00,-3530.40
trade:order:strategy_003_ma_trend_holding_days:v1:002475.SZ:2024-06-10:entry:2024-06-11,order:strategy_003_ma_trend_holding_days:v1:002475.SZ:2024-06-10:entry:2024-06-11,002475.SZ,buy,200,13.80,2024-06-11,2759.86,5.00,0.00,0.00,5.00,-2764.86
trade:order:strategy_003_ma_trend_holding_days:v1:000001.SZ:2024-06-11:entry:2024-06-12,order:strategy_003_ma_trend_holding_days:v1:000001.SZ:2024-06-11:entry:2024-06-12,000001.SZ,buy,100,12.29,2024-06-12,1229.46,5.00,0.00,0.00,5.00,-1234.46
trade:order:strategy_003_ma_trend_holding_days:v1:000002.SZ:2024-06-11:entry:2024-06-12,order:strategy_003_ma_trend_holding_days:v1:000002.SZ:2024-06-11:entry:2024-06-12,000002.SZ,buy,100,12.16,2024-06-12,1215.56,5.00,0.00,0.00,5.00,-1220.56
trade:order:strategy_003_ma_trend_holding_days:v1:600519.SH:2024-06-11:entry:2024-06-12,order:strategy_003_ma_trend_holding_days:v1:600519.SH:2024-06-11:entry:2024-06-12,600519.SH,buy,100,11.84,2024-06-12,1183.83,5.00,0.00,0.00,5.00,-1188.83
trade:order:strategy_003_ma_trend_holding_days:v1:002475.SZ:2024-06-13:exit:2024-06-14,order:strategy_003_ma_trend_holding_days:v1:002475.SZ:2024-06-13:exit:2024-06-14,002475.SZ,sell,1300,13.64,2024-06-14,17729.33,5.32,17.73,0.00,23.05,17706.28
trade:order:strategy_003_ma_trend_holding_days:v1:000001.SZ:2024-06-14:entry:2024-06-17,order:strategy_003_ma_trend_holding_days:v1:000001.SZ:2024-06-14:entry:2024-06-17,000001.SZ,buy,300,12.49,2024-06-17,3746.95,5.00,0.00,0.00,5.00,-3751.95
trade:order:strategy_003_ma_trend_holding_days:v1:000002.SZ:2024-06-14:entry:2024-06-17,order:strategy_003_ma_trend_holding_days:v1:000002.SZ:2024-06-14:entry:2024-06-17,000002.SZ,buy,300,12.05,2024-06-17,3615.81,5.00,0.00,0.00,5.00,-3620.81
trade:order:strategy_003_ma_trend_holding_days:v1:600519.SH:2024-06-14:entry:2024-06-17,order:strategy_003_ma_trend_holding_days:v1:600519.SH:2024-06-14:entry:2024-06-17,600519.SH,buy,300,11.62,2024-06-17,3486.64,5.00,0.00,0.00,5.00,-3491.64
trade:order:strategy_003_ma_trend_holding_days:v1:600036.SH:2024-06-14:entry:2024-06-17,order:strategy_003_ma_trend_holding_days:v1:600036.SH:2024-06-14:entry:2024-06-17,600036.SH,buy,300,12.09,2024-06-17,3626.27,5.00,0.00,0.00,5.00,-3631.27
trade:order:strategy_003_ma_trend_holding_days:v1:002475.SZ:2024-06-14:entry:2024-06-17,order:strategy_003_ma_trend_holding_days:v1:002475.SZ:2024-06-14:entry:2024-06-17,002475.SZ,buy,200,13.70,2024-06-17,2739.35,5.00,0.00,0.00,5.00,-2744.35
trade:order:strategy_003_ma_trend_holding_days:v1:600519.SH:2024-06-17:exit:2024-06-18,order:strategy_003_ma_trend_holding_days:v1:600519.SH:2024-06-17:exit:2024-06-18,600519.SH,sell,3200,11.73,2024-06-18,37530.26,11.26,37.53,0.00,48.79,37481.47
trade:order:strategy_003_ma_trend_holding_days:v1:000001.SZ:2024-06-18:entry:2024-06-19,order:strategy_003_ma_trend_holding_days:v1:000001.SZ:2024-06-18:entry:2024-06-19,000001.SZ,buy,600,12.20,2024-06-19,7320.94,5.00,0.00,0.00,5.00,-7325.94
trade:order:strategy_003_ma_trend_holding_days:v1:000002.SZ:2024-06-18:entry:2024-06-19,order:strategy_003_ma_trend_holding_days:v1:000002.SZ:2024-06-18:entry:2024-06-19,000002.SZ,buy,600,12.07,2024-06-19,7239.22,5.00,0.00,0.00,5.00,-7244.22
trade:order:strategy_003_ma_trend_holding_days:v1:600036.SH:2024-06-18:entry:2024-06-19,order:strategy_003_ma_trend_holding_days:v1:600036.SH:2024-06-18:entry:2024-06-19,600036.SH,buy,600,11.99,2024-06-19,7196.60,5.00,0.00,0.00,5.00,-7201.60
trade:order:strategy_003_ma_trend_holding_days:v1:002475.SZ:2024-06-18:entry:2024-06-19,order:strategy_003_ma_trend_holding_days:v1:002475.SZ:2024-06-18:entry:2024-06-19,002475.SZ,buy,500,13.76,2024-06-19,6878.79,5.00,0.00,0.00,5.00,-6883.79
trade:order:strategy_003_ma_trend_holding_days:v1:600519.SH:2024-06-18:exit:2024-06-19,order:strategy_003_ma_trend_holding_days:v1:600519.SH:2024-06-18:exit:2024-06-19,600519.SH,sell,300,11.65,2024-06-19,3493.90,5.00,3.49,0.00,8.49,3485.41
trade:order:strategy_003_ma_trend_holding_days:v1:000001.SZ:2024-06-19:entry:2024-06-20,order:strategy_003_ma_trend_holding_days:v1:000001.SZ:2024-06-19:entry:2024-06-20,000001.SZ,buy,200,12.30,2024-06-20,2459.37,5.00,0.00,0.00,5.00,-2464.37
trade:order:strategy_003_ma_trend_holding_days:v1:000002.SZ:2024-06-19:entry:2024-06-20,order:strategy_003_ma_trend_holding_days:v1:000002.SZ:2024-06-19:entry:2024-06-20,000002.SZ,buy,200,12.06,2024-06-20,2412.80,5.00,0.00,0.00,5.00,-2417.80
trade:order:strategy_003_ma_trend_holding_days:v1:600036.SH:2024-06-19:entry:2024-06-20,order:strategy_003_ma_trend_holding_days:v1:600036.SH:2024-06-19:entry:2024-06-20,600036.SH,buy,200,11.93,2024-06-20,2386.24,5.00,0.00,0.00,5.00,-2391.24
trade:order:strategy_003_ma_trend_holding_days:v1:002475.SZ:2024-06-19:entry:2024-06-20,order:strategy_003_ma_trend_holding_days:v1:002475.SZ:2024-06-19:entry:2024-06-20,002475.SZ,buy,200,13.46,2024-06-20,2692.26,5.00,0.00,0.00,5.00,-2697.26
trade:order:strategy_003_ma_trend_holding_days:v1:000002.SZ:2024-06-20:exit:2024-06-21,order:strategy_003_ma_trend_holding_days:v1:000002.SZ:2024-06-20:exit:2024-06-21,000002.SZ,sell,3800,12.07,2024-06-21,45866.74,13.76,45.87,0.00,59.63,45807.11
trade:order:strategy_003_ma_trend_holding_days:v1:600036.SH:2024-06-20:exit:2024-06-21,order:strategy_003_ma_trend_holding_days:v1:600036.SH:2024-06-20:exit:2024-06-21,600036.SH,sell,900,11.98,2024-06-21,10780.02,5.00,10.78,0.00,15.78,10764.24
trade:order:strategy_003_ma_trend_holding_days:v1:002475.SZ:2024-06-20:exit:2024-06-21,order:strategy_003_ma_trend_holding_days:v1:002475.SZ:2024-06-20:exit:2024-06-21,002475.SZ,sell,700,13.71,2024-06-21,9595.36,5.00,9.60,0.00,14.60,9580.77
trade:order:strategy_003_ma_trend_holding_days:v1:000001.SZ:2024-06-21:exit:2024-06-24,order:strategy_003_ma_trend_holding_days:v1:000001.SZ:2024-06-21:exit:2024-06-24,000001.SZ,sell,3500,12.10,2024-06-24,42350.56,12.71,42.35,0.00,55.06,42295.50
trade:order:strategy_003_ma_trend_holding_days:v1:000002.SZ:2024-06-21:exit:2024-06-24,order:strategy_003_ma_trend_holding_days:v1:000002.SZ:2024-06-21:exit:2024-06-24,000002.SZ,sell,200,12.08,2024-06-24,2416.97,5.00,2.42,0.00,7.42,2409.55
trade:order:strategy_003_ma_trend_holding_days:v1:002475.SZ:2024-06-21:entry:2024-06-24,order:strategy_003_ma_trend_holding_days:v1:002475.SZ:2024-06-21:entry:2024-06-24,002475.SZ,buy,1000,13.61,2024-06-24,13611.27,5.00,0.00,0.00,5.00,-13616.27
trade:order:strategy_003_ma_trend_holding_days:v1:600036.SH:2024-06-21:exit:2024-06-24,order:strategy_003_ma_trend_holding_days:v1:600036.SH:2024-06-21:exit:2024-06-24,600036.SH,sell,200,12.01,2024-06-24,2401.18,5.00,2.40,0.00,7.40,2393.78
trade:order:strategy_003_ma_trend_holding_days:v1:000002.SZ:2024-06-24:entry:2024-06-25,order:strategy_003_ma_trend_holding_days:v1:000002.SZ:2024-06-24:entry:2024-06-25,000002.SZ,buy,1700,11.93,2024-06-25,20275.82,6.08,0.00,0.00,6.08,-20281.90
trade:order:strategy_003_ma_trend_holding_days:v1:002475.SZ:2024-06-24:entry:2024-06-25,order:strategy_003_ma_trend_holding_days:v1:002475.SZ:2024-06-24:entry:2024-06-25,002475.SZ,buy,1500,13.83,2024-06-25,20739.61,6.22,0.00,0.00,6.22,-20745.83
trade:order:strategy_003_ma_trend_holding_days:v1:002475.SZ:2024-06-25:entry:2024-06-26,order:strategy_003_ma_trend_holding_days:v1:002475.SZ:2024-06-25:entry:2024-06-26,002475.SZ,buy,900,13.89,2024-06-26,12502.83,5.00,0.00,0.00,5.00,-12507.83
trade:order:strategy_003_ma_trend_holding_days:v1:000001.SZ:2024-06-26:entry:2024-06-27,order:strategy_003_ma_trend_holding_days:v1:000001.SZ:2024-06-26:entry:2024-06-27,000001.SZ,buy,800,12.35,2024-06-27,9882.96,5.00,0.00,0.00,5.00,-9887.96
trade:order:strategy_003_ma_trend_holding_days:v1:002475.SZ:2024-06-26:entry:2024-06-27,order:strategy_003_ma_trend_holding_days:v1:002475.SZ:2024-06-26:entry:2024-06-27,002475.SZ,buy,700,13.69,2024-06-27,9583.12,5.00,0.00,0.00,5.00,-9588.12
trade:order:strategy_003_ma_trend_holding_days:v1:000002.SZ:2024-06-26:exit:2024-06-27,order:strategy_003_ma_trend_holding_days:v1:000002.SZ:2024-06-26:exit:2024-06-27,000002.SZ,sell,1700,11.90,2024-06-27,20227.51,6.07,20.23,0.00,26.30,20201.22
trade:order:strategy_003_ma_trend_holding_days:v1:000001.SZ:2024-06-27:entry:2024-06-28,order:strategy_003_ma_trend_holding_days:v1:000001.SZ:2024-06-27:entry:2024-06-28,000001.SZ,buy,800,12.38,2024-06-28,9907.81,5.00,0.00,0.00,5.00,-9912.81
trade:order:strategy_003_ma_trend_holding_days:v1:002475.SZ:2024-06-27:entry:2024-06-28,order:strategy_003_ma_trend_holding_days:v1:002475.SZ:2024-06-27:entry:2024-06-28,002475.SZ,buy,700,13.74,2024-06-28,9614.55,5.00,0.00,0.00,5.00,-9619.55
trade:order:strategy_003_ma_trend_holding_days:v1:000001.SZ:2024-06-28:entry:2024-07-01,order:strategy_003_ma_trend_holding_days:v1:000001.SZ:2024-06-28:entry:2024-07-01,000001.SZ,buy,500,12.25,2024-07-01,6122.83,5.00,0.00,0.00,5.00,-6127.83
trade:order:strategy_003_ma_trend_holding_days:v1:002475.SZ:2024-06-28:entry:2024-07-01,order:strategy_003_ma_trend_holding_days:v1:002475.SZ:2024-06-28:entry:2024-07-01,002475.SZ,buy,400,13.79,2024-07-01,5517.44,5.00,0.00,0.00,5.00,-5522.44
trade:order:strategy_003_ma_trend_holding_days:v1:000001.SZ:2024-07-01:entry:2024-07-02,order:strategy_003_ma_trend_holding_days:v1:000001.SZ:2024-07-01:entry:2024-07-02,000001.SZ,buy,300,12.39,2024-07-02,3716.90,5.00,0.00,0.00,5.00,-3721.90
trade:order:strategy_003_ma_trend_holding_days:v1:002475.SZ:2024-07-01:entry:2024-07-02,order:strategy_003_ma_trend_holding_days:v1:002475.SZ:2024-07-01:entry:2024-07-02,002475.SZ,buy,300,13.48,2024-07-02,4045.21,5.00,0.00,0.00,5.00,-4050.21
trade:order:strategy_003_ma_trend_holding_days:v1:000001.SZ:2024-07-02:entry:2024-07-03,order:strategy_003_ma_trend_holding_days:v1:000001.SZ:2024-07-02:entry:2024-07-03,000001.SZ,buy,200,12.43,2024-07-03,2485.14,5.00,0.00,0.00,5.00,-2490.14
trade:order:strategy_003_ma_trend_holding_days:v1:601318.SH:2024-07-02:entry:2024-07-03,order:strategy_003_ma_trend_holding_days:v1:601318.SH:2024-07-02:entry:2024-07-03,601318.SH,buy,200,11.66,2024-07-03,2332.16,5.00,0.00,0.00,5.00,-2337.16
trade:order:strategy_003_ma_trend_holding_days:v1:002475.SZ:2024-07-02:exit:2024-07-03,order:strategy_003_ma_trend_holding_days:v1:002475.SZ:2024-07-02:exit:2024-07-03,002475.SZ,sell,5400,13.51,2024-07-03,72976.66,21.89,72.98,0.00,94.87,72881.79
trade:order:strategy_003_ma_trend_holding_days:v1:000001.SZ:2024-07-03:entry:2024-07-04,order:strategy_003_ma_trend_holding_days:v1:000001.SZ:2024-07-03:entry:2024-07-04,000001.SZ,buy,1300,12.19,2024-07-04,15851.11,5.00,0.00,0.00,5.00,-15856.11
trade:order:strategy_003_ma_trend_holding_days:v1:002475.SZ:2024-07-03:exit:2024-07-04,order:strategy_003_ma_trend_holding_days:v1:002475.SZ:2024-07-03:exit:2024-07-04,002475.SZ,sell,300,13.49,2024-07-04,4048.42,5.00,4.05,0.00,9.05,4039.37
trade:order:strategy_003_ma_trend_holding_days:v1:000001.SZ:2024-07-04:exit:2024-07-05,order:strategy_003_ma_trend_holding_days:v1:000001.SZ:2024-07-04:exit:2024-07-05,000001.SZ,sell,2600,12.28,2024-07-05,31924.23,9.58,31.92,0.00,41.50,31882.73
trade:order:strategy_003_ma_trend_holding_days:v1:601318.SH:2024-07-04:exit:2024-07-05,order:strategy_003_ma_trend_holding_days:v1:601318.SH:2024-07-04:exit:2024-07-05,601318.SH,sell,200,11.64,2024-07-05,2328.52,5.00,2.33,0.00,7.33,2321.19
trade:order:strategy_003_ma_trend_holding_days:v1:000001.SZ:2024-07-05:entry:2024-07-08,order:strategy_003_ma_trend_holding_days:v1:000001.SZ:2024-07-05:entry:2024-07-08,000001.SZ,buy,1600,12.39,2024-07-08,19819.12,5.95,0.00,0.00,5.95,-19825.06
trade:order:strategy_003_ma_trend_holding_days:v1:000001.SZ:2024-07-08:entry:2024-07-09,order:strategy_003_ma_trend_holding_days:v1:000001.SZ:2024-07-08:entry:2024-07-09,000001.SZ,buy,1300,12.44,2024-07-09,16168.53,5.00,0.00,0.00,5.00,-16173.53
trade:order:strategy_003_ma_trend_holding_days:v1:000001.SZ:2024-07-09:entry:2024-07-10,order:strategy_003_ma_trend_holding_days:v1:000001.SZ:2024-07-09:entry:2024-07-10,000001.SZ,buy,1000,12.33,2024-07-10,12334.27,5.00,0.00,0.00,5.00,-12339.27
trade:order:strategy_003_ma_trend_holding_days:v1:000001.SZ:2024-07-10:entry:2024-07-11,order:strategy_003_ma_trend_holding_days:v1:000001.SZ:2024-07-10:entry:2024-07-11,000001.SZ,buy,900,12.52,2024-07-11,11268.72,5.00,0.00,0.00,5.00,-11273.72
trade:order:strategy_003_ma_trend_holding_days:v1:300750.SZ:2024-07-10:entry:2024-07-11,order:strategy_003_ma_trend_holding_days:v1:300750.SZ:2024-07-10:entry:2024-07-11,300750.SZ,buy,800,12.69,2024-07-11,10151.01,5.00,0.00,0.00,5.00,-10156.01
trade:order:strategy_003_ma_trend_holding_days:v1:000001.SZ:2024-07-11:entry:2024-07-12,order:strategy_003_ma_trend_holding_days:v1:000001.SZ:2024-07-11:entry:2024-07-12,000001.SZ,buy,500,12.50,2024-07-12,6252.49,5.00,0.00,0.00,5.00,-6257.49
trade:order:strategy_003_ma_trend_holding_days:v1:601318.SH:2024-07-11:entry:2024-07-12,order:strategy_003_ma_trend_holding_days:v1:601318.SH:2024-07-11:entry:2024-07-12,601318.SH,buy,500,11.69,2024-07-12,5844.10,5.00,0.00,0.00,5.00,-5849.10
trade:order:strategy_003_ma_trend_holding_days:v1:000001.SZ:2024-07-12:exit:2024-07-15,order:strategy_003_ma_trend_holding_days:v1:000001.SZ:2024-07-12:exit:2024-07-15,000001.SZ,sell,6100,12.58,2024-07-15,76713.95,23.01,76.71,0.00,99.73,76614.22
trade:order:strategy_003_ma_trend_holding_days:v1:300750.SZ:2024-07-12:exit:2024-07-15,order:strategy_003_ma_trend_holding_days:v1:300750.SZ:2024-07-12:exit:2024-07-15,300750.SZ,sell,800,12.76,2024-07-15,10204.47,5.00,10.20,0.00,15.20,10189.27
trade:order:strategy_003_ma_trend_holding_days:v1:000001.SZ:2024-07-15:exit:2024-07-16,order:strategy_003_ma_trend_holding_days:v1:000001.SZ:2024-07-15:exit:2024-07-16,000001.SZ,sell,500,12.35,2024-07-16,6176.38,5.00,6.18,0.00,11.18,6165.20
trade:order:strategy_003_ma_trend_holding_days:v1:601318.SH:2024-07-15:entry:2024-07-16,order:strategy_003_ma_trend_holding_days:v1:601318.SH:2024-07-15:entry:2024-07-16,601318.SH,buy,1800,11.67,2024-07-16,21001.15,6.30,0.00,0.00,6.30,-21007.45
trade:order:strategy_003_ma_trend_holding_days:v1:000001.SZ:2024-07-16:entry:2024-07-17,order:strategy_003_ma_trend_holding_days:v1:000001.SZ:2024-07-16:entry:2024-07-17,000001.SZ,buy,1500,12.40,2024-07-17,18595.48,5.58,0.00,0.00,5.58,-18601.06
trade:order:strategy_003_ma_trend_holding_days:v1:601318.SH:2024-07-16:entry:2024-07-17,order:strategy_003_ma_trend_holding_days:v1:601318.SH:2024-07-16:entry:2024-07-17,601318.SH,buy,1600,11.51,2024-07-17,18421.43,5.53,0.00,0.00,5.53,-18426.96
trade:order:strategy_003_ma_trend_holding_days:v1:000001.SZ:2024-07-17:entry:2024-07-18,order:strategy_003_ma_trend_holding_days:v1:000001.SZ:2024-07-17:entry:2024-07-18,000001.SZ,buy,900,12.47,2024-07-18,11223.35,5.00,0.00,0.00,5.00,-11228.35
trade:order:strategy_003_ma_trend_holding_days:v1:000002.SZ:2024-07-17:entry:2024-07-18,order:strategy_003_ma_trend_holding_days:v1:000002.SZ:2024-07-17:entry:2024-07-18,000002.SZ,buy,900,12.03,2024-07-18,10825.45,5.00,0.00,0.00,5.00,-10830.45
trade:order:strategy_003_ma_trend_holding_days:v1:601318.SH:2024-07-17:entry:2024-07-18,order:strategy_003_ma_trend_holding_days:v1:601318.SH:2024-07-17:entry:2024-07-18,601318.SH,buy,900,11.46,2024-07-18,10315.99,5.00,0.00,0.00,5.00,-10320.99
trade:order:strategy_003_ma_trend_holding_days:v1:000001.SZ:2024-07-18:entry:2024-07-19,order:strategy_003_ma_trend_holding_days:v1:000001.SZ:2024-07-18:entry:2024-07-19,000001.SZ,buy,300,12.26,2024-07-19,3678.29,5.00,0.00,0.00,5.00,-3683.29
trade:order:strategy_003_ma_trend_holding_days:v1:000002.SZ:2024-07-18:entry:2024-07-19,order:strategy_003_ma_trend_holding_days:v1:000002.SZ:2024-07-18:entry:2024-07-19,000002.SZ,buy,400,12.10,2024-07-19,4839.57,5.00,0.00,0.00,5.00,-4844.57
trade:order:strategy_003_ma_trend_holding_days:v1:601318.SH:2024-07-18:exit:2024-07-19,order:strategy_003_ma_trend_holding_days:v1:601318.SH:2024-07-18:exit:2024-07-19,601318.SH,sell,3900,11.54,2024-07-19,45005.87,13.50,45.01,0.00,58.51,44947.36
trade:order:strategy_003_ma_trend_holding_days:v1:000001.SZ:2024-07-19:entry:2024-07-22,order:strategy_003_ma_trend_holding_days:v1:000001.SZ:2024-07-19:entry:2024-07-22,000001.SZ,buy,900,12.39,2024-07-22,11148.85,5.00,0.00,0.00,5.00,-11153.85
trade:order:strategy_003_ma_trend_holding_days:v1:000002.SZ:2024-07-19:entry:2024-07-22,order:strategy_003_ma_trend_holding_days:v1:000002.SZ:2024-07-19:entry:2024-07-22,000002.SZ,buy,1000,11.97,2024-07-22,11972.12,5.00,0.00,0.00,5.00,-11977.12
trade:order:strategy_003_ma_trend_holding_days:v1:601318.SH:2024-07-19:entry:2024-07-22,order:strategy_003_ma_trend_holding_days:v1:601318.SH:2024-07-19:entry:2024-07-22,601318.SH,buy,1000,11.64,2024-07-22,11641.08,5.00,0.00,0.00,5.00,-11646.08
trade:order:strategy_003_ma_trend_holding_days:v1:000001.SZ:2024-07-22:entry:2024-07-23,order:strategy_003_ma_trend_holding_days:v1:000001.SZ:2024-07-22:entry:2024-07-23,000001.SZ,buy,400,12.33,2024-07-23,4931.91,5.00,0.00,0.00,5.00,-4936.91
trade:order:strategy_003_ma_trend_holding_days:v1:000002.SZ:2024-07-22:entry:2024-07-23,order:strategy_003_ma_trend_holding_days:v1:000002.SZ:2024-07-22:entry:2024-07-23,000002.SZ,buy,400,11.92,2024-07-23,4766.32,5.00,0.00,0.00,5.00,-4771.32
trade:order:strategy_003_ma_trend_holding_days:v1:002475.SZ:2024-07-22:entry:2024-07-23,order:strategy_003_ma_trend_holding_days:v1:002475.SZ:2024-07-22:entry:2024-07-23,002475.SZ,buy,300,13.86,2024-07-23,4157.53,5.00,0.00,0.00,5.00,-4162.53
trade:order:strategy_003_ma_trend_holding_days:v1:601318.SH:2024-07-22:exit:2024-07-23,order:strategy_003_ma_trend_holding_days:v1:601318.SH:2024-07-22:exit:2024-07-23,601318.SH,sell,900,11.49,2024-07-23,10339.46,5.00,10.34,0.00,15.34,10324.12
trade:order:strategy_003_ma_trend_holding_days:v1:000001.SZ:2024-07-23:entry:2024-07-24,order:strategy_003_ma_trend_holding_days:v1:000001.SZ:2024-07-23:entry:2024-07-24,000001.SZ,buy,300,12.35,2024-07-24,3704.74,5.00,0.00,0.00,5.00,-3709.74
trade:order:strategy_003_ma_trend_holding_days:v1:000002.SZ:2024-07-23:entry:2024-07-24,order:strategy_003_ma_trend_holding_days:v1:000002.SZ:2024-07-23:entry:2024-07-24,000002.SZ,buy,300,11.99,2024-07-24,3595.87,5.00,0.00,0.00,5.00,-3600.87
trade:order:strategy_003_ma_trend_holding_days:v1:002475.SZ:2024-07-23:entry:2024-07-24,order:strategy_003_ma_trend_holding_days:v1:002475.SZ:2024-07-23:entry:2024-07-24,002475.SZ,buy,300,13.70,2024-07-24,4111.03,5.00,0.00,0.00,5.00,-4116.03
trade:order:strategy_003_ma_trend_holding_days:v1:601318.SH:2024-07-23:exit:2024-07-24,order:strategy_003_ma_trend_holding_days:v1:601318.SH:2024-07-23:exit:2024-07-24,601318.SH,sell,1000,11.56,2024-07-24,11556.71,5.00,11.56,0.00,16.56,11540.15
trade:order:strategy_003_ma_trend_holding_days:v1:000002.SZ:2024-07-24:entry:2024-07-25,order:strategy_003_ma_trend_holding_days:v1:000002.SZ:2024-07-24:entry:2024-07-25,000002.SZ,buy,300,12.07,2024-07-25,3621.03,5.00,0.00,0.00,5.00,-3626.03
trade:order:strategy_003_ma_trend_holding_days:v1:002475.SZ:2024-07-24:entry:2024-07-25,order:strategy_003_ma_trend_holding_days:v1:002475.SZ:2024-07-24:entry:2024-07-25,002475.SZ,buy,300,13.59,2024-07-25,4076.74,5.00,0.00,0.00,5.00,-4081.74
trade:order:strategy_003_ma_trend_holding_days:v1:000001.SZ:2024-07-24:exit:2024-07-25,order:strategy_003_ma_trend_holding_days:v1:000001.SZ:2024-07-24:exit:2024-07-25,000001.SZ,sell,4000,12.47,2024-07-25,49866.07,14.96,49.87,0.00,64.83,49801.24
trade:order:strategy_003_ma_trend_holding_days:v1:000002.SZ:2024-07-25:entry:2024-07-26,order:strategy_003_ma_trend_holding_days:v1:000002.SZ:2024-07-25:entry:2024-07-26,000002.SZ,buy,1000,12.04,2024-07-26,12039.68,5.00,0.00,0.00,5.00,-12044.68
trade:order:strategy_003_ma_trend_holding_days:v1:002475.SZ:2024-07-25:entry:2024-07-26,order:strategy_003_ma_trend_holding_days:v1:002475.SZ:2024-07-25:entry:2024-07-26,002475.SZ,buy,900,13.69,2024-07-26,12324.70,5.00,0.00,0.00,5.00,-12329.70
trade:order:strategy_003_ma_trend_holding_days:v1:000001.SZ:2024-07-25:exit:2024-07-26,order:strategy_003_ma_trend_holding_days:v1:000001.SZ:2024-07-25:exit:2024-07-26,000001.SZ,sell,300,12.41,2024-07-26,3722.74,5.00,3.72,0.00,8.72,3714.02
trade:order:strategy_003_ma_trend_holding_days:v1:000002.SZ:2024-07-26:entry:2024-07-29,order:strategy_003_ma_trend_holding_days:v1:000002.SZ:2024-07-26:entry:2024-07-29,000002.SZ,buy,700,11.99,2024-07-29,8394.06,5.00,0.00,0.00,5.00,-8399.06
trade:order:strategy_003_ma_trend_holding_days:v1:002475.SZ:2024-07-26:exit:2024-07-29,order:strategy_003_ma_trend_holding_days:v1:002475.SZ:2024-07-26:exit:2024-07-29,002475.SZ,sell,900,13.45,2024-07-29,12105.31,5.00,12.11,0.00,17.11,12088.20
trade:order:strategy_003_ma_trend_holding_days:v1:000001.SZ:2024-07-29:entry:2024-07-30,order:strategy_003_ma_trend_holding_days:v1:000001.SZ:2024-07-29:entry:2024-07-30,000001.SZ,buy,700,12.92,2024-07-30,9040.55,5.00,0.00,0.00,5.00,-9045.55
trade:order:strategy_003_ma_trend_holding_days:v1:000002.SZ:2024-07-29:entry:2024-07-30,order:strategy_003_ma_trend_holding_days:v1:000002.SZ:2024-07-29:entry:2024-07-30,000002.SZ,buy,700,12.55,2024-07-30,8785.85,5.00,0.00,0.00,5.00,-8790.85
trade:order:strategy_003_ma_trend_holding_days:v1:002475.SZ:2024-07-29:exit:2024-07-30,order:strategy_003_ma_trend_holding_days:v1:002475.SZ:2024-07-29:exit:2024-07-30,002475.SZ,sell,900,14.37,2024-07-30,12935.86,5.00,12.94,0.00,17.94,12917.92
trade:order:strategy_003_ma_trend_holding_days:v1:000001.SZ:2024-07-30:entry:2024-07-31,order:strategy_003_ma_trend_holding_days:v1:000001.SZ:2024-07-30:entry:2024-07-31,000001.SZ,buy,600,12.28,2024-07-31,7368.31,5.00,0.00,0.00,5.00,-7373.31
trade:order:strategy_003_ma_trend_holding_days:v1:000002.SZ:2024-07-30:entry:2024-07-31,order:strategy_003_ma_trend_holding_days:v1:000002.SZ:2024-07-30:entry:2024-07-31,000002.SZ,buy,600,12.06,2024-07-31,7233.56,5.00,0.00,0.00,5.00,-7238.56
trade:order:strategy_003_ma_trend_holding_days:v1:600519.SH:2024-07-30:entry:2024-07-31,order:strategy_003_ma_trend_holding_days:v1:600519.SH:2024-07-30:entry:2024-07-31,600519.SH,buy,700,11.02,2024-07-31,7714.10,5.00,0.00,0.00,5.00,-7719.10
trade:order:strategy_003_ma_trend_holding_days:v1:600036.SH:2024-07-30:entry:2024-07-31,order:strategy_003_ma_trend_holding_days:v1:600036.SH:2024-07-30:entry:2024-07-31,600036.SH,buy,600,11.40,2024-07-31,6837.37,5.00,0.00,0.00,5.00,-6842.37
trade:order:strategy_003_ma_trend_holding_days:v1:300750.SZ:2024-07-30:entry:2024-07-31,order:strategy_003_ma_trend_holding_days:v1:300750.SZ:2024-07-30:entry:2024-07-31,300750.SZ,buy,600,12.42,2024-07-31,7450.79,5.00,0.00,0.00,5.00,-7455.79
trade:order:strategy_003_ma_trend_holding_days:v1:601318.SH:2024-07-30:entry:2024-07-31,order:strategy_003_ma_trend_holding_days:v1:601318.SH:2024-07-30:entry:2024-07-31,601318.SH,buy,500,11.40,2024-07-31,5700.99,5.00,0.00,0.00,5.00,-5705.99
trade:order:strategy_003_ma_trend_holding_days:v1:000001.SZ:2024-07-31:exit:2024-08-01,order:strategy_003_ma_trend_holding_days:v1:000001.SZ:2024-07-31:exit:2024-08-01,000001.SZ,sell,700,12.36,2024-08-01,8649.11,5.00,8.65,0.00,13.65,8635.46
trade:order:strategy_003_ma_trend_holding_days:v1:000002.SZ:2024-08-01:exit:2024-08-02,order:strategy_003_ma_trend_holding_days:v1:000002.SZ:2024-08-01:exit:2024-08-02,000002.SZ,sell,6300,11.99,2024-08-02,75526.00,22.66,75.53,0.00,98.18,75427.82
trade:order:strategy_003_ma_trend_holding_days:v1:000001.SZ:2024-08-01:exit:2024-08-02,order:strategy_003_ma_trend_holding_days:v1:000001.SZ:2024-08-01:exit:2024-08-02,000001.SZ,sell,600,12.41,2024-08-02,7444.49,5.00,7.44,0.00,12.44,7432.04
trade:order:strategy_003_ma_trend_holding_days:v1:600519.SH:2024-08-01:exit:2024-08-02,order:strategy_003_ma_trend_holding_days:v1:600519.SH:2024-08-01:exit:2024-08-02,600519.SH,sell,700,10.89,2024-08-02,7624.02,5.00,7.62,0.00,12.62,7611.40
trade:order:strategy_003_ma_trend_holding_days:v1:600036.SH:2024-08-01:exit:2024-08-02,order:strategy_003_ma_trend_holding_days:v1:600036.SH:2024-08-01:exit:2024-08-02,600036.SH,sell,600,11.34,2024-08-02,6803.97,5.00,6.80,0.00,11.80,6792.17
trade:order:strategy_003_ma_trend_holding_days:v1:300750.SZ:2024-08-01:exit:2024-08-02,order:strategy_003_ma_trend_holding_days:v1:300750.SZ:2024-08-01:exit:2024-08-02,300750.SZ,sell,600,12.57,2024-08-02,7544.06,5.00,7.54,0.00,12.54,7531.52
trade:order:strategy_003_ma_trend_holding_days:v1:601318.SH:2024-08-01:exit:2024-08-02,order:strategy_003_ma_trend_holding_days:v1:601318.SH:2024-08-01:exit:2024-08-02,601318.SH,sell,500,11.39,2024-08-02,5697.14,5.00,5.70,0.00,10.70,5686.44
trade:order:strategy_003_ma_trend_holding_days:v1:000001.SZ:2024-08-07:entry:2024-08-08,order:strategy_003_ma_trend_holding_days:v1:000001.SZ:2024-08-07:entry:2024-08-08,000001.SZ,buy,1900,12.53,2024-08-08,23812.98,7.14,0.00,0.00,7.14,-23820.13
trade:order:strategy_003_ma_trend_holding_days:v1:000001.SZ:2024-08-08:entry:2024-08-09,order:strategy_003_ma_trend_holding_days:v1:000001.SZ:2024-08-08:entry:2024-08-09,000001.SZ,buy,1500,12.48,2024-08-09,18721.97,5.62,0.00,0.00,5.62,-18727.58
trade:order:strategy_003_ma_trend_holding_days:v1:000001.SZ:2024-08-09:entry:2024-08-12,order:strategy_003_ma_trend_holding_days:v1:000001.SZ:2024-08-09:entry:2024-08-12,000001.SZ,buy,1200,12.51,2024-08-12,15007.07,5.00,0.00,0.00,5.00,-15012.07
trade:order:strategy_003_ma_trend_holding_days:v1:000001.SZ:2024-08-12:entry:2024-08-13,order:strategy_003_ma_trend_holding_days:v1:000001.SZ:2024-08-12:entry:2024-08-13,000001.SZ,buy,900,12.64,2024-08-13,11374.96,5.00,0.00,0.00,5.00,-11379.96
trade:order:strategy_003_ma_trend_holding_days:v1:002475.SZ:2024-08-12:entry:2024-08-13,order:strategy_003_ma_trend_holding_days:v1:002475.SZ:2024-08-12:entry:2024-08-13,002475.SZ,buy,900,13.85,2024-08-13,12467.56,5.00,0.00,0.00,5.00,-12472.56
trade:order:strategy_003_ma_trend_holding_days:v1:000001.SZ:2024-08-13:entry:2024-08-14,order:strategy_003_ma_trend_holding_days:v1:000001.SZ:2024-08-13:entry:2024-08-14,000001.SZ,buy,600,12.66,2024-08-14,7594.61,5.00,0.00,0.00,5.00,-7599.61
trade:order:strategy_003_ma_trend_holding_days:v1:002475.SZ:2024-08-13:entry:2024-08-14,order:strategy_003_ma_trend_holding_days:v1:002475.SZ:2024-08-13:entry:2024-08-14,002475.SZ,buy,500,13.69,2024-08-14,6845.42,5.00,0.00,0.00,5.00,-6850.42
trade:order:strategy_003_ma_trend_holding_days:v1:000001.SZ:2024-08-14:entry:2024-08-15,order:strategy_003_ma_trend_holding_days:v1:000001.SZ:2024-08-14:entry:2024-08-15,000001.SZ,buy,300,12.62,2024-08-15,3787.49,5.00,0.00,0.00,5.00,-3792.49
trade:order:strategy_003_ma_trend_holding_days:v1:002475.SZ:2024-08-14:entry:2024-08-15,order:strategy_003_ma_trend_holding_days:v1:002475.SZ:2024-08-14:entry:2024-08-15,002475.SZ,buy,300,13.81,2024-08-15,4143.74,5.00,0.00,0.00,5.00,-4148.74
trade:order:strategy_003_ma_trend_holding_days:v1:000001.SZ:2024-08-15:entry:2024-08-16,order:strategy_003_ma_trend_holding_days:v1:000001.SZ:2024-08-15:entry:2024-08-16,000001.SZ,buy,200,12.63,2024-08-16,2525.85,5.00,0.00,0.00,5.00,-2530.85
trade:order:strategy_003_ma_trend_holding_days:v1:002475.SZ:2024-08-15:entry:2024-08-16,order:strategy_003_ma_trend_holding_days:v1:002475.SZ:2024-08-15:entry:2024-08-16,002475.SZ,buy,200,13.71,2024-08-16,2742.38,5.00,0.00,0.00,5.00,-2747.38
trade:order:strategy_003_ma_trend_holding_days:v1:000001.SZ:2024-08-16:entry:2024-08-19,order:strategy_003_ma_trend_holding_days:v1:000001.SZ:2024-08-16:entry:2024-08-19,000001.SZ,buy,100,12.90,2024-08-19,1290.04,5.00,0.00,0.00,5.00,-1295.04
trade:order:strategy_003_ma_trend_holding_days:v1:002475.SZ:2024-08-16:entry:2024-08-19,order:strategy_003_ma_trend_holding_days:v1:002475.SZ:2024-08-16:entry:2024-08-19,002475.SZ,buy,100,13.69,2024-08-19,1368.77,5.00,0.00,0.00,5.00,-1373.77
trade:order:strategy_003_ma_trend_holding_days:v1:000001.SZ:2024-08-19:entry:2024-08-20,order:strategy_003_ma_trend_holding_days:v1:000001.SZ:2024-08-19:entry:2024-08-20,000001.SZ,buy,100,12.82,2024-08-20,1281.57,5.00,0.00,0.00,5.00,-1286.57
trade:order:strategy_003_ma_trend_holding_days:v1:002475.SZ:2024-08-19:exit:2024-08-20,order:strategy_003_ma_trend_holding_days:v1:002475.SZ:2024-08-19:exit:2024-08-20,002475.SZ,sell,1900,13.65,2024-08-20,25943.63,7.78,25.94,0.00,33.73,25909.91
trade:order:strategy_003_ma_trend_holding_days:v1:000001.SZ:2024-08-20:entry:2024-08-21,order:strategy_003_ma_trend_holding_days:v1:000001.SZ:2024-08-20:entry:2024-08-21,000001.SZ,buy,500,12.92,2024-08-21,6457.62,5.00,0.00,0.00,5.00,-6462.62
trade:order:strategy_003_ma_trend_holding_days:v1:002475.SZ:2024-08-20:exit:2024-08-21,order:strategy_003_ma_trend_holding_days:v1:002475.SZ:2024-08-20:exit:2024-08-21,002475.SZ,sell,100,13.55,2024-08-21,1355.36,5.00,1.36,0.00,6.36,1349.00
trade:order:strategy_003_ma_trend_holding_days:v1:000001.SZ:2024-08-21:entry:2024-08-22,order:strategy_003_ma_trend_holding_days:v1:000001.SZ:2024-08-21:entry:2024-08-22,000001.SZ,buy,400,12.85,2024-08-22,5138.45,5.00,0.00,0.00,5.00,-5143.45
trade:order:strategy_003_ma_trend_holding_days:v1:000001.SZ:2024-08-22:entry:2024-08-23,order:strategy_003_ma_trend_holding_days:v1:000001.SZ:2024-08-22:entry:2024-08-23,000001.SZ,buy,300,12.93,2024-08-23,3879.97,5.00,0.00,0.00,5.00,-3884.97
trade:order:strategy_003_ma_trend_holding_days:v1:000001.SZ:2024-08-23:exit:2024-08-26,order:strategy_003_ma_trend_holding_days:v1:000001.SZ:2024-08-23:exit:2024-08-26,000001.SZ,sell,7700,12.79,2024-08-26,98478.04,29.54,98.48,0.00,128.02,98350.02
trade:order:strategy_003_ma_trend_holding_days:v1:000002.SZ:2024-08-23:entry:2024-08-26,order:strategy_003_ma_trend_holding_days:v1:000002.SZ:2024-08-23:entry:2024-08-26,000002.SZ,buy,300,12.11,2024-08-26,3632.19,5.00,0.00,0.00,5.00,-3637.19
trade:order:strategy_003_ma_trend_holding_days:v1:000001.SZ:2024-08-26:exit:2024-08-27,order:strategy_003_ma_trend_holding_days:v1:000001.SZ:2024-08-26:exit:2024-08-27,000001.SZ,sell,300,12.85,2024-08-27,3854.33,5.00,3.85,0.00,8.85,3845.47
trade:order:strategy_003_ma_trend_holding_days:v1:000002.SZ:2024-08-26:entry:2024-08-27,order:strategy_003_ma_trend_holding_days:v1:000002.SZ:2024-08-26:entry:2024-08-27,000002.SZ,buy,1800,12.03,2024-08-27,21650.17,6.50,0.00,0.00,6.50,-21656.67
trade:order:strategy_003_ma_trend_holding_days:v1:000001.SZ:2024-08-27:entry:2024-08-28,order:strategy_003_ma_trend_holding_days:v1:000001.SZ:2024-08-27:entry:2024-08-28,000001.SZ,buy,1400,12.69,2024-08-28,17762.82,5.33,0.00,0.00,5.33,-17768.15
trade:order:strategy_003_ma_trend_holding_days:v1:000002.SZ:2024-08-27:entry:2024-08-28,order:strategy_003_ma_trend_holding_days:v1:000002.SZ:2024-08-27:entry:2024-08-28,000002.SZ,buy,1500,12.13,2024-08-28,18191.63,5.46,0.00,0.00,5.46,-18197.09
trade:order:strategy_003_ma_trend_holding_days:v1:000001.SZ:2024-08-28:entry:2024-08-29,order:strategy_003_ma_trend_holding_days:v1:000001.SZ:2024-08-28:entry:2024-08-29,000001.SZ,buy,900,12.59,2024-08-29,11333.62,5.00,0.00,0.00,5.00,-11338.62
trade:order:strategy_003_ma_trend_holding_days:v1:000002.SZ:2024-08-28:entry:2024-08-29,order:strategy_003_ma_trend_holding_days:v1:000002.SZ:2024-08-28:entry:2024-08-29,000002.SZ,buy,900,12.34,2024-08-29,11109.14,5.00,0.00,0.00,5.00,-11114.14
trade:order:strategy_003_ma_trend_holding_days:v1:000001.SZ:2024-08-29:entry:2024-08-30,order:strategy_003_ma_trend_holding_days:v1:000001.SZ:2024-08-29:entry:2024-08-30,000001.SZ,buy,500,12.76,2024-08-30,6380.37,5.00,0.00,0.00,5.00,-6385.37
trade:order:strategy_003_ma_trend_holding_days:v1:000002.SZ:2024-08-29:entry:2024-08-30,order:strategy_003_ma_trend_holding_days:v1:000002.SZ:2024-08-29:entry:2024-08-30,000002.SZ,buy,600,12.12,2024-08-30,7273.26,5.00,0.00,0.00,5.00,-7278.26
trade:order:strategy_003_ma_trend_holding_days:v1:000001.SZ:2024-08-30:entry:2024-09-02,order:strategy_003_ma_trend_holding_days:v1:000001.SZ:2024-08-30:entry:2024-09-02,000001.SZ,buy,300,12.87,2024-09-02,3860.95,5.00,0.00,0.00,5.00,-3865.95
trade:order:strategy_003_ma_trend_holding_days:v1:000002.SZ:2024-08-30:entry:2024-09-02,order:strategy_003_ma_trend_holding_days:v1:000002.SZ:2024-08-30:entry:2024-09-02,000002.SZ,buy,300,12.24,2024-09-02,3673.46,5.00,0.00,0.00,5.00,-3678.46
trade:order:strategy_003_ma_trend_holding_days:v1:000001.SZ:2024-09-02:entry:2024-09-03,order:strategy_003_ma_trend_holding_days:v1:000001.SZ:2024-09-02:entry:2024-09-03,000001.SZ,buy,200,12.87,2024-09-03,2574.73,5.00,0.00,0.00,5.00,-2579.73
trade:order:strategy_003_ma_trend_holding_days:v1:000002.SZ:2024-09-02:entry:2024-09-03,order:strategy_003_ma_trend_holding_days:v1:000002.SZ:2024-09-02:entry:2024-09-03,000002.SZ,buy,200,12.37,2024-09-03,2474.72,5.00,0.00,0.00,5.00,-2479.72
trade:order:strategy_003_ma_trend_holding_days:v1:000001.SZ:2024-09-03:entry:2024-09-04,order:strategy_003_ma_trend_holding_days:v1:000001.SZ:2024-09-03:entry:2024-09-04,000001.SZ,buy,100,12.80,2024-09-04,1279.87,5.00,0.00,0.00,5.00,-1284.87
trade:order:strategy_003_ma_trend_holding_days:v1:000002.SZ:2024-09-03:entry:2024-09-04,order:strategy_003_ma_trend_holding_days:v1:000002.SZ:2024-09-03:entry:2024-09-04,000002.SZ,buy,100,12.24,2024-09-04,1224.13,5.00,0.00,0.00,5.00,-1229.13
trade:order:strategy_003_ma_trend_holding_days:v1:000001.SZ:2024-09-04:entry:2024-09-05,order:strategy_003_ma_trend_holding_days:v1:000001.SZ:2024-09-04:entry:2024-09-05,000001.SZ,buy,100,12.85,2024-09-05,1285.49,5.00,0.00,0.00,5.00,-1290.49
trade:order:strategy_003_ma_trend_holding_days:v1:000002.SZ:2024-09-04:entry:2024-09-05,order:strategy_003_ma_trend_holding_days:v1:000002.SZ:2024-09-04:entry:2024-09-05,000002.SZ,buy,100,12.14,2024-09-05,1214.26,5.00,0.00,0.00,5.00,-1219.26
trade:order:strategy_003_ma_trend_holding_days:v1:002475.SZ:2024-09-04:entry:2024-09-05,order:strategy_003_ma_trend_holding_days:v1:002475.SZ:2024-09-04:entry:2024-09-05,002475.SZ,buy,100,13.61,2024-09-05,1361.16,5.00,0.00,0.00,5.00,-1366.16
trade:order:strategy_003_ma_trend_holding_days:v1:000001.SZ:2024-09-06:exit:2024-09-09,order:strategy_003_ma_trend_holding_days:v1:000001.SZ:2024-09-06:exit:2024-09-09,000001.SZ,sell,3500,12.82,2024-09-09,44859.33,13.46,44.86,0.00,58.32,44801.02
trade:order:strategy_003_ma_trend_holding_days:v1:000002.SZ:2024-09-09:entry:2024-09-10,order:strategy_003_ma_trend_holding_days:v1:000002.SZ:2024-09-09:entry:2024-09-10,000002.SZ,buy,700,12.33,2024-09-10,8632.86,5.00,0.00,0.00,5.00,-8637.86
trade:order:strategy_003_ma_trend_holding_days:v1:002475.SZ:2024-09-09:exit:2024-09-10,order:strategy_003_ma_trend_holding_days:v1:002475.SZ:2024-09-09:exit:2024-09-10,002475.SZ,sell,100,13.49,2024-09-10,1348.99,5.00,1.35,0.00,6.35,1342.64
trade:order:strategy_003_ma_trend_holding_days:v1:000002.SZ:2024-09-10:exit:2024-09-11,order:strategy_003_ma_trend_holding_days:v1:000002.SZ:2024-09-10:exit:2024-09-11,000002.SZ,sell,5800,12.14,2024-09-11,70401.88,21.12,70.40,0.00,91.52,70310.36
trade:order:strategy_003_ma_trend_holding_days:v1:000002.SZ:2024-09-11:exit:2024-09-12,order:strategy_003_ma_trend_holding_days:v1:000002.SZ:2024-09-11:exit:2024-09-12,000002.SZ,sell,700,12.26,2024-09-12,8580.60,5.00,8.58,0.00,13.58,8567.02
trade:order:strategy_003_ma_trend_holding_days:v1:002475.SZ:2024-09-11:entry:2024-09-12,order:strategy_003_ma_trend_holding_days:v1:002475.SZ:2024-09-11:entry:2024-09-12,002475.SZ,buy,1600,13.48,2024-09-12,21569.16,6.47,0.00,0.00,6.47,-21575.63
trade:order:strategy_003_ma_trend_holding_days:v1:000002.SZ:2024-09-12:entry:2024-09-13,order:strategy_003_ma_trend_holding_days:v1:000002.SZ:2024-09-12:entry:2024-09-13,000002.SZ,buy,1600,12.22,2024-09-13,19552.22,5.87,0.00,0.00,5.87,-19558.09
trade:order:strategy_003_ma_trend_holding_days:v1:300750.SZ:2024-09-12:entry:2024-09-13,order:strategy_003_ma_trend_holding_days:v1:300750.SZ:2024-09-12:entry:2024-09-13,300750.SZ,buy,1600,12.18,2024-09-13,19486.69,5.85,0.00,0.00,5.85,-19492.54
trade:order:strategy_003_ma_trend_holding_days:v1:002475.SZ:2024-09-12:entry:2024-09-13,order:strategy_003_ma_trend_holding_days:v1:002475.SZ:2024-09-12:entry:2024-09-13,002475.SZ,buy,1400,13.65,2024-09-13,19108.06,5.73,0.00,0.00,5.73,-19113.79
trade:order:strategy_003_ma_trend_holding_days:v1:000002.SZ:2024-09-13:entry:2024-09-16,order:strategy_003_ma_trend_holding_days:v1:000002.SZ:2024-09-13:entry:2024-09-16,000002.SZ,buy,600,12.43,2024-09-16,7455.97,5.00,0.00,0.00,5.00,-7460.97
trade:order:strategy_003_ma_trend_holding_days:v1:300750.SZ:2024-09-13:entry:2024-09-16,order:strategy_003_ma_trend_holding_days:v1:300750.SZ:2024-09-13:entry:2024-09-16,300750.SZ,buy,600,12.15,2024-09-16,7287.14,5.00,0.00,0.00,5.00,-7292.14
trade:order:strategy_003_ma_trend_holding_days:v1:002475.SZ:2024-09-13:entry:2024-09-16,order:strategy_003_ma_trend_holding_days:v1:002475.SZ:2024-09-13:entry:2024-09-16,002475.SZ,buy,600,13.51,2024-09-16,8105.57,5.00,0.00,0.00,5.00,-8110.57
trade:order:strategy_003_ma_trend_holding_days:v1:000002.SZ:2024-09-16:entry:2024-09-17,order:strategy_003_ma_trend_holding_days:v1:000002.SZ:2024-09-16:entry:2024-09-17,000002.SZ,buy,200,12.35,2024-09-17,2470.00,5.00,0.00,0.00,5.00,-2475.00
trade:order:strategy_003_ma_trend_holding_days:v1:300750.SZ:2024-09-16:entry:2024-09-17,order:strategy_003_ma_trend_holding_days:v1:300750.SZ:2024-09-16:entry:2024-09-17,300750.SZ,buy,200,12.10,2024-09-17,2420.01,5.00,0.00,0.00,5.00,-2425.01
trade:order:strategy_003_ma_trend_holding_days:v1:002475.SZ:2024-09-16:exit:2024-09-17,order:strategy_003_ma_trend_holding_days:v1:002475.SZ:2024-09-16:exit:2024-09-17,002475.SZ,sell,3000,13.62,2024-09-17,40853.16,12.26,40.85,0.00,53.11,40800.05
trade:order:strategy_003_ma_trend_holding_days:v1:000002.SZ:2024-09-17:entry:2024-09-18,order:strategy_003_ma_trend_holding_days:v1:000002.SZ:2024-09-17:entry:2024-09-18,000002.SZ,buy,800,12.47,2024-09-18,9979.23,5.00,0.00,0.00,5.00,-9984.23
trade:order:strategy_003_ma_trend_holding_days:v1:002475.SZ:2024-09-17:entry:2024-09-18,order:strategy_003_ma_trend_holding_days:v1:002475.SZ:2024-09-17:entry:2024-09-18,002475.SZ,buy,700,13.63,2024-09-18,9542.29,5.00,0.00,0.00,5.00,-9547.29
trade:order:strategy_003_ma_trend_holding_days:v1:300750.SZ:2024-09-17:exit:2024-09-18,order:strategy_003_ma_trend_holding_days:v1:300750.SZ:2024-09-17:exit:2024-09-18,300750.SZ,sell,2200,12.19,2024-09-18,26823.96,8.05,26.82,0.00,34.87,26789.08
trade:order:strategy_003_ma_trend_holding_days:v1:000002.SZ:2024-09-18:entry:2024-09-19,order:strategy_003_ma_trend_holding_days:v1:000002.SZ:2024-09-18:entry:2024-09-19,000002.SZ,buy,900,12.36,2024-09-19,11127.46,5.00,0.00,0.00,5.00,-11132.46
trade:order:strategy_003_ma_trend_holding_days:v1:300750.SZ:2024-09-18:entry:2024-09-19,order:strategy_003_ma_trend_holding_days:v1:300750.SZ:2024-09-18:entry:2024-09-19,300750.SZ,buy,1000,12.23,2024-09-19,12232.79,5.00,0.00,0.00,5.00,-12237.79
trade:order:strategy_003_ma_trend_holding_days:v1:002475.SZ:2024-09-18:entry:2024-09-19,order:strategy_003_ma_trend_holding_days:v1:002475.SZ:2024-09-18:entry:2024-09-19,002475.SZ,buy,900,13.80,2024-09-19,12417.86,5.00,0.00,0.00,5.00,-12422.86
trade:order:strategy_003_ma_trend_holding_days:v1:000002.SZ:2024-09-19:entry:2024-09-20,order:strategy_003_ma_trend_holding_days:v1:000002.SZ:2024-09-19:entry:2024-09-20,000002.SZ,buy,400,12.44,2024-09-20,4976.58,5.00,0.00,0.00,5.00,-4981.58
trade:order:strategy_003_ma_trend_holding_days:v1:002475.SZ:2024-09-19:entry:2024-09-20,order:strategy_003_ma_trend_holding_days:v1:002475.SZ:2024-09-19:entry:2024-09-20,002475.SZ,buy,300,13.75,2024-09-20,4123.87,5.00,0.00,0.00,5.00,-4128.87
trade:order:strategy_003_ma_trend_holding_days:v1:300750.SZ:2024-09-19:exit:2024-09-20,order:strategy_003_ma_trend_holding_days:v1:300750.SZ:2024-09-19:exit:2024-09-20,300750.SZ,sell,200,12.04,2024-09-20,2408.27,5.00,2.41,0.00,7.41,2400.86
trade:order:strategy_003_ma_trend_holding_days:v1:000002.SZ:2024-09-20:entry:2024-09-23,order:strategy_003_ma_trend_holding_days:v1:000002.SZ:2024-09-20:entry:2024-09-23,000002.SZ,buy,300,12.51,2024-09-23,3753.46,5.00,0.00,0.00,5.00,-3758.46
trade:order:strategy_003_ma_trend_holding_days:v1:600036.SH:2024-09-20:entry:2024-09-23,order:strategy_003_ma_trend_holding_days:v1:600036.SH:2024-09-20:entry:2024-09-23,600036.SH,buy,300,10.71,2024-09-23,3212.85,5.00,0.00,0.00,5.00,-3217.85
trade:order:strategy_003_ma_trend_holding_days:v1:002475.SZ:2024-09-20:entry:2024-09-23,order:strategy_003_ma_trend_holding_days:v1:002475.SZ:2024-09-20:entry:2024-09-23,002475.SZ,buy,200,13.69,2024-09-23,2737.18,5.00,0.00,0.00,5.00,-2742.18
trade:order:strategy_003_ma_trend_holding_days:v1:300750.SZ:2024-09-20:exit:2024-09-23,order:strategy_003_ma_trend_holding_days:v1:300750.SZ:2024-09-20:exit:2024-09-23,300750.SZ,sell,1000,12.10,2024-09-23,12104.59,5.00,12.10,0.00,17.10,12087.48
trade:order:strategy_003_ma_trend_holding_days:v1:000002.SZ:2024-09-23:entry:2024-09-24,order:strategy_003_ma_trend_holding_days:v1:000002.SZ:2024-09-23:entry:2024-09-24,000002.SZ,buy,300,12.58,2024-09-24,3774.11,5.00,0.00,0.00,5.00,-3779.11
trade:order:strategy_003_ma_trend_holding_days:v1:600036.SH:2024-09-23:entry:2024-09-24,order:strategy_003_ma_trend_holding_days:v1:600036.SH:2024-09-23:entry:2024-09-24,600036.SH,buy,300,10.64,2024-09-24,3193.29,5.00,0.00,0.00,5.00,-3198.29
trade:order:strategy_003_ma_trend_holding_days:v1:601318.SH:2024-09-23:entry:2024-09-24,order:strategy_003_ma_trend_holding_days:v1:601318.SH:2024-09-23:entry:2024-09-24,601318.SH,buy,300,10.57,2024-09-24,3170.88,5.00,0.00,0.00,5.00,-3175.88
trade:order:strategy_003_ma_trend_holding_days:v1:002475.SZ:2024-09-23:entry:2024-09-24,order:strategy_003_ma_trend_holding_days:v1:002475.SZ:2024-09-23:entry:2024-09-24,002475.SZ,buy,300,13.62,2024-09-24,4084.62,5.00,0.00,0.00,5.00,-4089.62
trade:order:strategy_003_ma_trend_holding_days:v1:000002.SZ:2024-09-24:entry:2024-09-25,order:strategy_003_ma_trend_holding_days:v1:000002.SZ:2024-09-24:entry:2024-09-25,000002.SZ,buy,100,12.46,2024-09-25,1245.79,5.00,0.00,0.00,5.00,-1250.79
trade:order:strategy_003_ma_trend_holding_days:v1:601318.SH:2024-09-24:entry:2024-09-25,order:strategy_003_ma_trend_holding_days:v1:601318.SH:2024-09-24:entry:2024-09-25,601318.SH,buy,100,10.77,2024-09-25,1076.54,5.00,0.00,0.00,5.00,-1081.54
trade:order:strategy_003_ma_trend_holding_days:v1:002475.SZ:2024-09-24:entry:2024-09-25,order:strategy_003_ma_trend_holding_days:v1:002475.SZ:2024-09-24:entry:2024-09-25,002475.SZ,buy,100,13.70,2024-09-25,1369.79,5.00,0.00,0.00,5.00,-1374.79
trade:order:strategy_003_ma_trend_holding_days:v1:600036.SH:2024-09-24:exit:2024-09-25,order:strategy_003_ma_trend_holding_days:v1:600036.SH:2024-09-24:exit:2024-09-25,600036.SH,sell,300,10.72,2024-09-25,3216.57,5.00,3.22,0.00,8.22,3208.35
trade:order:strategy_003_ma_trend_holding_days:v1:000002.SZ:2024-09-25:entry:2024-09-26,order:strategy_003_ma_trend_holding_days:v1:000002.SZ:2024-09-25:entry:2024-09-26,000002.SZ,buy,100,12.59,2024-09-26,1258.51,5.00,0.00,0.00,5.00,-1263.51
trade:order:strategy_003_ma_trend_holding_days:v1:600036.SH:2024-09-25:entry:2024-09-26,order:strategy_003_ma_trend_holding_days:v1:600036.SH:2024-09-25:entry:2024-09-26,600036.SH,buy,100,10.73,2024-09-26,1073.04,5.00,0.00,0.00,5.00,-1078.04
trade:order:strategy_003_ma_trend_holding_days:v1:601318.SH:2024-09-25:entry:2024-09-26,order:strategy_003_ma_trend_holding_days:v1:601318.SH:2024-09-25:entry:2024-09-26,601318.SH,buy,100,10.81,2024-09-26,1081.23,5.00,0.00,0.00,5.00,-1086.23
trade:order:strategy_003_ma_trend_holding_days:v1:002475.SZ:2024-09-26:exit:2024-09-27,order:strategy_003_ma_trend_holding_days:v1:002475.SZ:2024-09-26:exit:2024-09-27,002475.SZ,sell,3100,13.46,2024-09-27,41727.23,12.52,41.73,0.00,54.25,41672.98
trade:order:strategy_003_ma_trend_holding_days:v1:000002.SZ:2024-09-27:entry:2024-09-30,order:strategy_003_ma_trend_holding_days:v1:000002.SZ:2024-09-27:entry:2024-09-30,000002.SZ,buy,700,12.51,2024-09-30,8760.04,5.00,0.00,0.00,5.00,-8765.04
trade:order:strategy_003_ma_trend_holding_days:v1:600519.SH:2024-09-27:entry:2024-09-30,order:strategy_003_ma_trend_holding_days:v1:600519.SH:2024-09-27:entry:2024-09-30,600519.SH,buy,800,10.41,2024-09-30,8326.54,5.00,0.00,0.00,5.00,-8331.54
trade:order:strategy_003_ma_trend_holding_days:v1:600036.SH:2024-09-27:entry:2024-09-30,order:strategy_003_ma_trend_holding_days:v1:600036.SH:2024-09-27:entry:2024-09-30,600036.SH,buy,800,10.85,2024-09-30,8677.83,5.00,0.00,0.00,5.00,-8682.83
trade:order:strategy_003_ma_trend_holding_days:v1:601318.SH:2024-09-27:entry:2024-09-30,order:strategy_003_ma_trend_holding_days:v1:601318.SH:2024-09-27:entry:2024-09-30,601318.SH,buy,800,10.79,2024-09-30,8628.77,5.00,0.00,0.00,5.00,-8633.77
trade:order:strategy_003_ma_trend_holding_days:v1:000002.SZ:2024-09-30:exit:2024-10-01,order:strategy_003_ma_trend_holding_days:v1:000002.SZ:2024-09-30:exit:2024-10-01,000002.SZ,sell,5300,12.52,2024-10-01,66374.95,19.91,66.37,0.00,86.29,66288.66
trade:order:strategy_003_ma_trend_holding_days:v1:600519.SH:2024-09-30:entry:2024-10-01,order:strategy_003_ma_trend_holding_days:v1:600519.SH:2024-09-30:entry:2024-10-01,600519.SH,buy,100,10.40,2024-10-01,1040.05,5.00,0.00,0.00,5.00,-1045.05
trade:order:strategy_003_ma_trend_holding_days:v1:600036.SH:2024-09-30:entry:2024-10-01,order:strategy_003_ma_trend_holding_days:v1:600036.SH:2024-09-30:entry:2024-10-01,600036.SH,buy,100,10.85,2024-10-01,1084.86,5.00,0.00,0.00,5.00,-1089.86
trade:order:strategy_003_ma_trend_holding_days:v1:601318.SH:2024-09-30:entry:2024-10-01,order:strategy_003_ma_trend_holding_days:v1:601318.SH:2024-09-30:entry:2024-10-01,601318.SH,buy,100,10.67,2024-10-01,1066.92,5.00,0.00,0.00,5.00,-1071.92
trade:order:strategy_003_ma_trend_holding_days:v1:000002.SZ:2024-10-01:exit:2024-10-02,order:strategy_003_ma_trend_holding_days:v1:000002.SZ:2024-10-01:exit:2024-10-02,000002.SZ,sell,700,12.50,2024-10-02,8747.64,5.00,8.75,0.00,13.75,8733.89
trade:order:strategy_003_ma_trend_holding_days:v1:600519.SH:2024-10-01:entry:2024-10-02,order:strategy_003_ma_trend_holding_days:v1:600519.SH:2024-10-01:entry:2024-10-02,600519.SH,buy,1400,10.42,2024-10-02,14594.36,5.00,0.00,0.00,5.00,-14599.36
trade:order:strategy_003_ma_trend_holding_days:v1:600036.SH:2024-10-01:entry:2024-10-02,order:strategy_003_ma_trend_holding_days:v1:600036.SH:2024-10-01:entry:2024-10-02,600036.SH,buy,1300,10.68,2024-10-02,13886.90,5.00,0.00,0.00,5.00,-13891.90
trade:order:strategy_003_ma_trend_holding_days:v1:601318.SH:2024-10-01:entry:2024-10-02,order:strategy_003_ma_trend_holding_days:v1:601318.SH:2024-10-01:entry:2024-10-02,601318.SH,buy,1300,10.70,2024-10-02,13907.29,5.00,0.00,0.00,5.00,-13912.29
trade:order:strategy_003_ma_trend_holding_days:v1:000002.SZ:2024-10-02:entry:2024-10-03,order:strategy_003_ma_trend_holding_days:v1:000002.SZ:2024-10-02:entry:2024-10-03,000002.SZ,buy,600,12.79,2024-10-03,7674.15,5.00,0.00,0.00,5.00,-7679.15
trade:order:strategy_003_ma_trend_holding_days:v1:600519.SH:2024-10-02:entry:2024-10-03,order:strategy_003_ma_trend_holding_days:v1:600519.SH:2024-10-02:entry:2024-10-03,600519.SH,buy,700,10.28,2024-10-03,7195.02,5.00,0.00,0.00,5.00,-7200.02
trade:order:strategy_003_ma_trend_holding_days:v1:600036.SH:2024-10-02:entry:2024-10-03,order:strategy_003_ma_trend_holding_days:v1:600036.SH:2024-10-02:entry:2024-10-03,600036.SH,buy,700,10.80,2024-10-03,7561.56,5.00,0.00,0.00,5.00,-7566.56
trade:order:strategy_003_ma_trend_holding_days:v1:601318.SH:2024-10-02:entry:2024-10-03,order:strategy_003_ma_trend_holding_days:v1:601318.SH:2024-10-02:entry:2024-10-03,601318.SH,buy,700,10.78,2024-10-03,7546.54,5.00,0.00,0.00,5.00,-7551.54
trade:order:strategy_003_ma_trend_holding_days:v1:002475.SZ:2024-10-02:entry:2024-10-03,order:strategy_003_ma_trend_holding_days:v1:002475.SZ:2024-10-02:entry:2024-10-03,002475.SZ,buy,500,13.71,2024-10-03,6855.35,5.00,0.00,0.00,5.00,-6860.35
trade:order:strategy_003_ma_trend_holding_days:v1:600036.SH:2024-10-08:exit:2024-10-09,order:strategy_003_ma_trend_holding_days:v1:600036.SH:2024-10-08:exit:2024-10-09,600036.SH,sell,3300,10.88,2024-10-09,35919.70,10.78,35.92,0.00,46.70,35873.01
trade:order:strategy_003_ma_trend_holding_days:v1:000002.SZ:2024-10-09:entry:2024-10-10,order:strategy_003_ma_trend_holding_days:v1:000002.SZ:2024-10-09:entry:2024-10-10,000002.SZ,buy,600,12.86,2024-10-10,7714.04,5.00,0.00,0.00,5.00,-7719.04
trade:order:strategy_003_ma_trend_holding_days:v1:600519.SH:2024-10-09:entry:2024-10-10,order:strategy_003_ma_trend_holding_days:v1:600519.SH:2024-10-09:entry:2024-10-10,600519.SH,buy,700,10.54,2024-10-10,7379.60,5.00,0.00,0.00,5.00,-7384.60
trade:order:strategy_003_ma_trend_holding_days:v1:600036.SH:2024-10-09:entry:2024-10-10,order:strategy_003_ma_trend_holding_days:v1:600036.SH:2024-10-09:entry:2024-10-10,600036.SH,buy,700,10.81,2024-10-10,7568.55,5.00,0.00,0.00,5.00,-7573.55
trade:order:strategy_003_ma_trend_holding_days:v1:300750.SZ:2024-10-09:entry:2024-10-10,order:strategy_003_ma_trend_holding_days:v1:300750.SZ:2024-10-09:entry:2024-10-10,300750.SZ,buy,600,11.92,2024-10-10,7153.08,5.00,0.00,0.00,5.00,-7158.08
trade:order:strategy_003_ma_trend_holding_days:v1:601318.SH:2024-10-09:exit:2024-10-10,order:strategy_003_ma_trend_holding_days:v1:601318.SH:2024-10-09:exit:2024-10-10,601318.SH,sell,3400,10.86,2024-10-10,36916.24,11.07,36.92,0.00,47.99,36868.25
trade:order:strategy_003_ma_trend_holding_days:v1:002475.SZ:2024-10-09:entry:2024-10-10,order:strategy_003_ma_trend_holding_days:v1:002475.SZ:2024-10-09:entry:2024-10-10,002475.SZ,buy,500,13.70,2024-10-10,6850.13,5.00,0.00,0.00,5.00,-6855.13
trade:order:strategy_003_ma_trend_holding_days:v1:000002.SZ:2024-10-10:entry:2024-10-11,order:strategy_003_ma_trend_holding_days:v1:000002.SZ:2024-10-10:entry:2024-10-11,000002.SZ,buy,600,12.67,2024-10-11,7600.49,5.00,0.00,0.00,5.00,-7605.49
trade:order:strategy_003_ma_trend_holding_days:v1:600519.SH:2024-10-10:entry:2024-10-11,order:strategy_003_ma_trend_holding_days:v1:600519.SH:2024-10-10:entry:2024-10-11,600519.SH,buy,700,10.57,2024-10-11,7397.35,5.00,0.00,0.00,5.00,-7402.35
trade:order:strategy_003_ma_trend_holding_days:v1:600036.SH:2024-10-10:entry:2024-10-11,order:strategy_003_ma_trend_holding_days:v1:600036.SH:2024-10-10:entry:2024-10-11,600036.SH,buy,700,10.81,2024-10-11,7563.95,5.00,0.00,0.00,5.00,-7568.95
trade:order:strategy_003_ma_trend_holding_days:v1:601318.SH:2024-10-10:entry:2024-10-11,order:strategy_003_ma_trend_holding_days:v1:601318.SH:2024-10-10:entry:2024-10-11,601318.SH,buy,700,10.98,2024-10-11,7687.65,5.00,0.00,0.00,5.00,-7692.65
trade:order:strategy_003_ma_trend_holding_days:v1:002475.SZ:2024-10-10:entry:2024-10-11,order:strategy_003_ma_trend_holding_days:v1:002475.SZ:2024-10-10:entry:2024-10-11,002475.SZ,buy,500,13.62,2024-10-11,6811.69,5.00,0.00,0.00,5.00,-6816.69
trade:order:strategy_003_ma_trend_holding_days:v1:002475.SZ:2024-10-11:exit:2024-10-14,order:strategy_003_ma_trend_holding_days:v1:002475.SZ:2024-10-11:exit:2024-10-14,002475.SZ,sell,1000,13.56,2024-10-14,13561.70,5.00,13.56,0.00,18.56,13543.13
trade:order:strategy_003_ma_trend_holding_days:v1:000002.SZ:2024-10-14:entry:2024-10-15,order:strategy_003_ma_trend_holding_days:v1:000002.SZ:2024-10-14:entry:2024-10-15,000002.SZ,buy,200,12.89,2024-10-15,2578.80,5.00,0.00,0.00,5.00,-2583.80
trade:order:strategy_003_ma_trend_holding_days:v1:600519.SH:2024-10-14:entry:2024-10-15,order:strategy_003_ma_trend_holding_days:v1:600519.SH:2024-10-14:entry:2024-10-15,600519.SH,buy,200,10.57,2024-10-15,2113.44,5.00,0.00,0.00,5.00,-2118.44
trade:order:strategy_003_ma_trend_holding_days:v1:600036.SH:2024-10-14:entry:2024-10-15,order:strategy_003_ma_trend_holding_days:v1:600036.SH:2024-10-14:entry:2024-10-15,600036.SH,buy,200,11.01,2024-10-15,2202.33,5.00,0.00,0.00,5.00,-2207.33
trade:order:strategy_003_ma_trend_holding_days:v1:300750.SZ:2024-10-14:entry:2024-10-15,order:strategy_003_ma_trend_holding_days:v1:300750.SZ:2024-10-14:entry:2024-10-15,300750.SZ,buy,200,12.27,2024-10-15,2453.72,5.00,0.00,0.00,5.00,-2458.72
trade:order:strategy_003_ma_trend_holding_days:v1:601318.SH:2024-10-14:entry:2024-10-15,order:strategy_003_ma_trend_holding_days:v1:601318.SH:2024-10-14:entry:2024-10-15,601318.SH,buy,200,10.93,2024-10-15,2186.08,5.00,0.00,0.00,5.00,-2191.08
trade:order:strategy_003_ma_trend_holding_days:v1:002475.SZ:2024-10-14:exit:2024-10-15,order:strategy_003_ma_trend_holding_days:v1:002475.SZ:2024-10-14:exit:2024-10-15,002475.SZ,sell,500,13.36,2024-10-15,6678.21,5.00,6.68,0.00,11.68,6666.53
trade:order:strategy_003_ma_trend_holding_days:v1:000002.SZ:2024-10-15:entry:2024-10-16,order:strategy_003_ma_trend_holding_days:v1:000002.SZ:2024-10-15:entry:2024-10-16,000002.SZ,buy,100,12.95,2024-10-16,1294.91,5.00,0.00,0.00,5.00,-1299.91
trade:order:strategy_003_ma_trend_holding_days:v1:600519.SH:2024-10-15:exit:2024-10-16,order:strategy_003_ma_trend_holding_days:v1:600519.SH:2024-10-15:exit:2024-10-16,600519.SH,sell,4400,10.58,2024-10-16,46549.56,13.96,46.55,0.00,60.51,46489.05
trade:order:strategy_003_ma_trend_holding_days:v1:600036.SH:2024-10-15:entry:2024-10-16,order:strategy_003_ma_trend_holding_days:v1:600036.SH:2024-10-15:entry:2024-10-16,600036.SH,buy,100,10.99,2024-10-16,1098.88,5.00,0.00,0.00,5.00,-1103.88
trade:order:strategy_003_ma_trend_holding_days:v1:300750.SZ:2024-10-15:entry:2024-10-16,order:strategy_003_ma_trend_holding_days:v1:300750.SZ:2024-10-15:entry:2024-10-16,300750.SZ,buy,100,12.22,2024-10-16,1222.02,5.00,0.00,0.00,5.00,-1227.02
trade:order:strategy_003_ma_trend_holding_days:v1:601318.SH:2024-10-15:entry:2024-10-16,order:strategy_003_ma_trend_holding_days:v1:601318.SH:2024-10-15:entry:2024-10-16,601318.SH,buy,100,10.94,2024-10-16,1093.76,5.00,0.00,0.00,5.00,-1098.76
trade:order:strategy_003_ma_trend_holding_days:v1:000001.SZ:2024-10-16:entry:2024-10-17,order:strategy_003_ma_trend_holding_days:v1:000001.SZ:2024-10-16:entry:2024-10-17,000001.SZ,buy,800,12.52,2024-10-17,10014.36,5.00,0.00,0.00,5.00,-10019.36
trade:order:strategy_003_ma_trend_holding_days:v1:000002.SZ:2024-10-16:entry:2024-10-17,order:strategy_003_ma_trend_holding_days:v1:000002.SZ:2024-10-16:entry:2024-10-17,000002.SZ,buy,800,12.78,2024-10-17,10225.22,5.00,0.00,0.00,5.00,-10230.22
trade:order:strategy_003_ma_trend_holding_days:v1:600519.SH:2024-10-16:exit:2024-10-17,order:strategy_003_ma_trend_holding_days:v1:600519.SH:2024-10-16:exit:2024-10-17,600519.SH,sell,200,10.76,2024-10-17,2152.07,5.00,2.15,0.00,7.15,2144.92
trade:order:strategy_003_ma_trend_holding_days:v1:300750.SZ:2024-10-16:entry:2024-10-17,order:strategy_003_ma_trend_holding_days:v1:300750.SZ:2024-10-16:entry:2024-10-17,300750.SZ,buy,800,12.35,2024-10-17,9877.99,5.00,0.00,0.00,5.00,-9882.99
trade:order:strategy_003_ma_trend_holding_days:v1:601318.SH:2024-10-16:entry:2024-10-17,order:strategy_003_ma_trend_holding_days:v1:601318.SH:2024-10-16:entry:2024-10-17,601318.SH,buy,900,11.00,2024-10-17,9901.70,5.00,0.00,0.00,5.00,-9906.70
trade:order:strategy_003_ma_trend_holding_days:v1:000001.SZ:2024-10-17:entry:2024-10-18,order:strategy_003_ma_trend_holding_days:v1:000001.SZ:2024-10-17:entry:2024-10-18,000001.SZ,buy,200,12.54,2024-10-18,2507.51,5.00,0.00,0.00,5.00,-2512.51
trade:order:strategy_003_ma_trend_holding_days:v1:000002.SZ:2024-10-17:entry:2024-10-18,order:strategy_003_ma_trend_holding_days:v1:000002.SZ:2024-10-17:entry:2024-10-18,000002.SZ,buy,200,13.05,2024-10-18,2610.46,5.00,0.00,0.00,5.00,-2615.46
trade:order:strategy_003_ma_trend_holding_days:v1:600519.SH:2024-10-17:entry:2024-10-18,order:strategy_003_ma_trend_holding_days:v1:600519.SH:2024-10-17:entry:2024-10-18,600519.SH,buy,200,10.71,2024-10-18,2141.09,5.00,0.00,0.00,5.00,-2146.09
trade:order:strategy_003_ma_trend_holding_days:v1:600036.SH:2024-10-17:entry:2024-10-18,order:strategy_003_ma_trend_holding_days:v1:600036.SH:2024-10-17:entry:2024-10-18,600036.SH,buy,200,11.04,2024-10-18,2207.33,5.00,0.00,0.00,5.00,-2212.33
trade:order:strategy_003_ma_trend_holding_days:v1:300750.SZ:2024-10-17:entry:2024-10-18,order:strategy_003_ma_trend_holding_days:v1:300750.SZ:2024-10-17:entry:2024-10-18,300750.SZ,buy,200,12.36,2024-10-18,2471.29,5.00,0.00,0.00,5.00,-2476.29
trade:order:strategy_003_ma_trend_holding_days:v1:601318.SH:2024-10-17:entry:2024-10-18,order:strategy_003_ma_trend_holding_days:v1:601318.SH:2024-10-17:entry:2024-10-18,601318.SH,buy,200,11.22,2024-10-18,2243.55,5.00,0.00,0.00,5.00,-2248.55
trade:order:strategy_003_ma_trend_holding_days:v1:000002.SZ:2024-10-18:exit:2024-10-21,order:strategy_003_ma_trend_holding_days:v1:000002.SZ:2024-10-18:exit:2024-10-21,000002.SZ,sell,2900,13.09,2024-10-21,37960.26,11.39,37.96,0.00,49.35,37910.91
trade:order:strategy_003_ma_trend_holding_days:v1:000001.SZ:2024-10-21:entry:2024-10-22,order:strategy_003_ma_trend_holding_days:v1:000001.SZ:2024-10-21:entry:2024-10-22,000001.SZ,buy,600,12.65,2024-10-22,7591.82,5.00,0.00,0.00,5.00,-7596.82
trade:order:strategy_003_ma_trend_holding_days:v1:000002.SZ:2024-10-21:exit:2024-10-22,order:strategy_003_ma_trend_holding_days:v1:000002.SZ:2024-10-21:exit:2024-10-22,000002.SZ,sell,200,13.04,2024-10-22,2608.63,5.00,2.61,0.00,7.61,2601.02
trade:order:strategy_003_ma_trend_holding_days:v1:600519.SH:2024-10-21:entry:2024-10-22,order:strategy_003_ma_trend_holding_days:v1:600519.SH:2024-10-21:entry:2024-10-22,600519.SH,buy,700,10.73,2024-10-22,7511.58,5.00,0.00,0.00,5.00,-7516.58
trade:order:strategy_003_ma_trend_holding_days:v1:600036.SH:2024-10-21:entry:2024-10-22,order:strategy_003_ma_trend_holding_days:v1:600036.SH:2024-10-21:entry:2024-10-22,600036.SH,buy,600,11.04,2024-10-22,6622.86,5.00,0.00,0.00,5.00,-6627.86
trade:order:strategy_003_ma_trend_holding_days:v1:300750.SZ:2024-10-21:entry:2024-10-22,order:strategy_003_ma_trend_holding_days:v1:300750.SZ:2024-10-21:entry:2024-10-22,300750.SZ,buy,600,12.22,2024-10-22,7331.45,5.00,0.00,0.00,5.00,-7336.45
trade:order:strategy_003_ma_trend_holding_days:v1:601318.SH:2024-10-21:entry:2024-10-22,order:strategy_003_ma_trend_holding_days:v1:601318.SH:2024-10-21:entry:2024-10-22,601318.SH,buy,600,11.23,2024-10-22,6736.72,5.00,0.00,0.00,5.00,-6741.72
trade:order:strategy_003_ma_trend_holding_days:v1:000001.SZ:2024-10-23:exit:2024-10-24,order:strategy_003_ma_trend_holding_days:v1:000001.SZ:2024-10-23:exit:2024-10-24,000001.SZ,sell,1600,12.48,2024-10-24,19960.67,5.99,19.96,0.00,25.95,19934.72
trade:order:strategy_003_ma_trend_holding_days:v1:000002.SZ:2024-10-24:entry:2024-10-25,order:strategy_003_ma_trend_holding_days:v1:000002.SZ:2024-10-24:entry:2024-10-25,000002.SZ,buy,300,13.16,2024-10-25,3948.29,5.00,0.00,0.00,5.00,-3953.29
trade:order:strategy_003_ma_trend_holding_days:v1:600519.SH:2024-10-24:entry:2024-10-25,order:strategy_003_ma_trend_holding_days:v1:600519.SH:2024-10-24:entry:2024-10-25,600519.SH,buy,400,10.90,2024-10-25,4358.23,5.00,0.00,0.00,5.00,-4363.23
trade:order:strategy_003_ma_trend_holding_days:v1:600036.SH:2024-10-24:entry:2024-10-25,order:strategy_003_ma_trend_holding_days:v1:600036.SH:2024-10-24:entry:2024-10-25,600036.SH,buy,400,11.11,2024-10-25,4445.04,5.00,0.00,0.00,5.00,-4450.04
trade:order:strategy_003_ma_trend_holding_days:v1:300750.SZ:2024-10-24:entry:2024-10-25,order:strategy_003_ma_trend_holding_days:v1:300750.SZ:2024-10-24:entry:2024-10-25,300750.SZ,buy,300,12.32,2024-10-25,3695.29,5.00,0.00,0.00,5.00,-3700.29
trade:order:strategy_003_ma_trend_holding_days:v1:601318.SH:2024-10-24:entry:2024-10-25,order:strategy_003_ma_trend_holding_days:v1:601318.SH:2024-10-24:entry:2024-10-25,601318.SH,buy,400,11.25,2024-10-25,4501.14,5.00,0.00,0.00,5.00,-4506.14
trade:order:strategy_003_ma_trend_holding_days:v1:002475.SZ:2024-10-24:entry:2024-10-25,order:strategy_003_ma_trend_holding_days:v1:002475.SZ:2024-10-24:entry:2024-10-25,002475.SZ,buy,200,13.55,2024-10-25,2709.26,5.00,0.00,0.00,5.00,-2714.26
trade:order:strategy_003_ma_trend_holding_days:v1:600036.SH:2024-10-25:exit:2024-10-28,order:strategy_003_ma_trend_holding_days:v1:600036.SH:2024-10-25:exit:2024-10-28,600036.SH,sell,2500,11.25,2024-10-28,28126.58,8.44,28.13,0.00,36.56,28090.02
trade:order:strategy_003_ma_trend_holding_days:v1:300750.SZ:2024-10-25:exit:2024-10-28,order:strategy_003_ma_trend_holding_days:v1:300750.SZ:2024-10-25:exit:2024-10-28,300750.SZ,sell,2500,12.21,2024-10-28,30528.53,9.16,30.53,0.00,39.69,30488.84
trade:order:strategy_003_ma_trend_holding_days:v1:000001.SZ:2024-10-28:entry:2024-10-29,order:strategy_003_ma_trend_holding_days:v1:000001.SZ:2024-10-28:entry:2024-10-29,000001.SZ,buy,900,12.60,2024-10-29,11341.72,5.00,0.00,0.00,5.00,-11346.72
trade:order:strategy_003_ma_trend_holding_days:v1:000002.SZ:2024-10-28:entry:2024-10-29,order:strategy_003_ma_trend_holding_days:v1:000002.SZ:2024-10-28:entry:2024-10-29,000002.SZ,buy,900,13.07,2024-10-29,11764.67,5.00,0.00,0.00,5.00,-11769.67
trade:order:strategy_003_ma_trend_holding_days:v1:600519.SH:2024-10-28:entry:2024-10-29,order:strategy_003_ma_trend_holding_days:v1:600519.SH:2024-10-28:entry:2024-10-29,600519.SH,buy,1000,10.93,2024-10-29,10929.85,5.00,0.00,0.00,5.00,-10934.85
trade:order:strategy_003_ma_trend_holding_days:v1:600036.SH:2024-10-28:exit:2024-10-29,order:strategy_003_ma_trend_holding_days:v1:600036.SH:2024-10-28:exit:2024-10-29,600036.SH,sell,400,11.39,2024-10-29,4555.48,5.00,4.56,0.00,9.56,4545.93
trade:order:strategy_003_ma_trend_holding_days:v1:300750.SZ:2024-10-28:exit:2024-10-29,order:strategy_003_ma_trend_holding_days:v1:300750.SZ:2024-10-28:exit:2024-10-29,300750.SZ,sell,300,12.32,2024-10-29,3695.77,5.00,3.70,0.00,8.70,3687.08
trade:order:strategy_003_ma_trend_holding_days:v1:601318.SH:2024-10-28:exit:2024-10-29,order:strategy_003_ma_trend_holding_days:v1:601318.SH:2024-10-28:exit:2024-10-29,601318.SH,sell,3100,11.44,2024-10-29,35454.49,10.64,35.45,0.00,46.09,35408.40
trade:order:strategy_003_ma_trend_holding_days:v1:002475.SZ:2024-10-28:exit:2024-10-29,order:strategy_003_ma_trend_holding_days:v1:002475.SZ:2024-10-28:exit:2024-10-29,002475.SZ,sell,200,13.57,2024-10-29,2713.70,5.00,2.71,0.00,7.71,2705.99
trade:order:strategy_003_ma_trend_holding_days:v1:000001.SZ:2024-10-29:entry:2024-10-30,order:strategy_003_ma_trend_holding_days:v1:000001.SZ:2024-10-29:entry:2024-10-30,000001.SZ,buy,1100,12.53,2024-10-30,13778.95,5.00,0.00,0.00,5.00,-13783.95
trade:order:strategy_003_ma_trend_holding_days:v1:000002.SZ:2024-10-29:entry:2024-10-30,order:strategy_003_ma_trend_holding_days:v1:000002.SZ:2024-10-29:entry:2024-10-30,000002.SZ,buy,1100,13.07,2024-10-30,14373.56,5.00,0.00,0.00,5.00,-14378.56
trade:order:strategy_003_ma_trend_holding_days:v1:600519.SH:2024-10-29:entry:2024-10-30,order:strategy_003_ma_trend_holding_days:v1:600519.SH:2024-10-29:entry:2024-10-30,600519.SH,buy,1300,11.10,2024-10-30,14431.78,5.00,0.00,0.00,5.00,-14436.78
trade:order:strategy_003_ma_trend_holding_days:v1:600036.SH:2024-10-29:entry:2024-10-30,order:strategy_003_ma_trend_holding_days:v1:600036.SH:2024-10-29:entry:2024-10-30,600036.SH,buy,1200,11.28,2024-10-30,13535.75,5.00,0.00,0.00,5.00,-13540.75
trade:order:strategy_003_ma_trend_holding_days:v1:300750.SZ:2024-10-29:entry:2024-10-30,order:strategy_003_ma_trend_holding_days:v1:300750.SZ:2024-10-29:entry:2024-10-30,300750.SZ,buy,1100,12.36,2024-10-30,13593.17,5.00,0.00,0.00,5.00,-13598.17
trade:order:strategy_003_ma_trend_holding_days:v1:601318.SH:2024-10-29:entry:2024-10-30,order:strategy_003_ma_trend_holding_days:v1:601318.SH:2024-10-29:entry:2024-10-30,601318.SH,buy,100,11.52,2024-10-30,1151.76,5.00,0.00,0.00,5.00,-1156.76
trade:order:strategy_003_ma_trend_holding_days:v1:600519.SH:2024-11-04:exit:2024-11-05,order:strategy_003_ma_trend_holding_days:v1:600519.SH:2024-11-04:exit:2024-11-05,600519.SH,sell,3600,11.21,2024-11-05,40350.37,12.11,40.35,0.00,52.46,40297.91
trade:order:strategy_003_ma_trend_holding_days:v1:000001.SZ:2024-11-05:entry:2024-11-06,order:strategy_003_ma_trend_holding_days:v1:000001.SZ:2024-11-05:entry:2024-11-06,000001.SZ,buy,600,12.80,2024-11-06,7681.45,5.00,0.00,0.00,5.00,-7686.45
trade:order:strategy_003_ma_trend_holding_days:v1:000002.SZ:2024-11-05:entry:2024-11-06,order:strategy_003_ma_trend_holding_days:v1:000002.SZ:2024-11-05:entry:2024-11-06,000002.SZ,buy,600,13.04,2024-11-06,7821.15,5.00,0.00,0.00,5.00,-7826.15
trade:order:strategy_003_ma_trend_holding_days:v1:600519.SH:2024-11-05:entry:2024-11-06,order:strategy_003_ma_trend_holding_days:v1:600519.SH:2024-11-05:entry:2024-11-06,600519.SH,buy,700,11.32,2024-11-06,7923.23,5.00,0.00,0.00,5.00,-7928.23
trade:order:strategy_003_ma_trend_holding_days:v1:600036.SH:2024-11-05:entry:2024-11-06,order:strategy_003_ma_trend_holding_days:v1:600036.SH:2024-11-05:entry:2024-11-06,600036.SH,buy,700,11.65,2024-11-06,8156.26,5.00,0.00,0.00,5.00,-8161.26
trade:order:strategy_003_ma_trend_holding_days:v1:300750.SZ:2024-11-05:entry:2024-11-06,order:strategy_003_ma_trend_holding_days:v1:300750.SZ:2024-11-05:entry:2024-11-06,300750.SZ,buy,600,12.52,2024-11-06,7514.71,5.00,0.00,0.00,5.00,-7519.71
trade:order:strategy_003_ma_trend_holding_days:v1:601318.SH:2024-11-05:entry:2024-11-06,order:strategy_003_ma_trend_holding_days:v1:601318.SH:2024-11-05:entry:2024-11-06,601318.SH,buy,100,11.57,2024-11-06,1157.44,5.00,0.00,0.00,5.00,-1162.44
trade:order:strategy_003_ma_trend_holding_days:v1:000002.SZ:2024-11-06:exit:2024-11-07,order:strategy_003_ma_trend_holding_days:v1:000002.SZ:2024-11-06:exit:2024-11-07,000002.SZ,sell,2300,13.01,2024-11-07,29915.40,8.97,29.92,0.00,38.89,29876.51
trade:order:strategy_003_ma_trend_holding_days:v1:000001.SZ:2024-11-07:entry:2024-11-08,order:strategy_003_ma_trend_holding_days:v1:000001.SZ:2024-11-07:entry:2024-11-08,000001.SZ,buy,400,12.78,2024-11-08,5111.83,5.00,0.00,0.00,5.00,-5116.83
trade:order:strategy_003_ma_trend_holding_days:v1:000002.SZ:2024-11-07:entry:2024-11-08,order:strategy_003_ma_trend_holding_days:v1:000002.SZ:2024-11-07:entry:2024-11-08,000002.SZ,buy,400,12.93,2024-11-08,5170.24,5.00,0.00,0.00,5.00,-5175.24
trade:order:strategy_003_ma_trend_holding_days:v1:600519.SH:2024-11-07:entry:2024-11-08,order:strategy_003_ma_trend_holding_days:v1:600519.SH:2024-11-07:entry:2024-11-08,600519.SH,buy,500,11.33,2024-11-08,5665.73,5.00,0.00,0.00,5.00,-5670.73
trade:order:strategy_003_ma_trend_holding_days:v1:600036.SH:2024-11-07:entry:2024-11-08,order:strategy_003_ma_trend_holding_days:v1:600036.SH:2024-11-07:entry:2024-11-08,600036.SH,buy,500,11.76,2024-11-08,5878.76,5.00,0.00,0.00,5.00,-5883.76
trade:order:strategy_003_ma_trend_holding_days:v1:300750.SZ:2024-11-07:entry:2024-11-08,order:strategy_003_ma_trend_holding_days:v1:300750.SZ:2024-11-07:entry:2024-11-08,300750.SZ,buy,400,12.48,2024-11-08,4992.63,5.00,0.00,0.00,5.00,-4997.63
trade:order:strategy_003_ma_trend_holding_days:v1:601318.SH:2024-11-07:entry:2024-11-08,order:strategy_003_ma_trend_holding_days:v1:601318.SH:2024-11-07:entry:2024-11-08,601318.SH,buy,300,11.65,2024-11-08,3494.51,5.00,0.00,0.00,5.00,-3499.51
trade:order:strategy_003_ma_trend_holding_days:v1:000002.SZ:2024-11-08:exit:2024-11-11,order:strategy_003_ma_trend_holding_days:v1:000002.SZ:2024-11-08:exit:2024-11-11,000002.SZ,sell,600,12.90,2024-11-11,7737.28,5.00,7.74,0.00,12.74,7724.55
trade:order:strategy_003_ma_trend_holding_days:v1:000001.SZ:2024-11-11:entry:2024-11-12,order:strategy_003_ma_trend_holding_days:v1:000001.SZ:2024-11-11:entry:2024-11-12,000001.SZ,buy,100,12.60,2024-11-12,1260.25,5.00,0.00,0.00,5.00,-1265.25
trade:order:strategy_003_ma_trend_holding_days:v1:600519.SH:2024-11-11:entry:2024-11-12,order:strategy_003_ma_trend_holding_days:v1:600519.SH:2024-11-11:entry:2024-11-12,600519.SH,buy,100,11.51,2024-11-12,1150.65,5.00,0.00,0.00,5.00,-1155.65
trade:order:strategy_003_ma_trend_holding_days:v1:600036.SH:2024-11-11:entry:2024-11-12,order:strategy_003_ma_trend_holding_days:v1:600036.SH:2024-11-11:entry:2024-11-12,600036.SH,buy,100,11.78,2024-11-12,1177.91,5.00,0.00,0.00,5.00,-1182.91
trade:order:strategy_003_ma_trend_holding_days:v1:300750.SZ:2024-11-11:entry:2024-11-12,order:strategy_003_ma_trend_holding_days:v1:300750.SZ:2024-11-11:entry:2024-11-12,300750.SZ,buy,100,12.31,2024-11-12,1230.69,5.00,0.00,0.00,5.00,-1235.69
trade:order:strategy_003_ma_trend_holding_days:v1:601318.SH:2024-11-11:entry:2024-11-12,order:strategy_003_ma_trend_holding_days:v1:601318.SH:2024-11-11:entry:2024-11-12,601318.SH,buy,100,11.84,2024-11-12,1183.79,5.00,0.00,0.00,5.00,-1188.79
trade:order:strategy_003_ma_trend_holding_days:v1:002475.SZ:2024-11-11:entry:2024-11-12,order:strategy_003_ma_trend_holding_days:v1:002475.SZ:2024-11-11:entry:2024-11-12,002475.SZ,buy,100,13.45,2024-11-12,1345.07,5.00,0.00,0.00,5.00,-1350.07
trade:order:strategy_003_ma_trend_holding_days:v1:000002.SZ:2024-11-11:exit:2024-11-12,order:strategy_003_ma_trend_holding_days:v1:000002.SZ:2024-11-11:exit:2024-11-12,000002.SZ,sell,400,12.92,2024-11-12,5166.59,5.00,5.17,0.00,10.17,5156.43
trade:order:strategy_003_ma_trend_holding_days:v1:300750.SZ:2024-11-12:exit:2024-11-13,order:strategy_003_ma_trend_holding_days:v1:300750.SZ:2024-11-12:exit:2024-11-13,300750.SZ,sell,2100,12.44,2024-11-13,26124.49,7.84,26.12,0.00,33.96,26090.53
