event_type,symbol,signal_id,intended_execution_date,reason,requested_quantity,generated_quantity,sellable_quantity,total_quantity
zero_quantity,000001.SZ,diagnostic_always_buy_holding_exit:v1:000001.SZ:2023-01-12:entry,2023-01-13,insufficient_capital_for_one_lot,,,,
zero_quantity,000002.SZ,diagnostic_always_buy_holding_exit:v1:000002.SZ:2023-01-12:entry,2023-01-13,insufficient_capital_for_one_lot,,,,
zero_quantity,600000.SH,diagnostic_always_buy_holding_exit:v1:600000.SH:2023-01-12:entry,2023-01-13,insufficient_capital_for_one_lot,,,,
zero_quantity,000001.SZ,diagnostic_always_buy_holding_exit:v1:000001.SZ:2023-01-13:entry,2023-01-16,insufficient_capital_for_one_lot,,,,
zero_quantity,000002.SZ,diagnostic_always_buy_holding_exit:v1:000002.SZ:2023-01-13:entry,2023-01-16,insufficient_capital_for_one_lot,,,,
zero_quantity,600000.SH,diagnostic_always_buy_holding_exit:v1:600000.SH:2023-01-13:entry,2023-01-16,insufficient_capital_for_one_lot,,,,
zero_quantity,000001.SZ,diagnostic_always_buy_holding_exit:v1:000001.SZ:2023-01-16:entry,2023-01-17,insufficient_capital_for_one_lot,,,,
zero_quantity,000002.SZ,diagnostic_always_buy_holding_exit:v1:000002.SZ:2023-01-16:entry,2023-01-17,insufficient_capital_for_one_lot,,,,
zero_quantity,600000.SH,diagnostic_always_buy_holding_exit:v1:600000.SH:2023-01-16:entry,2023-01-17,insufficient_capital_for_one_lot,,,,
zero_quantity,000001.SZ,diagnostic_always_buy_holding_exit:v1:000001.SZ:2023-01-17:entry,2023-01-18,insufficient_capital_for_one_lot,,,,
zero_quantity,000002.SZ,diagnostic_always_buy_holding_exit:v1:000002.SZ:2023-01-17:entry,2023-01-18,insufficient_capital_for_one_lot,,,,
zero_quantity,600000.SH,diagnostic_always_buy_holding_exit:v1:600000.SH:2023-01-17:entry,2023-01-18,insufficient_capital_for_one_lot,,,,
zero_quantity,000002.SZ,diagnostic_always_buy_holding_exit:v1:000002.SZ:2023-01-18:entry,2023-01-19,insufficient_capital_for_one_lot,,,,
zero_quantity,600000.SH,diagnostic_always_buy_holding_exit:v1:600000.SH:2023-01-18:entry,2023-01-19,insufficient_capital_for_one_lot,,,,
zero_quantity,000001.SZ,diagnostic_always_buy_holding_exit:v1:000001.SZ:2023-01-19:entry,2023-01-20,insufficient_capital_for_one_lot,,,,
zero_quantity,600000.SH,diagnostic_always_buy_holding_exit:v1:600000.SH:2023-01-19:entry,2023-01-20,insufficient_capital_for_one_lot,,,,
zero_quantity,600000.SH,diagnostic_always_buy_holding_exit:v1:600000.SH:2023-01-20:entry,2023-01-23,insufficient_capital_for_one_lot,,,,
zero_quantity,600000.SH,diagnostic_always_buy_holding_exit:v1:600000.SH:2023-01-23:entry,2023-01-24,insufficient_capital_for_one_lot,,,,
zero_quantity,600000.SH,diagnostic_always_buy_holding_exit:v1:600000.SH:2023-01-24:entry,2023-01-25,insufficient_capital_for_one_lot,,,,
zero_quantity,000002.SZ,diagnostic_always_buy_holding_exit:v1:000002.SZ:2023-01-25:entry,2023-01-26,insufficient_capital_for_one_lot,,,,
zero_quantity,600000.SH,diagnostic_always_buy_holding_exit:v1:600000.SH:2023-01-25:entry,2023-01-26,insufficient_capital_for_one_lot,,,,
zero_quantity,000002.SZ,diagnostic_always_buy_holding_exit:v1:000002.SZ:2023-01-26:entry,2023-01-27,insufficient_capital_for_one_lot,,,,
zero_quantity,600000.SH,diagnostic_always_buy_holding_exit:v1:600000.SH:2023-01-26:entry,2023-01-27,insufficient_capital_for_one_lot,,,,
zero_quantity,600000.SH,diagnostic_always_buy_holding_exit:v1:600000.SH:2023-01-27:entry,2023-01-30,insufficient_capital_for_one_lot,,,,
zero_quantity,600000.SH,diagnostic_always_buy_holding_exit:v1:600000.SH:2023-01-30:entry,2023-01-31,insufficient_capital_for_one_lot,,,,
zero_quantity,000001.SZ,diagnostic_always_buy_holding_exit:v1:000001.SZ:2023-01-31:entry,2023-02-01,insufficient_capital_for_one_lot,,,,
zero_quantity,600000.SH,diagnostic_always_buy_holding_exit:v1:600000.SH:2023-01-31:entry,2023-02-01,insufficient_capital_for_one_lot,,,,
zero_quantity,000001.SZ,diagnostic_always_buy_holding_exit:v1:000001.SZ:2023-02-01:entry,2023-02-02,insufficient_capital_for_one_lot,,,,
zero_quantity,600000.SH,diagnostic_always_buy_holding_exit:v1:600000.SH:2023-02-01:entry,2023-02-02,insufficient_capital_for_one_lot,,,,
zero_quantity,000001.SZ,diagnostic_always_buy_holding_exit:v1:000001.SZ:2023-02-02:entry,2023-02-03,insufficient_capital_for_one_lot,,,,
zero_quantity,000002.SZ,diagnostic_always_buy_holding_exit:v1:000002.SZ:2023-02-02:entry,2023-02-03,insufficient_capital_for_one_lot,,,,
zero_quantity,600000.SH,diagnostic_always_buy_holding_exit:v1:600000.SH:2023-02-02:entry,2023-02-03,insufficient_capital_for_one_lot,,,,
zero_quantity,000002.SZ,diagnostic_always_buy_holding_exit:v1:000002.SZ:2023-02-03:entry,2023-02-06,insufficient_capital_for_one_lot,,,,
zero_quantity,600000.SH,diagnostic_always_buy_holding_exit:v1:600000.SH:2023-02-03:entry,2023-02-06,insufficient_capital_for_one_lot,,,,
zero_quantity,000002.SZ,diagnostic_always_buy_holding_exit:v1:000002.SZ:2023-02-06:entry,2023-02-07,insufficient_capital_for_one_lot,,,,
zero_quantity,600000.SH,diagnostic_always_buy_holding_exit:v1:600000.SH:2023-02-06:entry,2023-02-07,insufficient_capital_for_one_lot,,,,
zero_quantity,000002.SZ,diagnostic_always_buy_holding_exit:v1:000002.SZ:2023-02-07:entry,2023-02-08,insufficient_capital_for_one_lot,,,,
zero_quantity,600000.SH,diagnostic_always_buy_holding_exit:v1:600000.SH:2023-02-07:entry,2023-02-08,insufficient_capital_for_one_lot,,,,
zero_quantity,000002.SZ,diagnostic_always_buy_holding_exit:v1:000002.SZ:2023-02-08:entry,2023-02-09,insufficient_capital_for_one_lot,,,,
zero_quantity,600000.SH,diagnostic_always_buy_holding_exit:v1:600000.SH:2023-02-08:entry,2023-02-09,insufficient_capital_for_one_lot,,,,
zero_quantity,000002.SZ,diagnostic_always_buy_holding_exit:v1:000002.SZ:2023-02-09:entry,2023-02-10,insufficient_capital_for_one_lot,,,,
zero_quantity,600000.SH,diagnostic_always_buy_holding_exit:v1:600000.SH:2023-02-09:entry,2023-02-10,insufficient_capital_for_one_lot,,,,
zero_quantity,000002.SZ,diagnostic_always_buy_holding_exit:v1:000002.SZ:2023-02-10:entry,2023-02-13,insufficient_capital_for_one_lot,,,,
zero_quantity,600000.SH,diagnostic_always_buy_holding_exit:v1:600000.SH:2023-02-10:entry,2023-02-13,insufficient_capital_for_one_lot,,,,
zero_quantity,000002.SZ,diagnostic_always_buy_holding_exit:v1:000002.SZ:2023-02-13:entry,2023-02-14,insufficient_capital_for_one_lot,,,,
zero_quantity,600000.SH,diagnostic_always_buy_holding_exit:v1:600000.SH:2023-02-13:entry,2023-02-14,insufficient_capital_for_one_lot,,,,
zero_quantity,600000.SH,diagnostic_always_buy_holding_exit:v1:600000.SH:2023-02-14:entry,2023-02-15,insufficient_capital_for_one_lot,,,,
zero_quantity,000001.SZ,diagnostic_always_buy_holding_exit:v1:000001.SZ:2023-02-15:entry,2023-02-16,insufficient_capital_for_one_lot,,,,
zero_quantity,000002.SZ,diagnostic_always_buy_holding_exit:v1:000002.SZ:2023-02-15:entry,2023-02-16,insufficient_capital_for_one_lot,,,,
zero_quantity,600000.SH,diagnostic_always_buy_holding_exit:v1:600000.SH:2023-02-15:entry,2023-02-16,insufficient_capital_for_one_lot,,,,
zero_quantity,000001.SZ,diagnostic_always_buy_holding_exit:v1:000001.SZ:2023-02-16:entry,2023-02-17,insufficient_capital_for_one_lot,,,,
zero_quantity,000002.SZ,diagnostic_always_buy_holding_exit:v1:000002.SZ:2023-02-16:entry,2023-02-17,insufficient_capital_for_one_lot,,,,
zero_quantity,000002.SZ,diagnostic_always_buy_holding_exit:v1:000002.SZ:2023-02-17:entry,2023-02-20,insufficient_capital_for_one_lot,,,,
zero_quantity,000001.SZ,diagnostic_always_buy_holding_exit:v1:000001.SZ:2023-02-20:entry,2023-02-21,insufficient_capital_for_one_lot,,,,
zero_quantity,000002.SZ,diagnostic_always_buy_holding_exit:v1:000002.SZ:2023-02-20:entry,2023-02-21,insufficient_capital_for_one_lot,,,,
zero_quantity,000002.SZ,diagnostic_always_buy_holding_exit:v1:000002.SZ:2023-02-21:entry,2023-02-22,insufficient_capital_for_one_lot,,,,
zero_quantity,600000.SH,diagnostic_always_buy_holding_exit:v1:600000.SH:2023-02-21:entry,2023-02-22,insufficient_capital_for_one_lot,,,,
zero_quantity,600000.SH,diagnostic_always_buy_holding_exit:v1:600000.SH:2023-02-22:entry,2023-02-23,insufficient_capital_for_one_lot,,,,
zero_quantity,000002.SZ,diagnostic_always_buy_holding_exit:v1:000002.SZ:2023-02-23:entry,2023-02-24,insufficient_capital_for_one_lot,,,,
zero_quantity,600000.SH,diagnostic_always_buy_holding_exit:v1:600000.SH:2023-02-23:entry,2023-02-24,insufficient_capital_for_one_lot,,,,
zero_quantity,000002.SZ,diagnostic_always_buy_holding_exit:v1:000002.SZ:2023-02-24:entry,2023-02-27,insufficient_capital_for_one_lot,,,,
zero_quantity,600000.SH,diagnostic_always_buy_holding_exit:v1:600000.SH:2023-02-24:entry,2023-02-27,insufficient_capital_for_one_lot,,,,
zero_quantity,000002.SZ,diagnostic_always_buy_holding_exit:v1:000002.SZ:2023-02-27:entry,2023-02-28,insufficient_capital_for_one_lot,,,,
zero_quantity,600000.SH,diagnostic_always_buy_holding_exit:v1:600000.SH:2023-02-27:entry,2023-02-28,insufficient_capital_for_one_lot,,,,
zero_quantity,000001.SZ,diagnostic_always_buy_holding_exit:v1:000001.SZ:2023-02-28:entry,2023-03-01,insufficient_capital_for_one_lot,,,,
zero_quantity,000002.SZ,diagnostic_always_buy_holding_exit:v1:000002.SZ:2023-02-28:entry,2023-03-01,insufficient_capital_for_one_lot,,,,
zero_quantity,600000.SH,diagnostic_always_buy_holding_exit:v1:600000.SH:2023-02-28:entry,2023-03-01,insufficient_capital_for_one_lot,,,,
zero_quantity,000001.SZ,diagnostic_always_buy_holding_exit:v1:000001.SZ:2023-03-01:entry,2023-03-02,insufficient_capital_for_one_lot,,,,
zero_quantity,000002.SZ,diagnostic_always_buy_holding_exit:v1:000002.SZ:2023-03-01:entry,2023-03-02,insufficient_capital_for_one_lot,,,,
zero_quantity,600000.SH,diagnostic_always_buy_holding_exit:v1:600000.SH:2023-03-01:entry,2023-03-02,insufficient_capital_for_one_lot,,,,
zero_quantity,000001.SZ,diagnostic_always_buy_holding_exit:v1:000001.SZ:2023-03-02:entry,2023-03-03,insufficient_capital_for_one_lot,,,,
zero_quantity,000002.SZ,diagnostic_always_buy_holding_exit:v1:000002.SZ:2023-03-02:entry,2023-03-03,insufficient_capital_for_one_lot,,,,
zero_quantity,600000.SH,diagnostic_always_buy_holding_exit:v1:600000.SH:2023-03-02:entry,2023-03-03,insufficient_capital_for_one_lot,,,,
zero_quantity,000001.SZ,diagnostic_always_buy_holding_exit:v1:000001.SZ:2023-03-03:entry,2023-03-06,insufficient_capital_for_one_lot,,,,
zero_quantity,000002.SZ,diagnostic_always_buy_holding_exit:v1:000002.SZ:2023-03-03:entry,2023-03-06,insufficient_capital_for_one_lot,,,,
zero_quantity,600000.SH,diagnostic_always_buy_holding_exit:v1:600000.SH:2023-03-03:entry,2023-03-06,insufficient_capital_for_one_lot,,,,
zero_quantity,000002.SZ,diagnostic_always_buy_holding_exit:v1:000002.SZ:2023-03-06:entry,2023-03-07,insufficient_capital_for_one_lot,,,,
zero_quantity,600000.SH,diagnostic_always_buy_holding_exit:v1:600000.SH:2023-03-06:entry,2023-03-07,insufficient_capital_for_one_lot,,,,
zero_quantity,000002.SZ,diagnostic_always_buy_holding_exit:v1:000002.SZ:2023-03-07:entry,2023-03-08,insufficient_capital_for_one_lot,,,,
zero_quantity,600000.SH,diagnostic_always_buy_holding_exit:v1:600000.SH:2023-03-07:entry,2023-03-08,insufficient_capital_for_one_lot,,,,
zero_quantity,600000.SH,diagnostic_always_buy_holding_exit:v1:600000.SH:2023-03-08:entry,2023-03-09,insufficient_capital_for_one_lot,,,,
zero_quantity,000001.SZ,diagnostic_always_buy_holding_exit:v1:000001.SZ:2023-03-09:entry,2023-03-10,insufficient_capital_for_one_lot,,,,
zero_quantity,000002.SZ,diagnostic_always_buy_holding_exit:v1:000002.SZ:2023-03-09:entry,2023-03-10,insufficient_capital_for_one_lot,,,,
zero_quantity,000001.SZ,diagnostic_always_buy_holding_exit:v1:000001.SZ:2023-03-10:entry,2023-03-13,insufficient_capital_for_one_lot,,,,
zero_quantity,000002.SZ,diagnostic_always_buy_holding_exit:v1:000002.SZ:2023-03-13:entry,2023-03-14,insufficient_capital_for_one_lot,,,,
zero_quantity,000002.SZ,diagnostic_always_buy_holding_exit:v1:000002.SZ:2023-03-14:entry,2023-03-15,insufficient_capital_for_one_lot,,,,
zero_quantity,600000.SH,diagnostic_always_buy_holding_exit:v1:600000.SH:2023-03-14:entry,2023-03-15,insufficient_capital_for_one_lot,,,,
zero_quantity,600000.SH,diagnostic_always_buy_holding_exit:v1:600000.SH:2023-03-15:entry,2023-03-16,insufficient_capital_for_one_lot,,,,
zero_quantity,600000.SH,diagnostic_always_buy_holding_exit:v1:600000.SH:2023-03-16:entry,2023-03-17,insufficient_capital_for_one_lot,,,,
zero_quantity,000001.SZ,diagnostic_always_buy_holding_exit:v1:000001.SZ:2023-03-17:entry,2023-03-20,insufficient_capital_for_one_lot,,,,
zero_quantity,600000.SH,diagnostic_always_buy_holding_exit:v1:600000.SH:2023-03-17:entry,2023-03-20,insufficient_capital_for_one_lot,,,,
zero_quantity,000001.SZ,diagnostic_always_buy_holding_exit:v1:000001.SZ:2023-03-20:entry,2023-03-21,insufficient_capital_for_one_lot,,,,
zero_quantity,000001.SZ,diagnostic_always_buy_holding_exit:v1:000001.SZ:2023-03-21:entry,2023-03-22,insufficient_capital_for_one_lot,,,,
zero_quantity,000001.SZ,diagnostic_always_buy_holding_exit:v1:000001.SZ:2023-03-22:entry,2023-03-23,insufficient_capital_for_one_lot,,,,
zero_quantity,000002.SZ,diagnostic_always_buy_holding_exit:v1:000002.SZ:2023-03-22:entry,2023-03-23,insufficient_capital_for_one_lot,,,,
zero_quantity,000001.SZ,diagnostic_always_buy_holding_exit:v1:000001.SZ:2023-03-23:entry,2023-03-24,insufficient_capital_for_one_lot,,,,
zero_quantity,000002.SZ,diagnostic_always_buy_holding_exit:v1:000002.SZ:2023-03-23:entry,2023-03-24,insufficient_capital_for_one_lot,,,,
zero_quantity,000001.SZ,diagnostic_always_buy_holding_exit:v1:000001.SZ:2023-03-24:entry,2023-03-27,insufficient_capital_for_one_lot,,,,
zero_quantity,000002.SZ,diagnostic_always_buy_holding_exit:v1:000002.SZ:2023-03-24:entry,2023-03-27,insufficient_capital_for_one_lot,,,,
zero_quantity,000001.SZ,diagnostic_always_buy_holding_exit:v1:000001.SZ:2023-03-27:entry,2023-03-28,insufficient_capital_for_one_lot,,,,
zero_quantity,000002.SZ,diagnostic_always_buy_holding_exit:v1:000002.SZ:2023-03-27:entry,2023-03-28,insufficient_capital_for_one_lot,,,,
zero_quantity,000001.SZ,diagnostic_always_buy_holding_exit:v1:000001.SZ:2023-03-28:entry,2023-03-29,insufficient_capital_for_one_lot,,,,
zero_quantity,000002.SZ,diagnostic_always_buy_holding_exit:v1:000002.SZ:2023-03-28:entry,2023-03-29,insufficient_capital_for_one_lot,,,,
zero_quantity,000001.SZ,diagnostic_always_buy_holding_exit:v1:000001.SZ:2023-03-29:entry,2023-03-30,insufficient_capital_for_one_lot,,,,
zero_quantity,000002.SZ,diagnostic_always_buy_holding_exit:v1:000002.SZ:2023-03-29:entry,2023-03-30,insufficient_capital_for_one_lot,,,,
zero_quantity,000002.SZ,diagnostic_always_buy_holding_exit:v1:000002.SZ:2023-03-30:entry,2023-03-31,insufficient_capital_for_one_lot,,,,
zero_quantity,000002.SZ,diagnostic_always_buy_holding_exit:v1:000002.SZ:2023-03-31:entry,2023-04-03,insufficient_capital_for_one_lot,,,,
zero_quantity,000001.SZ,diagnostic_always_buy_holding_exit:v1:000001.SZ:2023-04-04:entry,2023-04-05,insufficient_capital_for_one_lot,,,,
zero_quantity,000001.SZ,diagnostic_always_buy_holding_exit:v1:000001.SZ:2023-04-05:entry,2023-04-06,insufficient_capital_for_one_lot,,,,
zero_quantity,000001.SZ,diagnostic_always_buy_holding_exit:v1:000001.SZ:2023-04-06:entry,2023-04-07,insufficient_capital_for_one_lot,,,,
zero_quantity,000001.SZ,diagnostic_always_buy_holding_exit:v1:000001.SZ:2023-04-07:entry,2023-04-10,insufficient_capital_for_one_lot,,,,
zero_quantity,000001.SZ,diagnostic_always_buy_holding_exit:v1:000001.SZ:2023-04-10:entry,2023-04-11,insufficient_capital_for_one_lot,,,,
zero_quantity,000001.SZ,diagnostic_always_buy_holding_exit:v1:000001.SZ:2023-04-11:entry,2023-04-12,insufficient_capital_for_one_lot,,,,
zero_quantity,000001.SZ,diagnostic_always_buy_holding_exit:v1:000001.SZ:2023-04-12:entry,2023-04-13,insufficient_capital_for_one_lot,,,,
zero_quantity,000001.SZ,diagnostic_always_buy_holding_exit:v1:000001.SZ:2023-04-13:entry,2023-04-14,insufficient_capital_for_one_lot,,,,
zero_quantity,000002.SZ,diagnostic_always_buy_holding_exit:v1:000002.SZ:2023-04-13:entry,2023-04-14,insufficient_capital_for_one_lot,,,,
zero_quantity,000001.SZ,diagnostic_always_buy_holding_exit:v1:000001.SZ:2023-04-14:entry,2023-04-17,insufficient_capital_for_one_lot,,,,
zero_quantity,000002.SZ,diagnostic_always_buy_holding_exit:v1:000002.SZ:2023-04-14:entry,2023-04-17,insufficient_capital_for_one_lot,,,,
zero_quantity,000002.SZ,diagnostic_always_buy_holding_exit:v1:000002.SZ:2023-04-17:entry,2023-04-18,insufficient_capital_for_one_lot,,,,
zero_quantity,000001.SZ,diagnostic_always_buy_holding_exit:v1:000001.SZ:2023-04-19:entry,2023-04-20,insufficient_capital_for_one_lot,,,,
zero_quantity,000001.SZ,diagnostic_always_buy_holding_exit:v1:000001.SZ:2023-04-21:entry,2023-04-24,insufficient_capital_for_one_lot,,,,
zero_quantity,000002.SZ,diagnostic_always_buy_holding_exit:v1:000002.SZ:2023-04-21:entry,2023-04-24,insufficient_capital_for_one_lot,,,,
zero_quantity,000002.SZ,diagnostic_always_buy_holding_exit:v1:000002.SZ:2023-04-24:entry,2023-04-25,insufficient_capital_for_one_lot,,,,
zero_quantity,000002.SZ,diagnostic_always_buy_holding_exit:v1:000002.SZ:2023-04-25:entry,2023-04-26,insufficient_capital_for_one_lot,,,,
zero_quantity,000002.SZ,diagnostic_always_buy_holding_exit:v1:000002.SZ:2023-04-26:entry,2023-04-27,insufficient_capital_for_one_lot,,,,
zero_quantity,000001.SZ,diagnostic_always_buy_holding_exit:v1:000001.SZ:2023-04-27:entry,2023-04-28,insufficient_capital_for_one_lot,,,,
zero_quantity,000002.SZ,diagnostic_always_buy_holding_exit:v1:000002.SZ:2023-04-27:entry,2023-04-28,insufficient_capital_for_one_lot,,,,
zero_quantity,000001.SZ,diagnostic_always_buy_holding_exit:v1:000001.SZ:2023-04-28:entry,2023-05-01,insufficient_capital_for_one_lot,,,,
zero_quantity,000002.SZ,diagnostic_always_buy_holding_exit:v1:000002.SZ:2023-04-28:entry,2023-05-01,insufficient_capital_for_one_lot,,,,
zero_quantity,000002.SZ,diagnostic_always_buy_holding_exit:v1:000002.SZ:2023-05-01:entry,2023-05-02,insufficient_capital_for_one_lot,,,,
zero_quantity,000002.SZ,diagnostic_always_buy_holding_exit:v1:000002.SZ:2023-05-02:entry,2023-05-03,insufficient_capital_for_one_lot,,,,
zero_quantity,000001.SZ,diagnostic_always_buy_holding_exit:v1:000001.SZ:2023-05-03:entry,2023-05-04,insufficient_capital_for_one_lot,,,,
zero_quantity,000002.SZ,diagnostic_always_buy_holding_exit:v1:000002.SZ:2023-05-03:entry,2023-05-04,insufficient_capital_for_one_lot,,,,
zero_quantity,000001.SZ,diagnostic_always_buy_holding_exit:v1:000001.SZ:2023-05-04:entry,2023-05-05,insufficient_capital_for_one_lot,,,,
zero_quantity,000002.SZ,diagnostic_always_buy_holding_exit:v1:000002.SZ:2023-05-04:entry,2023-05-05,insufficient_capital_for_one_lot,,,,
zero_quantity,000001.SZ,diagnostic_always_buy_holding_exit:v1:000001.SZ:2023-05-05:entry,2023-05-08,insufficient_capital_for_one_lot,,,,
zero_quantity,000001.SZ,diagnostic_always_buy_holding_exit:v1:000001.SZ:2023-05-08:entry,2023-05-09,insufficient_capital_for_one_lot,,,,
zero_quantity,000001.SZ,diagnostic_always_buy_holding_exit:v1:000001.SZ:2023-05-09:entry,2023-05-10,insufficient_capital_for_one_lot,,,,
zero_quantity,000001.SZ,diagnostic_always_buy_holding_exit:v1:000001.SZ:2023-05-10:entry,2023-05-11,insufficient_capital_for_one_lot,,,,
zero_quantity,000001.SZ,diagnostic_always_buy_holding_exit:v1:000001.SZ:2023-05-11:entry,2023-05-12,insufficient_capital_for_one_lot,,,,
zero_quantity,000002.SZ,diagnostic_always_buy_holding_exit:v1:000002.SZ:2023-05-12:entry,2023-05-15,insufficient_capital_for_one_lot,,,,
zero_quantity,600000.SH,diagnostic_always_buy_holding_exit:v1:600000.SH:2023-05-17:entry,2023-05-18,insufficient_capital_for_one_lot,,,,
zero_quantity,600000.SH,diagnostic_always_buy_holding_exit:v1:600000.SH:2023-05-18:entry,2023-05-19,insufficient_capital_for_one_lot,,,,
zero_quantity,000001.SZ,diagnostic_always_buy_holding_exit:v1:000001.SZ:2023-05-19:entry,2023-05-22,insufficient_capital_for_one_lot,,,,
zero_quantity,000002.SZ,diagnostic_always_buy_holding_exit:v1:000002.SZ:2023-05-19:entry,2023-05-22,insufficient_capital_for_one_lot,,,,
zero_quantity,000001.SZ,diagnostic_always_buy_holding_exit:v1:000001.SZ:2023-05-22:entry,2023-05-23,insufficient_capital_for_one_lot,,,,
zero_quantity,000002.SZ,diagnostic_always_buy_holding_exit:v1:000002.SZ:2023-05-22:entry,2023-05-23,insufficient_capital_for_one_lot,,,,
zero_quantity,600000.SH,diagnostic_always_buy_holding_exit:v1:600000.SH:2023-05-22:entry,2023-05-23,insufficient_capital_for_one_lot,,,,
zero_quantity,000002.SZ,diagnostic_always_buy_holding_exit:v1:000002.SZ:2023-05-23:entry,2023-05-24,insufficient_capital_for_one_lot,,,,
zero_quantity,600000.SH,diagnostic_always_buy_holding_exit:v1:600000.SH:2023-05-23:entry,2023-05-24,insufficient_capital_for_one_lot,,,,
zero_quantity,600000.SH,diagnostic_always_buy_holding_exit:v1:600000.SH:2023-05-24:entry,2023-05-25,insufficient_capital_for_one_lot,,,,
zero_quantity,600000.SH,diagnostic_always_buy_holding_exit:v1:600000.SH:2023-05-25:entry,2023-05-26,insufficient_capital_for_one_lot,,,,
zero_quantity,000002.SZ,diagnostic_always_buy_holding_exit:v1:000002.SZ:2023-05-26:entry,2023-05-29,insufficient_capital_for_one_lot,,,,
zero_quantity,600000.SH,diagnostic_always_buy_holding_exit:v1:600000.SH:2023-05-26:entry,2023-05-29,insufficient_capital_for_one_lot,,,,
zero_quantity,000002.SZ,diagnostic_always_buy_holding_exit:v1:000002.SZ:2023-05-29:entry,2023-05-30,insufficient_capital_for_one_lot,,,,
zero_quantity,600000.SH,diagnostic_always_buy_holding_exit:v1:600000.SH:2023-05-29:entry,2023-05-30,insufficient_capital_for_one_lot,,,,
zero_quantity,000001.SZ,diagnostic_always_buy_holding_exit:v1:000001.SZ:2023-05-30:entry,2023-05-31,insufficient_capital_for_one_lot,,,,
zero_quantity,000002.SZ,diagnostic_always_buy_holding_exit:v1:000002.SZ:2023-05-30:entry,2023-05-31,insufficient_capital_for_one_lot,,,,
zero_quantity,000001.SZ,diagnostic_always_buy_holding_exit:v1:000001.SZ:2023-05-31:entry,2023-06-01,insufficient_capital_for_one_lot,,,,
zero_quantity,000001.SZ,diagnostic_always_buy_holding_exit:v1:000001.SZ:2023-06-01:entry,2023-06-02,insufficient_capital_for_one_lot,,,,
zero_quantity,000001.SZ,diagnostic_always_buy_holding_exit:v1:000001.SZ:2023-06-02:entry,2023-06-05,insufficient_capital_for_one_lot,,,,
zero_quantity,000001.SZ,diagnostic_always_buy_holding_exit:v1:000001.SZ:2023-06-05:entry,2023-06-06,insufficient_capital_for_one_lot,,,,
zero_quantity,600000.SH,diagnostic_always_buy_holding_exit:v1:600000.SH:2023-06-05:entry,2023-06-06,insufficient_capital_for_one_lot,,,,
zero_quantity,000001.SZ,diagnostic_always_buy_holding_exit:v1:000001.SZ:2023-06-09:entry,2023-06-12,insufficient_capital_for_one_lot,,,,
zero_quantity,000002.SZ,diagnostic_always_buy_holding_exit:v1:000002.SZ:2023-06-09:entry,2023-06-12,insufficient_capital_for_one_lot,,,,
zero_quantity,000001.SZ,diagnostic_always_buy_holding_exit:v1:000001.SZ:2023-06-12:entry,2023-06-13,insufficient_capital_for_one_lot,,,,
zero_quantity,000001.SZ,diagnostic_always_buy_holding_exit:v1:000001.SZ:2023-06-13:entry,2023-06-14,insufficient_capital_for_one_lot,,,,
zero_quantity,000001.SZ,diagnostic_always_buy_holding_exit:v1:000001.SZ:2023-06-14:entry,2023-06-15,insufficient_capital_for_one_lot,,,,
zero_quantity,000002.SZ,diagnostic_always_buy_holding_exit:v1:000002.SZ:2023-06-14:entry,2023-06-15,insufficient_capital_for_one_lot,,,,
zero_quantity,000002.SZ,diagnostic_always_buy_holding_exit:v1:000002.SZ:2023-06-15:entry,2023-06-16,insufficient_capital_for_one_lot,,,,
zero_quantity,600000.SH,diagnostic_always_buy_holding_exit:v1:600000.SH:2023-06-15:entry,2023-06-16,insufficient_capital_for_one_lot,,,,
zero_quantity,000001.SZ,diagnostic_always_buy_holding_exit:v1:000001.SZ:2023-06-16:entry,2023-06-19,insufficient_capital_for_one_lot,,,,
zero_quantity,000002.SZ,diagnostic_always_buy_holding_exit:v1:000002.SZ:2023-06-16:entry,2023-06-19,insufficient_capital_for_one_lot,,,,
zero_quantity,000001.SZ,diagnostic_always_buy_holding_exit:v1:000001.SZ:2023-06-19:entry,2023-06-20,insufficient_capital_for_one_lot,,,,
zero_quantity,000001.SZ,diagnostic_always_buy_holding_exit:v1:000001.SZ:2023-06-20:entry,2023-06-21,insufficient_capital_for_one_lot,,,,
zero_quantity,000001.SZ,diagnostic_always_buy_holding_exit:v1:000001.SZ:2023-06-21:entry,2023-06-22,insufficient_capital_for_one_lot,,,,
zero_quantity,000002.SZ,diagnostic_always_buy_holding_exit:v1:000002.SZ:2023-06-21:entry,2023-06-22,insufficient_capital_for_one_lot,,,,
zero_quantity,000001.SZ,diagnostic_always_buy_holding_exit:v1:000001.SZ:2023-06-22:entry,2023-06-23,insufficient_capital_for_one_lot,,,,
zero_quantity,600000.SH,diagnostic_always_buy_holding_exit:v1:600000.SH:2023-06-23:entry,2023-06-26,insufficient_capital_for_one_lot,,,,
zero_quantity,000001.SZ,diagnostic_always_buy_holding_exit:v1:000001.SZ:2023-06-26:entry,2023-06-27,insufficient_capital_for_one_lot,,,,
zero_quantity,600000.SH,diagnostic_always_buy_holding_exit:v1:600000.SH:2023-06-26:entry,2023-06-27,insufficient_capital_for_one_lot,,,,
zero_quantity,000001.SZ,diagnostic_always_buy_holding_exit:v1:000001.SZ:2023-06-27:entry,2023-06-28,insufficient_capital_for_one_lot,,,,
zero_quantity,600000.SH,diagnostic_always_buy_holding_exit:v1:600000.SH:2023-06-27:entry,2023-06-28,insufficient_capital_for_one_lot,,,,
zero_quantity,000001.SZ,diagnostic_always_buy_holding_exit:v1:000001.SZ:2023-06-28:entry,2023-06-29,insufficient_capital_for_one_lot,,,,
zero_quantity,000002.SZ,diagnostic_always_buy_holding_exit:v1:000002.SZ:2023-06-28:entry,2023-06-29,insufficient_capital_for_one_lot,,,,
zero_quantity,600000.SH,diagnostic_always_buy_holding_exit:v1:600000.SH:2023-06-28:entry,2023-06-29,insufficient_capital_for_one_lot,,,,
zero_quantity,000001.SZ,diagnostic_always_buy_holding_exit:v1:000001.SZ:2023-06-29:entry,2023-06-30,insufficient_capital_for_one_lot,,,,
zero_quantity,000002.SZ,diagnostic_always_buy_holding_exit:v1:000002.SZ:2023-06-29:entry,2023-06-30,insufficient_capital_for_one_lot,,,,
zero_quantity,000001.SZ,diagnostic_always_buy_holding_exit:v1:000001.SZ:2023-06-30:entry,2023-07-03,insufficient_capital_for_one_lot,,,,
zero_quantity,000002.SZ,diagnostic_always_buy_holding_exit:v1:000002.SZ:2023-06-30:entry,2023-07-03,insufficient_capital_for_one_lot,,,,
zero_quantity,000002.SZ,diagnostic_always_buy_holding_exit:v1:000002.SZ:2023-07-03:entry,2023-07-04,insufficient_capital_for_one_lot,,,,
zero_quantity,000002.SZ,diagnostic_always_buy_holding_exit:v1:000002.SZ:2023-07-04:entry,2023-07-05,insufficient_capital_for_one_lot,,,,
zero_quantity,000002.SZ,diagnostic_always_buy_holding_exit:v1:000002.SZ:2023-07-05:entry,2023-07-06,insufficient_capital_for_one_lot,,,,
zero_quantity,000002.SZ,diagnostic_always_buy_holding_exit:v1:000002.SZ:2023-07-06:entry,2023-07-07,insufficient_capital_for_one_lot,,,,
zero_quantity,600000.SH,diagnostic_always_buy_holding_exit:v1:600000.SH:2023-07-07:entry,2023-07-10,insufficient_capital_for_one_lot,,,,
zero_quantity,000002.SZ,diagnostic_always_buy_holding_exit:v1:000002.SZ:2023-07-10:entry,2023-07-11,insufficient_capital_for_one_lot,,,,
zero_quantity,600000.SH,diagnostic_always_buy_holding_exit:v1:600000.SH:2023-07-10:entry,2023-07-11,insufficient_capital_for_one_lot,,,,
zero_quantity,000001.SZ,diagnostic_always_buy_holding_exit:v1:000001.SZ:2023-07-11:entry,2023-07-12,insufficient_capital_for_one_lot,,,,
zero_quantity,600000.SH,diagnostic_always_buy_holding_exit:v1:600000.SH:2023-07-11:entry,2023-07-12,insufficient_capital_for_one_lot,,,,
zero_quantity,000001.SZ,diagnostic_always_buy_holding_exit:v1:000001.SZ:2023-07-12:entry,2023-07-13,insufficient_capital_for_one_lot,,,,
zero_quantity,600000.SH,diagnostic_always_buy_holding_exit:v1:600000.SH:2023-07-12:entry,2023-07-13,insufficient_capital_for_one_lot,,,,
zero_quantity,000001.SZ,diagnostic_always_buy_holding_exit:v1:000001.SZ:2023-07-14:entry,2023-07-17,insufficient_capital_for_one_lot,,,,
zero_quantity,000001.SZ,diagnostic_always_buy_holding_exit:v1:000001.SZ:2023-07-19:entry,2023-07-20,insufficient_capital_for_one_lot,,,,
zero_quantity,000002.SZ,diagnostic_always_buy_holding_exit:v1:000002.SZ:2023-07-21:entry,2023-07-24,insufficient_capital_for_one_lot,,,,
zero_quantity,000001.SZ,diagnostic_always_buy_holding_exit:v1:000001.SZ:2023-07-24:entry,2023-07-25,insufficient_capital_for_one_lot,,,,
zero_quantity,000002.SZ,diagnostic_always_buy_holding_exit:v1:000002.SZ:2023-07-24:entry,2023-07-25,insufficient_capital_for_one_lot,,,,
zero_quantity,000001.SZ,diagnostic_always_buy_holding_exit:v1:000001.SZ:2023-07-25:entry,2023-07-26,insufficient_capital_for_one_lot,,,,
zero_quantity,000002.SZ,diagnostic_always_buy_holding_exit:v1:000002.SZ:2023-07-25:entry,2023-07-26,insufficient_capital_for_one_lot,,,,
zero_quantity,000002.SZ,diagnostic_always_buy_holding_exit:v1:000002.SZ:2023-07-26:entry,2023-07-27,insufficient_capital_for_one_lot,,,,
zero_quantity,000002.SZ,diagnostic_always_buy_holding_exit:v1:000002.SZ:2023-07-27:entry,2023-07-28,insufficient_capital_for_one_lot,,,,
zero_quantity,000002.SZ,diagnostic_always_buy_holding_exit:v1:000002.SZ:2023-07-28:entry,2023-07-31,insufficient_capital_for_one_lot,,,,
zero_quantity,000001.SZ,diagnostic_always_buy_holding_exit:v1:000001.SZ:2023-07-31:entry,2023-08-01,insufficient_capital_for_one_lot,,,,
zero_quantity,000002.SZ,diagnostic_always_buy_holding_exit:v1:000002.SZ:2023-07-31:entry,2023-08-01,insufficient_capital_for_one_lot,,,,
zero_quantity,000001.SZ,diagnostic_always_buy_holding_exit:v1:000001.SZ:2023-08-01:entry,2023-08-02,insufficient_capital_for_one_lot,,,,
zero_quantity,000002.SZ,diagnostic_always_buy_holding_exit:v1:000002.SZ:2023-08-01:entry,2023-08-02,insufficient_capital_for_one_lot,,,,
zero_quantity,000001.SZ,diagnostic_always_buy_holding_exit:v1:000001.SZ:2023-08-02:entry,2023-08-03,insufficient_capital_for_one_lot,,,,
zero_quantity,000002.SZ,diagnostic_always_buy_holding_exit:v1:000002.SZ:2023-08-02:entry,2023-08-03,insufficient_capital_for_one_lot,,,,
zero_quantity,000001.SZ,diagnostic_always_buy_holding_exit:v1:000001.SZ:2023-08-03:entry,2023-08-04,insufficient_capital_for_one_lot,,,,
zero_quantity,000001.SZ,diagnostic_always_buy_holding_exit:v1:000001.SZ:2023-08-04:entry,2023-08-07,insufficient_capital_for_one_lot,,,,
zero_quantity,000002.SZ,diagnostic_always_buy_holding_exit:v1:000002.SZ:2023-08-04:entry,2023-08-07,insufficient_capital_for_one_lot,,,,
zero_quantity,000001.SZ,diagnostic_always_buy_holding_exit:v1:000001.SZ:2023-08-07:entry,2023-08-08,insufficient_capital_for_one_lot,,,,
zero_quantity,000001.SZ,diagnostic_always_buy_holding_exit:v1:000001.SZ:2023-08-09:entry,2023-08-10,insufficient_capital_for_one_lot,,,,
zero_quantity,000002.SZ,diagnostic_always_buy_holding_exit:v1:000002.SZ:2023-08-09:entry,2023-08-10,insufficient_capital_for_one_lot,,,,
zero_quantity,000001.SZ,diagnostic_always_buy_holding_exit:v1:000001.SZ:2023-08-10:entry,2023-08-11,insufficient_capital_for_one_lot,,,,
zero_quantity,000002.SZ,diagnostic_always_buy_holding_exit:v1:000002.SZ:2023-08-10:entry,2023-08-11,insufficient_capital_for_one_lot,,,,
zero_quantity,000001.SZ,diagnostic_always_buy_holding_exit:v1:000001.SZ:2023-08-11:entry,2023-08-14,insufficient_capital_for_one_lot,,,,
zero_quantity,000002.SZ,diagnostic_always_buy_holding_exit:v1:000002.SZ:2023-08-11:entry,2023-08-14,insufficient_capital_for_one_lot,,,,
zero_quantity,000001.SZ,diagnostic_always_buy_holding_exit:v1:000001.SZ:2023-08-14:entry,2023-08-15,insufficient_capital_for_one_lot,,,,
zero_quantity,000002.SZ,diagnostic_always_buy_holding_exit:v1:000002.SZ:2023-08-15:entry,2023-08-16,insufficient_capital_for_one_lot,,,,
zero_quantity,000001.SZ,diagnostic_always_buy_holding_exit:v1:000001.SZ:2023-08-16:entry,2023-08-17,insufficient_capital_for_one_lot,,,,
zero_quantity,000001.SZ,diagnostic_always_buy_holding_exit:v1:000001.SZ:2023-08-17:entry,2023-08-18,insufficient_capital_for_one_lot,,,,
zero_quantity,000002.SZ,diagnostic_always_buy_holding_exit:v1:000002.SZ:2023-08-17:entry,2023-08-18,insufficient_capital_for_one_lot,,,,
zero_quantity,000001.SZ,diagnostic_always_buy_holding_exit:v1:000001.SZ:2023-08-18:entry,2023-08-21,insufficient_capital_for_one_lot,,,,
zero_quantity,000002.SZ,diagnostic_always_buy_holding_exit:v1:000002.SZ:2023-08-18:entry,2023-08-21,insufficient_capital_for_one_lot,,,,
zero_quantity,000001.SZ,diagnostic_always_buy_holding_exit:v1:000001.SZ:2023-08-21:entry,2023-08-22,insufficient_capital_for_one_lot,,,,
zero_quantity,000002.SZ,diagnostic_always_buy_holding_exit:v1:000002.SZ:2023-08-21:entry,2023-08-22,insufficient_capital_for_one_lot,,,,
zero_quantity,000001.SZ,diagnostic_always_buy_holding_exit:v1:000001.SZ:2023-08-22:entry,2023-08-23,insufficient_capital_for_one_lot,,,,
zero_quantity,000002.SZ,diagnostic_always_buy_holding_exit:v1:000002.SZ:2023-08-22:entry,2023-08-23,insufficient_capital_for_one_lot,,,,
zero_quantity,000001.SZ,diagnostic_always_buy_holding_exit:v1:000001.SZ:2023-08-23:entry,2023-08-24,insufficient_capital_for_one_lot,,,,
zero_quantity,000002.SZ,diagnostic_always_buy_holding_exit:v1:000002.SZ:2023-08-23:entry,2023-08-24,insufficient_capital_for_one_lot,,,,
zero_quantity,000001.SZ,diagnostic_always_buy_holding_exit:v1:000001.SZ:2023-08-24:entry,2023-08-25,insufficient_capital_for_one_lot,,,,
zero_quantity,000002.SZ,diagnostic_always_buy_holding_exit:v1:000002.SZ:2023-08-24:entry,2023-08-25,insufficient_capital_for_one_lot,,,,
zero_quantity,000001.SZ,diagnostic_always_buy_holding_exit:v1:000001.SZ:2023-08-25:entry,2023-08-28,insufficient_capital_for_one_lot,,,,
zero_quantity,000002.SZ,diagnostic_always_buy_holding_exit:v1:000002.SZ:2023-08-25:entry,2023-08-28,insufficient_capital_for_one_lot,,,,
zero_quantity,000001.SZ,diagnostic_always_buy_holding_exit:v1:000001.SZ:2023-08-28:entry,2023-08-29,insufficient_capital_for_one_lot,,,,
zero_quantity,000002.SZ,diagnostic_always_buy_holding_exit:v1:000002.SZ:2023-08-28:entry,2023-08-29,insufficient_capital_for_one_lot,,,,
zero_quantity,000002.SZ,diagnostic_always_buy_holding_exit:v1:000002.SZ:2023-08-29:entry,2023-08-30,insufficient_capital_for_one_lot,,,,
zero_quantity,000002.SZ,diagnostic_always_buy_holding_exit:v1:000002.SZ:2023-08-30:entry,2023-08-31,insufficient_capital_for_one_lot,,,,
zero_quantity,000002.SZ,diagnostic_always_buy_holding_exit:v1:000002.SZ:2023-08-31:entry,2023-09-01,insufficient_capital_for_one_lot,,,,
zero_quantity,000002.SZ,diagnostic_always_buy_holding_exit:v1:000002.SZ:2023-09-01:entry,2023-09-04,insufficient_capital_for_one_lot,,,,
zero_quantity,000001.SZ,diagnostic_always_buy_holding_exit:v1:000001.SZ:2023-09-04:entry,2023-09-05,insufficient_capital_for_one_lot,,,,
zero_quantity,000002.SZ,diagnostic_always_buy_holding_exit:v1:000002.SZ:2023-09-04:entry,2023-09-05,insufficient_capital_for_one_lot,,,,
zero_quantity,000001.SZ,diagnostic_always_buy_holding_exit:v1:000001.SZ:2023-09-05:entry,2023-09-06,insufficient_capital_for_one_lot,,,,
zero_quantity,000002.SZ,diagnostic_always_buy_holding_exit:v1:000002.SZ:2023-09-05:entry,2023-09-06,insufficient_capital_for_one_lot,,,,
zero_quantity,000001.SZ,diagnostic_always_buy_holding_exit:v1:000001.SZ:2023-09-06:entry,2023-09-07,insufficient_capital_for_one_lot,,,,
zero_quantity,000002.SZ,diagnostic_always_buy_holding_exit:v1:000002.SZ:2023-09-06:entry,2023-09-07,insufficient_capital_for_one_lot,,,,
zero_quantity,000001.SZ,diagnostic_always_buy_holding_exit:v1:000001.SZ:2023-09-07:entry,2023-09-08,insufficient_capital_for_one_lot,,,,
zero_quantity,000002.SZ,diagnostic_always_buy_holding_exit:v1:000002.SZ:2023-09-07:entry,2023-09-08,insufficient_capital_for_one_lot,,,,
zero_quantity,000001.SZ,diagnostic_always_buy_holding_exit:v1:000001.SZ:2023-09-08:entry,2023-09-11,insufficient_capital_for_one_lot,,,,
zero_quantity,000001.SZ,diagnostic_always_buy_holding_exit:v1:000001.SZ:2023-09-11:entry,2023-09-12,insufficient_capital_for_one_lot,,,,
zero_quantity,000001.SZ,diagnostic_always_buy_holding_exit:v1:000001.SZ:2023-09-12:entry,2023-09-13,insufficient_capital_for_one_lot,,,,
zero_quantity,000001.SZ,diagnostic_always_buy_holding_exit:v1:000001.SZ:2023-09-13:entry,2023-09-14,insufficient_capital_for_one_lot,,,,
zero_quantity,000002.SZ,diagnostic_always_buy_holding_exit:v1:000002.SZ:2023-09-13:entry,2023-09-14,insufficient_capital_for_one_lot,,,,
zero_quantity,000002.SZ,diagnostic_always_buy_holding_exit:v1:000002.SZ:2023-09-14:entry,2023-09-15,insufficient_capital_for_one_lot,,,,
zero_quantity,000002.SZ,diagnostic_always_buy_holding_exit:v1:000002.SZ:2023-09-15:entry,2023-09-18,insufficient_capital_for_one_lot,,,,
zero_quantity,000002.SZ,diagnostic_always_buy_holding_exit:v1:000002.SZ:2023-09-18:entry,2023-09-19,insufficient_capital_for_one_lot,,,,
zero_quantity,000001.SZ,diagnostic_always_buy_holding_exit:v1:000001.SZ:2023-09-19:entry,2023-09-20,insufficient_capital_for_one_lot,,,,
zero_quantity,000002.SZ,diagnostic_always_buy_holding_exit:v1:000002.SZ:2023-09-19:entry,2023-09-20,insufficient_capital_for_one_lot,,,,
zero_quantity,600000.SH,diagnostic_always_buy_holding_exit:v1:600000.SH:2023-09-19:entry,2023-09-20,insufficient_capital_for_one_lot,,,,
zero_quantity,000001.SZ,diagnostic_always_buy_holding_exit:v1:000001.SZ:2023-09-20:entry,2023-09-21,insufficient_capital_for_one_lot,,,,
zero_quantity,600000.SH,diagnostic_always_buy_holding_exit:v1:600000.SH:2023-09-20:entry,2023-09-21,insufficient_capital_for_one_lot,,,,
zero_quantity,000001.SZ,diagnostic_always_buy_holding_exit:v1:000001.SZ:2023-09-21:entry,2023-09-22,insufficient_capital_for_one_lot,,,,
zero_quantity,000002.SZ,diagnostic_always_buy_holding_exit:v1:000002.SZ:2023-09-27:entry,2023-09-28,insufficient_capital_for_one_lot,,,,
zero_quantity,000001.SZ,diagnostic_always_buy_holding_exit:v1:000001.SZ:2023-09-28:entry,2023-09-29,insufficient_capital_for_one_lot,,,,
zero_quantity,000002.SZ,diagnostic_always_buy_holding_exit:v1:000002.SZ:2023-09-28:entry,2023-09-29,insufficient_capital_for_one_lot,,,,
zero_quantity,000002.SZ,diagnostic_always_buy_holding_exit:v1:000002.SZ:2023-09-29:entry,2023-10-02,insufficient_capital_for_one_lot,,,,
zero_quantity,000002.SZ,diagnostic_always_buy_holding_exit:v1:000002.SZ:2023-10-02:entry,2023-10-03,insufficient_capital_for_one_lot,,,,
zero_quantity,000001.SZ,diagnostic_always_buy_holding_exit:v1:000001.SZ:2023-10-03:entry,2023-10-04,insufficient_capital_for_one_lot,,,,
zero_quantity,000002.SZ,diagnostic_always_buy_holding_exit:v1:000002.SZ:2023-10-03:entry,2023-10-04,insufficient_capital_for_one_lot,,,,
zero_quantity,000002.SZ,diagnostic_always_buy_holding_exit:v1:000002.SZ:2023-10-04:entry,2023-10-05,insufficient_capital_for_one_lot,,,,
zero_quantity,000001.SZ,diagnostic_always_buy_holding_exit:v1:000001.SZ:2023-10-05:entry,2023-10-06,insufficient_capital_for_one_lot,,,,
zero_quantity,000001.SZ,diagnostic_always_buy_holding_exit:v1:000001.SZ:2023-10-06:entry,2023-10-09,insufficient_capital_for_one_lot,,,,
zero_quantity,000002.SZ,diagnostic_always_buy_holding_exit:v1:000002.SZ:2023-10-09:entry,2023-10-10,insufficient_capital_for_one_lot,,,,
zero_quantity,000002.SZ,diagnostic_always_buy_holding_exit:v1:000002.SZ:2023-10-10:entry,2023-10-11,insufficient_capital_for_one_lot,,,,
zero_quantity,000001.SZ,diagnostic_always_buy_holding_exit:v1:000001.SZ:2023-10-11:entry,2023-10-12,insufficient_capital_for_one_lot,,,,
zero_quantity,000002.SZ,diagnostic_always_buy_holding_exit:v1:000002.SZ:2023-10-11:entry,2023-10-12,insufficient_capital_for_one_lot,,,,
zero_quantity,600000.SH,diagnostic_always_buy_holding_exit:v1:600000.SH:2023-10-11:entry,2023-10-12,insufficient_capital_for_one_lot,,,,
zero_quantity,000001.SZ,diagnostic_always_buy_holding_exit:v1:000001.SZ:2023-10-12:entry,2023-10-13,insufficient_capital_for_one_lot,,,,
zero_quantity,000002.SZ,diagnostic_always_buy_holding_exit:v1:000002.SZ:2023-10-12:entry,2023-10-13,insufficient_capital_for_one_lot,,,,
zero_quantity,600000.SH,diagnostic_always_buy_holding_exit:v1:600000.SH:2023-10-12:entry,2023-10-13,insufficient_capital_for_one_lot,,,,
zero_quantity,000001.SZ,diagnostic_always_buy_holding_exit:v1:000001.SZ:2023-10-13:entry,2023-10-16,insufficient_capital_for_one_lot,,,,
zero_quantity,600000.SH,diagnostic_always_buy_holding_exit:v1:600000.SH:2023-10-13:entry,2023-10-16,insufficient_capital_for_one_lot,,,,
zero_quantity,000001.SZ,diagnostic_always_buy_holding_exit:v1:000001.SZ:2023-10-16:entry,2023-10-17,insufficient_capital_for_one_lot,,,,
zero_quantity,600000.SH,diagnostic_always_buy_holding_exit:v1:600000.SH:2023-10-16:entry,2023-10-17,insufficient_capital_for_one_lot,,,,
zero_quantity,600000.SH,diagnostic_always_buy_holding_exit:v1:600000.SH:2023-10-17:entry,2023-10-18,insufficient_capital_for_one_lot,,,,
zero_quantity,600000.SH,diagnostic_always_buy_holding_exit:v1:600000.SH:2023-10-18:entry,2023-10-19,insufficient_capital_for_one_lot,,,,
zero_quantity,000001.SZ,diagnostic_always_buy_holding_exit:v1:000001.SZ:2023-10-19:entry,2023-10-20,insufficient_capital_for_one_lot,,,,
zero_quantity,600000.SH,diagnostic_always_buy_holding_exit:v1:600000.SH:2023-10-19:entry,2023-10-20,insufficient_capital_for_one_lot,,,,
zero_quantity,000001.SZ,diagnostic_always_buy_holding_exit:v1:000001.SZ:2023-10-20:entry,2023-10-23,insufficient_capital_for_one_lot,,,,
zero_quantity,000002.SZ,diagnostic_always_buy_holding_exit:v1:000002.SZ:2023-10-20:entry,2023-10-23,insufficient_capital_for_one_lot,,,,
zero_quantity,600000.SH,diagnostic_always_buy_holding_exit:v1:600000.SH:2023-10-20:entry,2023-10-23,insufficient_capital_for_one_lot,,,,
zero_quantity,000001.SZ,diagnostic_always_buy_holding_exit:v1:000001.SZ:2023-10-23:entry,2023-10-24,insufficient_capital_for_one_lot,,,,
zero_quantity,000002.SZ,diagnostic_always_buy_holding_exit:v1:000002.SZ:2023-10-23:entry,2023-10-24,insufficient_capital_for_one_lot,,,,
zero_quantity,600000.SH,diagnostic_always_buy_holding_exit:v1:600000.SH:2023-10-23:entry,2023-10-24,insufficient_capital_for_one_lot,,,,
zero_quantity,000001.SZ,diagnostic_always_buy_holding_exit:v1:000001.SZ:2023-10-24:entry,2023-10-25,insufficient_capital_for_one_lot,,,,
zero_quantity,000002.SZ,diagnostic_always_buy_holding_exit:v1:000002.SZ:2023-10-24:entry,2023-10-25,insufficient_capital_for_one_lot,,,,
zero_quantity,600000.SH,diagnostic_always_buy_holding_exit:v1:600000.SH:2023-10-24:entry,2023-10-25,insufficient_capital_for_one_lot,,,,
zero_quantity,000001.SZ,diagnostic_always_buy_holding_exit:v1:000001.SZ:2023-10-25:entry,2023-10-26,insufficient_capital_for_one_lot,,,,
zero_quantity,000002.SZ,diagnostic_always_buy_holding_exit:v1:000002.SZ:2023-10-25:entry,2023-10-26,insufficient_capital_for_one_lot,,,,
zero_quantity,600000.SH,diagnostic_always_buy_holding_exit:v1:600000.SH:2023-10-25:entry,2023-10-26,insufficient_capital_for_one_lot,,,,
zero_quantity,000001.SZ,diagnostic_always_buy_holding_exit:v1:000001.SZ:2023-10-26:entry,2023-10-27,insufficient_capital_for_one_lot,,,,
zero_quantity,000002.SZ,diagnostic_always_buy_holding_exit:v1:000002.SZ:2023-10-26:entry,2023-10-27,insufficient_capital_for_one_lot,,,,
zero_quantity,600000.SH,diagnostic_always_buy_holding_exit:v1:600000.SH:2023-10-26:entry,2023-10-27,insufficient_capital_for_one_lot,,,,
zero_quantity,000001.SZ,diagnostic_always_buy_holding_exit:v1:000001.SZ:2023-10-27:entry,2023-10-30,insufficient_capital_for_one_lot,,,,
zero_quantity,000002.SZ,diagnostic_always_buy_holding_exit:v1:000002.SZ:2023-10-27:entry,2023-10-30,insufficient_capital_for_one_lot,,,,
zero_quantity,600000.SH,diagnostic_always_buy_holding_exit:v1:600000.SH:2023-10-27:entry,2023-10-30,insufficient_capital_for_one_lot,,,,
zero_quantity,000001.SZ,diagnostic_always_buy_holding_exit:v1:000001.SZ:2023-10-30:entry,2023-10-31,insufficient_capital_for_one_lot,,,,
zero_quantity,000002.SZ,diagnostic_always_buy_holding_exit:v1:000002.SZ:2023-10-30:entry,2023-10-31,insufficient_capital_for_one_lot,,,,
zero_quantity,600000.SH,diagnostic_always_buy_holding_exit:v1:600000.SH:2023-10-30:entry,2023-10-31,insufficient_capital_for_one_lot,,,,
zero_quantity,000001.SZ,diagnostic_always_buy_holding_exit:v1:000001.SZ:2023-10-31:entry,2023-11-01,insufficient_capital_for_one_lot,,,,
zero_quantity,600000.SH,diagnostic_always_buy_holding_exit:v1:600000.SH:2023-10-31:entry,2023-11-01,insufficient_capital_for_one_lot,,,,
zero_quantity,000001.SZ,diagnostic_always_buy_holding_exit:v1:000001.SZ:2023-11-01:entry,2023-11-02,insufficient_capital_for_one_lot,,,,
zero_quantity,600000.SH,diagnostic_always_buy_holding_exit:v1:600000.SH:2023-11-01:entry,2023-11-02,insufficient_capital_for_one_lot,,,,
zero_quantity,600000.SH,diagnostic_always_buy_holding_exit:v1:600000.SH:2023-11-02:entry,2023-11-03,insufficient_capital_for_one_lot,,,,
zero_quantity,000002.SZ,diagnostic_always_buy_holding_exit:v1:000002.SZ:2023-11-03:entry,2023-11-06,insufficient_capital_for_one_lot,,,,
zero_quantity,600000.SH,diagnostic_always_buy_holding_exit:v1:600000.SH:2023-11-03:entry,2023-11-06,insufficient_capital_for_one_lot,,,,
zero_quantity,000002.SZ,diagnostic_always_buy_holding_exit:v1:000002.SZ:2023-11-06:entry,2023-11-07,insufficient_capital_for_one_lot,,,,
zero_quantity,600000.SH,diagnostic_always_buy_holding_exit:v1:600000.SH:2023-11-06:entry,2023-11-07,insufficient_capital_for_one_lot,,,,
zero_quantity,000001.SZ,diagnostic_always_buy_holding_exit:v1:000001.SZ:2023-11-07:entry,2023-11-08,insufficient_capital_for_one_lot,,,,
zero_quantity,000002.SZ,diagnostic_always_buy_holding_exit:v1:000002.SZ:2023-11-07:entry,2023-11-08,insufficient_capital_for_one_lot,,,,
zero_quantity,600000.SH,diagnostic_always_buy_holding_exit:v1:600000.SH:2023-11-07:entry,2023-11-08,insufficient_capital_for_one_lot,,,,
zero_quantity,000001.SZ,diagnostic_always_buy_holding_exit:v1:000001.SZ:2023-11-08:entry,2023-11-09,insufficient_capital_for_one_lot,,,,
zero_quantity,600000.SH,diagnostic_always_buy_holding_exit:v1:600000.SH:2023-11-08:entry,2023-11-09,insufficient_capital_for_one_lot,,,,
zero_quantity,000001.SZ,diagnostic_always_buy_holding_exit:v1:000001.SZ:2023-11-09:entry,2023-11-10,insufficient_capital_for_one_lot,,,,
zero_quantity,600000.SH,diagnostic_always_buy_holding_exit:v1:600000.SH:2023-11-09:entry,2023-11-10,insufficient_capital_for_one_lot,,,,
zero_quantity,600000.SH,diagnostic_always_buy_holding_exit:v1:600000.SH:2023-11-10:entry,2023-11-13,insufficient_capital_for_one_lot,,,,
zero_quantity,600000.SH,diagnostic_always_buy_holding_exit:v1:600000.SH:2023-11-13:entry,2023-11-14,insufficient_capital_for_one_lot,,,,
zero_quantity,000001.SZ,diagnostic_always_buy_holding_exit:v1:000001.SZ:2023-11-14:entry,2023-11-15,insufficient_capital_for_one_lot,,,,
zero_quantity,600000.SH,diagnostic_always_buy_holding_exit:v1:600000.SH:2023-11-14:entry,2023-11-15,insufficient_capital_for_one_lot,,,,
zero_quantity,000001.SZ,diagnostic_always_buy_holding_exit:v1:000001.SZ:2023-11-15:entry,2023-11-16,insufficient_capital_for_one_lot,,,,
zero_quantity,600000.SH,diagnostic_always_buy_holding_exit:v1:600000.SH:2023-11-15:entry,2023-11-16,insufficient_capital_for_one_lot,,,,
zero_quantity,600000.SH,diagnostic_always_buy_holding_exit:v1:600000.SH:2023-11-16:entry,2023-11-17,insufficient_capital_for_one_lot,,,,
zero_quantity,600000.SH,diagnostic_always_buy_holding_exit:v1:600000.SH:2023-11-17:entry,2023-11-20,insufficient_capital_for_one_lot,,,,
zero_quantity,000002.SZ,diagnostic_always_buy_holding_exit:v1:000002.SZ:2023-11-20:entry,2023-11-21,insufficient_capital_for_one_lot,,,,
zero_quantity,600000.SH,diagnostic_always_buy_holding_exit:v1:600000.SH:2023-11-20:entry,2023-11-21,insufficient_capital_for_one_lot,,,,
zero_quantity,600000.SH,diagnostic_always_buy_holding_exit:v1:600000.SH:2023-11-21:entry,2023-11-22,insufficient_capital_for_one_lot,,,,
zero_quantity,000001.SZ,diagnostic_always_buy_holding_exit:v1:000001.SZ:2023-11-22:entry,2023-11-23,insufficient_capital_for_one_lot,,,,
zero_quantity,000002.SZ,diagnostic_always_buy_holding_exit:v1:000002.SZ:2023-11-22:entry,2023-11-23,insufficient_capital_for_one_lot,,,,
zero_quantity,600000.SH,diagnostic_always_buy_holding_exit:v1:600000.SH:2023-11-22:entry,2023-11-23,insufficient_capital_for_one_lot,,,,
zero_quantity,000001.SZ,diagnostic_always_buy_holding_exit:v1:000001.SZ:2023-11-23:entry,2023-11-24,insufficient_capital_for_one_lot,,,,
zero_quantity,000002.SZ,diagnostic_always_buy_holding_exit:v1:000002.SZ:2023-11-23:entry,2023-11-24,insufficient_capital_for_one_lot,,,,
zero_quantity,600000.SH,diagnostic_always_buy_holding_exit:v1:600000.SH:2023-11-23:entry,2023-11-24,insufficient_capital_for_one_lot,,,,
zero_quantity,000002.SZ,diagnostic_always_buy_holding_exit:v1:000002.SZ:2023-11-24:entry,2023-11-27,insufficient_capital_for_one_lot,,,,
zero_quantity,600000.SH,diagnostic_always_buy_holding_exit:v1:600000.SH:2023-11-24:entry,2023-11-27,insufficient_capital_for_one_lot,,,,
zero_quantity,000001.SZ,diagnostic_always_buy_holding_exit:v1:000001.SZ:2023-11-27:entry,2023-11-28,insufficient_capital_for_one_lot,,,,
zero_quantity,000002.SZ,diagnostic_always_buy_holding_exit:v1:000002.SZ:2023-11-27:entry,2023-11-28,insufficient_capital_for_one_lot,,,,
zero_quantity,600000.SH,diagnostic_always_buy_holding_exit:v1:600000.SH:2023-11-27:entry,2023-11-28,insufficient_capital_for_one_lot,,,,
zero_quantity,000001.SZ,diagnostic_always_buy_holding_exit:v1:000001.SZ:2023-11-28:entry,2023-11-29,insufficient_capital_for_one_lot,,,,
zero_quantity,000002.SZ,diagnostic_always_buy_holding_exit:v1:000002.SZ:2023-11-28:entry,2023-11-29,insufficient_capital_for_one_lot,,,,
zero_quantity,600000.SH,diagnostic_always_buy_holding_exit:v1:600000.SH:2023-11-28:entry,2023-11-29,insufficient_capital_for_one_lot,,,,
zero_quantity,000002.SZ,diagnostic_always_buy_holding_exit:v1:000002.SZ:2023-11-29:entry,2023-11-30,insufficient_capital_for_one_lot,,,,
zero_quantity,600000.SH,diagnostic_always_buy_holding_exit:v1:600000.SH:2023-11-29:entry,2023-11-30,insufficient_capital_for_one_lot,,,,
zero_quantity,000002.SZ,diagnostic_always_buy_holding_exit:v1:000002.SZ:2023-11-30:entry,2023-12-01,insufficient_capital_for_one_lot,,,,
zero_quantity,600000.SH,diagnostic_always_buy_holding_exit:v1:600000.SH:2023-11-30:entry,2023-12-01,insufficient_capital_for_one_lot,,,,
zero_quantity,000002.SZ,diagnostic_always_buy_holding_exit:v1:000002.SZ:2023-12-01:entry,2023-12-04,insufficient_capital_for_one_lot,,,,
zero_quantity,600000.SH,diagnostic_always_buy_holding_exit:v1:600000.SH:2023-12-01:entry,2023-12-04,insufficient_capital_for_one_lot,,,,
zero_quantity,000001.SZ,diagnostic_always_buy_holding_exit:v1:000001.SZ:2023-12-04:entry,2023-12-05,insufficient_capital_for_one_lot,,,,
zero_quantity,000002.SZ,diagnostic_always_buy_holding_exit:v1:000002.SZ:2023-12-04:entry,2023-12-05,insufficient_capital_for_one_lot,,,,
zero_quantity,600000.SH,diagnostic_always_buy_holding_exit:v1:600000.SH:2023-12-04:entry,2023-12-05,insufficient_capital_for_one_lot,,,,
zero_quantity,000002.SZ,diagnostic_always_buy_holding_exit:v1:000002.SZ:2023-12-05:entry,2023-12-06,insufficient_capital_for_one_lot,,,,
zero_quantity,600000.SH,diagnostic_always_buy_holding_exit:v1:600000.SH:2023-12-05:entry,2023-12-06,insufficient_capital_for_one_lot,,,,
zero_quantity,000002.SZ,diagnostic_always_buy_holding_exit:v1:000002.SZ:2023-12-06:entry,2023-12-07,insufficient_capital_for_one_lot,,,,
zero_quantity,600000.SH,diagnostic_always_buy_holding_exit:v1:600000.SH:2023-12-06:entry,2023-12-07,insufficient_capital_for_one_lot,,,,
zero_quantity,000001.SZ,diagnostic_always_buy_holding_exit:v1:000001.SZ:2023-12-07:entry,2023-12-08,insufficient_capital_for_one_lot,,,,
zero_quantity,000002.SZ,diagnostic_always_buy_holding_exit:v1:000002.SZ:2023-12-07:entry,2023-12-08,insufficient_capital_for_one_lot,,,,
zero_quantity,600000.SH,diagnostic_always_buy_holding_exit:v1:600000.SH:2023-12-07:entry,2023-12-08,insufficient_capital_for_one_lot,,,,
zero_quantity,000001.SZ,diagnostic_always_buy_holding_exit:v1:000001.SZ:2023-12-08:entry,2023-12-11,insufficient_capital_for_one_lot,,,,
zero_quantity,600000.SH,diagnostic_always_buy_holding_exit:v1:600000.SH:2023-12-08:entry,2023-12-11,insufficient_capital_for_one_lot,,,,
zero_quantity,600000.SH,diagnostic_always_buy_holding_exit:v1:600000.SH:2023-12-11:entry,2023-12-12,insufficient_capital_for_one_lot,,,,
zero_quantity,000002.SZ,diagnostic_always_buy_holding_exit:v1:000002.SZ:2023-12-12:entry,2023-12-13,insufficient_capital_for_one_lot,,,,
zero_quantity,600000.SH,diagnostic_always_buy_holding_exit:v1:600000.SH:2023-12-12:entry,2023-12-13,insufficient_capital_for_one_lot,,,,
zero_quantity,000002.SZ,diagnostic_always_buy_holding_exit:v1:000002.SZ:2023-12-13:entry,2023-12-14,insufficient_capital_for_one_lot,,,,
zero_quantity,600000.SH,diagnostic_always_buy_holding_exit:v1:600000.SH:2023-12-13:entry,2023-12-14,insufficient_capital_for_one_lot,,,,
zero_quantity,000002.SZ,diagnostic_always_buy_holding_exit:v1:000002.SZ:2023-12-14:entry,2023-12-15,insufficient_capital_for_one_lot,,,,
zero_quantity,600000.SH,diagnostic_always_buy_holding_exit:v1:600000.SH:2023-12-14:entry,2023-12-15,insufficient_capital_for_one_lot,,,,
zero_quantity,000001.SZ,diagnostic_always_buy_holding_exit:v1:000001.SZ:2023-12-15:entry,2023-12-18,insufficient_capital_for_one_lot,,,,
zero_quantity,600000.SH,diagnostic_always_buy_holding_exit:v1:600000.SH:2023-12-15:entry,2023-12-18,insufficient_capital_for_one_lot,,,,
zero_quantity,000001.SZ,diagnostic_always_buy_holding_exit:v1:000001.SZ:2023-12-18:entry,2023-12-19,insufficient_capital_for_one_lot,,,,
zero_quantity,000002.SZ,diagnostic_always_buy_holding_exit:v1:000002.SZ:2023-12-18:entry,2023-12-19,insufficient_capital_for_one_lot,,,,
zero_quantity,600000.SH,diagnostic_always_buy_holding_exit:v1:600000.SH:2023-12-18:entry,2023-12-19,insufficient_capital_for_one_lot,,,,
zero_quantity,000001.SZ,diagnostic_always_buy_holding_exit:v1:000001.SZ:2023-12-19:entry,2023-12-20,insufficient_capital_for_one_lot,,,,
zero_quantity,000002.SZ,diagnostic_always_buy_holding_exit:v1:000002.SZ:2023-12-19:entry,2023-12-20,insufficient_capital_for_one_lot,,,,
zero_quantity,600000.SH,diagnostic_always_buy_holding_exit:v1:600000.SH:2023-12-19:entry,2023-12-20,insufficient_capital_for_one_lot,,,,
zero_quantity,000001.SZ,diagnostic_always_buy_holding_exit:v1:000001.SZ:2023-12-20:entry,2023-12-21,insufficient_capital_for_one_lot,,,,
zero_quantity,600000.SH,diagnostic_always_buy_holding_exit:v1:600000.SH:2023-12-20:entry,2023-12-21,insufficient_capital_for_one_lot,,,,
zero_quantity,000001.SZ,diagnostic_always_buy_holding_exit:v1:000001.SZ:2023-12-21:entry,2023-12-22,insufficient_capital_for_one_lot,,,,
zero_quantity,000002.SZ,diagnostic_always_buy_holding_exit:v1:000002.SZ:2023-12-21:entry,2023-12-22,insufficient_capital_for_one_lot,,,,
zero_quantity,600000.SH,diagnostic_always_buy_holding_exit:v1:600000.SH:2023-12-21:entry,2023-12-22,insufficient_capital_for_one_lot,,,,
zero_quantity,000001.SZ,diagnostic_always_buy_holding_exit:v1:000001.SZ:2023-12-22:entry,2023-12-25,insufficient_capital_for_one_lot,,,,
zero_quantity,000002.SZ,diagnostic_always_buy_holding_exit:v1:000002.SZ:2023-12-22:entry,2023-12-25,insufficient_capital_for_one_lot,,,,
zero_quantity,600000.SH,diagnostic_always_buy_holding_exit:v1:600000.SH:2023-12-22:entry,2023-12-25,insufficient_capital_for_one_lot,,,,
zero_quantity,000001.SZ,diagnostic_always_buy_holding_exit:v1:000001.SZ:2023-12-25:entry,2023-12-26,insufficient_capital_for_one_lot,,,,
zero_quantity,000002.SZ,diagnostic_always_buy_holding_exit:v1:000002.SZ:2023-12-25:entry,2023-12-26,insufficient_capital_for_one_lot,,,,
zero_quantity,600000.SH,diagnostic_always_buy_holding_exit:v1:600000.SH:2023-12-25:entry,2023-12-26,insufficient_capital_for_one_lot,,,,
zero_quantity,600000.SH,diagnostic_always_buy_holding_exit:v1:600000.SH:2023-12-26:entry,2023-12-27,insufficient_capital_for_one_lot,,,,
zero_quantity,000001.SZ,diagnostic_always_buy_holding_exit:v1:000001.SZ:2023-12-27:entry,2023-12-28,insufficient_capital_for_one_lot,,,,
zero_quantity,600000.SH,diagnostic_always_buy_holding_exit:v1:600000.SH:2023-12-27:entry,2023-12-28,insufficient_capital_for_one_lot,,,,
zero_quantity,600000.SH,diagnostic_always_buy_holding_exit:v1:600000.SH:2023-12-28:entry,2023-12-29,insufficient_capital_for_one_lot,,,,
zero_quantity,000001.SZ,diagnostic_always_buy_holding_exit:v1:000001.SZ:2023-12-29:entry,2024-01-01,insufficient_capital_for_one_lot,,,,
zero_quantity,600000.SH,diagnostic_always_buy_holding_exit:v1:600000.SH:2023-12-29:entry,2024-01-01,insufficient_capital_for_one_lot,,,,
zero_quantity,000001.SZ,diagnostic_always_buy_holding_exit:v1:000001.SZ:2024-01-01:entry,2024-01-02,insufficient_capital_for_one_lot,,,,
zero_quantity,600000.SH,diagnostic_always_buy_holding_exit:v1:600000.SH:2024-01-01:entry,2024-01-02,insufficient_capital_for_one_lot,,,,
zero_quantity,600000.SH,diagnostic_always_buy_holding_exit:v1:600000.SH:2024-01-02:entry,2024-01-03,insufficient_capital_for_one_lot,,,,
zero_quantity,000001.SZ,diagnostic_always_buy_holding_exit:v1:000001.SZ:2024-01-03:entry,2024-01-04,insufficient_capital_for_one_lot,,,,
zero_quantity,600000.SH,diagnostic_always_buy_holding_exit:v1:600000.SH:2024-01-03:entry,2024-01-04,insufficient_capital_for_one_lot,,,,
zero_quantity,600000.SH,diagnostic_always_buy_holding_exit:v1:600000.SH:2024-01-04:entry,2024-01-05,insufficient_capital_for_one_lot,,,,
zero_quantity,600000.SH,diagnostic_always_buy_holding_exit:v1:600000.SH:2024-01-05:entry,2024-01-08,insufficient_capital_for_one_lot,,,,
zero_quantity,600000.SH,diagnostic_always_buy_holding_exit:v1:600000.SH:2024-01-08:entry,2024-01-09,insufficient_capital_for_one_lot,,,,
zero_quantity,000002.SZ,diagnostic_always_buy_holding_exit:v1:000002.SZ:2024-01-09:entry,2024-01-10,insufficient_capital_for_one_lot,,,,
zero_quantity,600000.SH,diagnostic_always_buy_holding_exit:v1:600000.SH:2024-01-09:entry,2024-01-10,insufficient_capital_for_one_lot,,,,
zero_quantity,000001.SZ,diagnostic_always_buy_holding_exit:v1:000001.SZ:2024-01-10:entry,2024-01-11,insufficient_capital_for_one_lot,,,,
zero_quantity,000002.SZ,diagnostic_always_buy_holding_exit:v1:000002.SZ:2024-01-10:entry,2024-01-11,insufficient_capital_for_one_lot,,,,
zero_quantity,600000.SH,diagnostic_always_buy_holding_exit:v1:600000.SH:2024-01-10:entry,2024-01-11,insufficient_capital_for_one_lot,,,,
zero_quantity,600000.SH,diagnostic_always_buy_holding_exit:v1:600000.SH:2024-01-11:entry,2024-01-12,insufficient_capital_for_one_lot,,,,
zero_quantity,600000.SH,diagnostic_always_buy_holding_exit:v1:600000.SH:2024-01-12:entry,2024-01-15,insufficient_capital_for_one_lot,,,,
zero_quantity,600000.SH,diagnostic_always_buy_holding_exit:v1:600000.SH:2024-01-15:entry,2024-01-16,insufficient_capital_for_one_lot,,,,
zero_quantity,000001.SZ,diagnostic_always_buy_holding_exit:v1:000001.SZ:2024-01-16:entry,2024-01-17,insufficient_capital_for_one_lot,,,,
zero_quantity,600000.SH,diagnostic_always_buy_holding_exit:v1:600000.SH:2024-01-16:entry,2024-01-17,insufficient_capital_for_one_lot,,,,
zero_quantity,600000.SH,diagnostic_always_buy_holding_exit:v1:600000.SH:2024-01-17:entry,2024-01-18,insufficient_capital_for_one_lot,,,,
zero_quantity,000001.SZ,diagnostic_always_buy_holding_exit:v1:000001.SZ:2024-01-18:entry,2024-01-19,insufficient_capital_for_one_lot,,,,
zero_quantity,600000.SH,diagnostic_always_buy_holding_exit:v1:600000.SH:2024-01-18:entry,2024-01-19,insufficient_capital_for_one_lot,,,,
zero_quantity,000001.SZ,diagnostic_always_buy_holding_exit:v1:000001.SZ:2024-01-19:entry,2024-01-22,insufficient_capital_for_one_lot,,,,
zero_quantity,000002.SZ,diagnostic_always_buy_holding_exit:v1:000002.SZ:2024-01-19:entry,2024-01-22,insufficient_capital_for_one_lot,,,,
zero_quantity,600000.SH,diagnostic_always_buy_holding_exit:v1:600000.SH:2024-01-19:entry,2024-01-22,insufficient_capital_for_one_lot,,,,
zero_quantity,000002.SZ,diagnostic_always_buy_holding_exit:v1:000002.SZ:2024-01-22:entry,2024-01-23,insufficient_capital_for_one_lot,,,,
zero_quantity,600000.SH,diagnostic_always_buy_holding_exit:v1:600000.SH:2024-01-22:entry,2024-01-23,insufficient_capital_for_one_lot,,,,
zero_quantity,000001.SZ,diagnostic_always_buy_holding_exit:v1:000001.SZ:2024-01-23:entry,2024-01-24,insufficient_capital_for_one_lot,,,,
zero_quantity,000002.SZ,diagnostic_always_buy_holding_exit:v1:000002.SZ:2024-01-23:entry,2024-01-24,insufficient_capital_for_one_lot,,,,
zero_quantity,600000.SH,diagnostic_always_buy_holding_exit:v1:600000.SH:2024-01-23:entry,2024-01-24,insufficient_capital_for_one_lot,,,,
zero_quantity,000001.SZ,diagnostic_always_buy_holding_exit:v1:000001.SZ:2024-01-24:entry,2024-01-25,insufficient_capital_for_one_lot,,,,
zero_quantity,000002.SZ,diagnostic_always_buy_holding_exit:v1:000002.SZ:2024-01-24:entry,2024-01-25,insufficient_capital_for_one_lot,,,,
zero_quantity,600000.SH,diagnostic_always_buy_holding_exit:v1:600000.SH:2024-01-24:entry,2024-01-25,insufficient_capital_for_one_lot,,,,
zero_quantity,000002.SZ,diagnostic_always_buy_holding_exit:v1:000002.SZ:2024-01-25:entry,2024-01-26,insufficient_capital_for_one_lot,,,,
zero_quantity,600000.SH,diagnostic_always_buy_holding_exit:v1:600000.SH:2024-01-25:entry,2024-01-26,insufficient_capital_for_one_lot,,,,
zero_quantity,000001.SZ,diagnostic_always_buy_holding_exit:v1:000001.SZ:2024-01-26:entry,2024-01-29,insufficient_capital_for_one_lot,,,,
zero_quantity,600000.SH,diagnostic_always_buy_holding_exit:v1:600000.SH:2024-01-26:entry,2024-01-29,insufficient_capital_for_one_lot,,,,
zero_quantity,600000.SH,diagnostic_always_buy_holding_exit:v1:600000.SH:2024-01-29:entry,2024-01-30,insufficient_capital_for_one_lot,,,,
zero_quantity,000002.SZ,diagnostic_always_buy_holding_exit:v1:000002.SZ:2024-01-30:entry,2024-01-31,insufficient_capital_for_one_lot,,,,
zero_quantity,600000.SH,diagnostic_always_buy_holding_exit:v1:600000.SH:2024-01-30:entry,2024-01-31,insufficient_capital_for_one_lot,,,,
zero_quantity,000001.SZ,diagnostic_always_buy_holding_exit:v1:000001.SZ:2024-01-31:entry,2024-02-01,insufficient_capital_for_one_lot,,,,
zero_quantity,000002.SZ,diagnostic_always_buy_holding_exit:v1:000002.SZ:2024-01-31:entry,2024-02-01,insufficient_capital_for_one_lot,,,,
zero_quantity,600000.SH,diagnostic_always_buy_holding_exit:v1:600000.SH:2024-01-31:entry,2024-02-01,insufficient_capital_for_one_lot,,,,
zero_quantity,000001.SZ,diagnostic_always_buy_holding_exit:v1:000001.SZ:2024-02-01:entry,2024-02-02,insufficient_capital_for_one_lot,,,,
zero_quantity,000001.SZ,diagnostic_always_buy_holding_exit:v1:000001.SZ:2024-02-02:entry,2024-02-05,insufficient_capital_for_one_lot,,,,
zero_quantity,000002.SZ,diagnostic_always_buy_holding_exit:v1:000002.SZ:2024-02-02:entry,2024-02-05,insufficient_capital_for_one_lot,,,,
zero_quantity,000001.SZ,diagnostic_always_buy_holding_exit:v1:000001.SZ:2024-02-05:entry,2024-02-06,insufficient_capital_for_one_lot,,,,
zero_quantity,000002.SZ,diagnostic_always_buy_holding_exit:v1:000002.SZ:2024-02-05:entry,2024-02-06,insufficient_capital_for_one_lot,,,,
zero_quantity,600000.SH,diagnostic_always_buy_holding_exit:v1:600000.SH:2024-02-05:entry,2024-02-06,insufficient_capital_for_one_lot,,,,
zero_quantity,000002.SZ,diagnostic_always_buy_holding_exit:v1:000002.SZ:2024-02-06:entry,2024-02-07,insufficient_capital_for_one_lot,,,,
zero_quantity,600000.SH,diagnostic_always_buy_holding_exit:v1:600000.SH:2024-02-06:entry,2024-02-07,insufficient_capital_for_one_lot,,,,
zero_quantity,600000.SH,diagnostic_always_buy_holding_exit:v1:600000.SH:2024-02-07:entry,2024-02-08,insufficient_capital_for_one_lot,,,,
zero_quantity,000001.SZ,diagnostic_always_buy_holding_exit:v1:000001.SZ:2024-02-08:entry,2024-02-09,insufficient_capital_for_one_lot,,,,
zero_quantity,600000.SH,diagnostic_always_buy_holding_exit:v1:600000.SH:2024-02-08:entry,2024-02-09,insufficient_capital_for_one_lot,,,,
zero_quantity,000001.SZ,diagnostic_always_buy_holding_exit:v1:000001.SZ:2024-02-09:entry,2024-02-12,insufficient_capital_for_one_lot,,,,
zero_quantity,600000.SH,diagnostic_always_buy_holding_exit:v1:600000.SH:2024-02-09:entry,2024-02-12,insufficient_capital_for_one_lot,,,,
zero_quantity,000001.SZ,diagnostic_always_buy_holding_exit:v1:000001.SZ:2024-02-12:entry,2024-02-13,insufficient_capital_for_one_lot,,,,
zero_quantity,600000.SH,diagnostic_always_buy_holding_exit:v1:600000.SH:2024-02-13:entry,2024-02-14,insufficient_capital_for_one_lot,,,,
zero_quantity,600000.SH,diagnostic_always_buy_holding_exit:v1:600000.SH:2024-02-14:entry,2024-02-15,insufficient_capital_for_one_lot,,,,
zero_quantity,600000.SH,diagnostic_always_buy_holding_exit:v1:600000.SH:2024-02-15:entry,2024-02-16,insufficient_capital_for_one_lot,,,,
zero_quantity,000001.SZ,diagnostic_always_buy_holding_exit:v1:000001.SZ:2024-02-16:entry,2024-02-19,insufficient_capital_for_one_lot,,,,
zero_quantity,600000.SH,diagnostic_always_buy_holding_exit:v1:600000.SH:2024-02-16:entry,2024-02-19,insufficient_capital_for_one_lot,,,,
zero_quantity,000001.SZ,diagnostic_always_buy_holding_exit:v1:000001.SZ:2024-02-19:entry,2024-02-20,insufficient_capital_for_one_lot,,,,
zero_quantity,000002.SZ,diagnostic_always_buy_holding_exit:v1:000002.SZ:2024-02-19:entry,2024-02-20,insufficient_capital_for_one_lot,,,,
zero_quantity,000001.SZ,diagnostic_always_buy_holding_exit:v1:000001.SZ:2024-02-20:entry,2024-02-21,insufficient_capital_for_one_lot,,,,
zero_quantity,000002.SZ,diagnostic_always_buy_holding_exit:v1:000002.SZ:2024-02-20:entry,2024-02-21,insufficient_capital_for_one_lot,,,,
zero_quantity,000001.SZ,diagnostic_always_buy_holding_exit:v1:000001.SZ:2024-02-21:entry,2024-02-22,insufficient_capital_for_one_lot,,,,
zero_quantity,000001.SZ,diagnostic_always_buy_holding_exit:v1:000001.SZ:2024-02-22:entry,2024-02-23,insufficient_capital_for_one_lot,,,,
zero_quantity,000001.SZ,diagnostic_always_buy_holding_exit:v1:000001.SZ:2024-02-23:entry,2024-02-26,insufficient_capital_for_one_lot,,,,
zero_quantity,000002.SZ,diagnostic_always_buy_holding_exit:v1:000002.SZ:2024-02-23:entry,2024-02-26,insufficient_capital_for_one_lot,,,,
zero_quantity,000001.SZ,diagnostic_always_buy_holding_exit:v1:000001.SZ:2024-02-26:entry,2024-02-27,insufficient_capital_for_one_lot,,,,
zero_quantity,000002.SZ,diagnostic_always_buy_holding_exit:v1:000002.SZ:2024-02-26:entry,2024-02-27,insufficient_capital_for_one_lot,,,,
zero_quantity,000001.SZ,diagnostic_always_buy_holding_exit:v1:000001.SZ:2024-02-27:entry,2024-02-28,insufficient_capital_for_one_lot,,,,
zero_quantity,000002.SZ,diagnostic_always_buy_holding_exit:v1:000002.SZ:2024-02-27:entry,2024-02-28,insufficient_capital_for_one_lot,,,,
zero_quantity,000002.SZ,diagnostic_always_buy_holding_exit:v1:000002.SZ:2024-02-28:entry,2024-02-29,insufficient_capital_for_one_lot,,,,
zero_quantity,000001.SZ,diagnostic_always_buy_holding_exit:v1:000001.SZ:2024-02-29:entry,2024-03-01,insufficient_capital_for_one_lot,,,,
zero_quantity,000002.SZ,diagnostic_always_buy_holding_exit:v1:000002.SZ:2024-02-29:entry,2024-03-01,insufficient_capital_for_one_lot,,,,
zero_quantity,000001.SZ,diagnostic_always_buy_holding_exit:v1:000001.SZ:2024-03-01:entry,2024-03-04,insufficient_capital_for_one_lot,,,,
zero_quantity,000001.SZ,diagnostic_always_buy_holding_exit:v1:000001.SZ:2024-03-04:entry,2024-03-05,insufficient_capital_for_one_lot,,,,
zero_quantity,000001.SZ,diagnostic_always_buy_holding_exit:v1:000001.SZ:2024-03-05:entry,2024-03-06,insufficient_capital_for_one_lot,,,,
zero_quantity,000001.SZ,diagnostic_always_buy_holding_exit:v1:000001.SZ:2024-03-06:entry,2024-03-07,insufficient_capital_for_one_lot,,,,
zero_quantity,000002.SZ,diagnostic_always_buy_holding_exit:v1:000002.SZ:2024-03-06:entry,2024-03-07,insufficient_capital_for_one_lot,,,,
zero_quantity,000001.SZ,diagnostic_always_buy_holding_exit:v1:000001.SZ:2024-03-07:entry,2024-03-08,insufficient_capital_for_one_lot,,,,
zero_quantity,000002.SZ,diagnostic_always_buy_holding_exit:v1:000002.SZ:2024-03-07:entry,2024-03-08,insufficient_capital_for_one_lot,,,,
zero_quantity,000001.SZ,diagnostic_always_buy_holding_exit:v1:000001.SZ:2024-03-08:entry,2024-03-11,insufficient_capital_for_one_lot,,,,
zero_quantity,000002.SZ,diagnostic_always_buy_holding_exit:v1:000002.SZ:2024-03-08:entry,2024-03-11,insufficient_capital_for_one_lot,,,,
zero_quantity,000001.SZ,diagnostic_always_buy_holding_exit:v1:000001.SZ:2024-03-11:entry,2024-03-12,insufficient_capital_for_one_lot,,,,
zero_quantity,000002.SZ,diagnostic_always_buy_holding_exit:v1:000002.SZ:2024-03-11:entry,2024-03-12,insufficient_capital_for_one_lot,,,,
zero_quantity,000001.SZ,diagnostic_always_buy_holding_exit:v1:000001.SZ:2024-03-12:entry,2024-03-13,insufficient_capital_for_one_lot,,,,
zero_quantity,000002.SZ,diagnostic_always_buy_holding_exit:v1:000002.SZ:2024-03-12:entry,2024-03-13,insufficient_capital_for_one_lot,,,,
zero_quantity,000001.SZ,diagnostic_always_buy_holding_exit:v1:000001.SZ:2024-03-13:entry,2024-03-14,insufficient_capital_for_one_lot,,,,
zero_quantity,000001.SZ,diagnostic_always_buy_holding_exit:v1:000001.SZ:2024-03-14:entry,2024-03-15,insufficient_capital_for_one_lot,,,,
zero_quantity,000001.SZ,diagnostic_always_buy_holding_exit:v1:000001.SZ:2024-03-15:entry,2024-03-18,insufficient_capital_for_one_lot,,,,
zero_quantity,000001.SZ,diagnostic_always_buy_holding_exit:v1:000001.SZ:2024-03-18:entry,2024-03-19,insufficient_capital_for_one_lot,,,,
zero_quantity,000001.SZ,diagnostic_always_buy_holding_exit:v1:000001.SZ:2024-03-19:entry,2024-03-20,insufficient_capital_for_one_lot,,,,
zero_quantity,000002.SZ,diagnostic_always_buy_holding_exit:v1:000002.SZ:2024-03-19:entry,2024-03-20,insufficient_capital_for_one_lot,,,,
zero_quantity,000001.SZ,diagnostic_always_buy_holding_exit:v1:000001.SZ:2024-03-20:entry,2024-03-21,insufficient_capital_for_one_lot,,,,
zero_quantity,000002.SZ,diagnostic_always_buy_holding_exit:v1:000002.SZ:2024-03-20:entry,2024-03-21,insufficient_capital_for_one_lot,,,,
zero_quantity,000001.SZ,diagnostic_always_buy_holding_exit:v1:000001.SZ:2024-03-21:entry,2024-03-22,insufficient_capital_for_one_lot,,,,
zero_quantity,000002.SZ,diagnostic_always_buy_holding_exit:v1:000002.SZ:2024-03-21:entry,2024-03-22,insufficient_capital_for_one_lot,,,,
zero_quantity,000001.SZ,diagnostic_always_buy_holding_exit:v1:000001.SZ:2024-03-22:entry,2024-03-25,insufficient_capital_for_one_lot,,,,
zero_quantity,000002.SZ,diagnostic_always_buy_holding_exit:v1:000002.SZ:2024-03-22:entry,2024-03-25,insufficient_capital_for_one_lot,,,,
zero_quantity,000001.SZ,diagnostic_always_buy_holding_exit:v1:000001.SZ:2024-03-25:entry,2024-03-26,insufficient_capital_for_one_lot,,,,
zero_quantity,000002.SZ,diagnostic_always_buy_holding_exit:v1:000002.SZ:2024-03-25:entry,2024-03-26,insufficient_capital_for_one_lot,,,,
zero_quantity,000001.SZ,diagnostic_always_buy_holding_exit:v1:000001.SZ:2024-03-26:entry,2024-03-27,insufficient_capital_for_one_lot,,,,
zero_quantity,000002.SZ,diagnostic_always_buy_holding_exit:v1:000002.SZ:2024-03-26:entry,2024-03-27,insufficient_capital_for_one_lot,,,,
zero_quantity,000001.SZ,diagnostic_always_buy_holding_exit:v1:000001.SZ:2024-03-27:entry,2024-03-28,insufficient_capital_for_one_lot,,,,
zero_quantity,000002.SZ,diagnostic_always_buy_holding_exit:v1:000002.SZ:2024-03-27:entry,2024-03-28,insufficient_capital_for_one_lot,,,,
zero_quantity,000001.SZ,diagnostic_always_buy_holding_exit:v1:000001.SZ:2024-03-29:entry,2024-04-01,insufficient_capital_for_one_lot,,,,
zero_quantity,000001.SZ,diagnostic_always_buy_holding_exit:v1:000001.SZ:2024-04-01:entry,2024-04-02,insufficient_capital_for_one_lot,,,,
zero_quantity,000001.SZ,diagnostic_always_buy_holding_exit:v1:000001.SZ:2024-04-03:entry,2024-04-04,insufficient_capital_for_one_lot,,,,
zero_quantity,000002.SZ,diagnostic_always_buy_holding_exit:v1:000002.SZ:2024-04-03:entry,2024-04-04,insufficient_capital_for_one_lot,,,,
zero_quantity,000001.SZ,diagnostic_always_buy_holding_exit:v1:000001.SZ:2024-04-04:entry,2024-04-05,insufficient_capital_for_one_lot,,,,
zero_quantity,000002.SZ,diagnostic_always_buy_holding_exit:v1:000002.SZ:2024-04-04:entry,2024-04-05,insufficient_capital_for_one_lot,,,,
zero_quantity,000001.SZ,diagnostic_always_buy_holding_exit:v1:000001.SZ:2024-04-05:entry,2024-04-08,insufficient_capital_for_one_lot,,,,
zero_quantity,000002.SZ,diagnostic_always_buy_holding_exit:v1:000002.SZ:2024-04-05:entry,2024-04-08,insufficient_capital_for_one_lot,,,,
zero_quantity,000001.SZ,diagnostic_always_buy_holding_exit:v1:000001.SZ:2024-04-08:entry,2024-04-09,insufficient_capital_for_one_lot,,,,
zero_quantity,000002.SZ,diagnostic_always_buy_holding_exit:v1:000002.SZ:2024-04-08:entry,2024-04-09,insufficient_capital_for_one_lot,,,,
zero_quantity,000001.SZ,diagnostic_always_buy_holding_exit:v1:000001.SZ:2024-04-09:entry,2024-04-10,insufficient_capital_for_one_lot,,,,
zero_quantity,000002.SZ,diagnostic_always_buy_holding_exit:v1:000002.SZ:2024-04-10:entry,2024-04-11,insufficient_capital_for_one_lot,,,,
zero_quantity,000002.SZ,diagnostic_always_buy_holding_exit:v1:000002.SZ:2024-04-11:entry,2024-04-12,insufficient_capital_for_one_lot,,,,
zero_quantity,000002.SZ,diagnostic_always_buy_holding_exit:v1:000002.SZ:2024-04-12:entry,2024-04-15,insufficient_capital_for_one_lot,,,,
zero_quantity,000001.SZ,diagnostic_always_buy_holding_exit:v1:000001.SZ:2024-04-15:entry,2024-04-16,insufficient_capital_for_one_lot,,,,
zero_quantity,000002.SZ,diagnostic_always_buy_holding_exit:v1:000002.SZ:2024-04-15:entry,2024-04-16,insufficient_capital_for_one_lot,,,,
zero_quantity,000001.SZ,diagnostic_always_buy_holding_exit:v1:000001.SZ:2024-04-16:entry,2024-04-17,insufficient_capital_for_one_lot,,,,
zero_quantity,000002.SZ,diagnostic_always_buy_holding_exit:v1:000002.SZ:2024-04-16:entry,2024-04-17,insufficient_capital_for_one_lot,,,,
zero_quantity,000002.SZ,diagnostic_always_buy_holding_exit:v1:000002.SZ:2024-04-17:entry,2024-04-18,insufficient_capital_for_one_lot,,,,
zero_quantity,000001.SZ,diagnostic_always_buy_holding_exit:v1:000001.SZ:2024-04-19:entry,2024-04-22,insufficient_capital_for_one_lot,,,,
zero_quantity,600000.SH,diagnostic_always_buy_holding_exit:v1:600000.SH:2024-04-22:entry,2024-04-23,insufficient_capital_for_one_lot,,,,
zero_quantity,000001.SZ,diagnostic_always_buy_holding_exit:v1:000001.SZ:2024-04-25:entry,2024-04-26,insufficient_capital_for_one_lot,,,,
zero_quantity,000002.SZ,diagnostic_always_buy_holding_exit:v1:000002.SZ:2024-04-25:entry,2024-04-26,insufficient_capital_for_one_lot,,,,
zero_quantity,000002.SZ,diagnostic_always_buy_holding_exit:v1:000002.SZ:2024-04-26:entry,2024-04-29,insufficient_capital_for_one_lot,,,,
zero_quantity,000002.SZ,diagnostic_always_buy_holding_exit:v1:000002.SZ:2024-04-29:entry,2024-04-30,insufficient_capital_for_one_lot,,,,
zero_quantity,600000.SH,diagnostic_always_buy_holding_exit:v1:600000.SH:2024-04-29:entry,2024-04-30,insufficient_capital_for_one_lot,,,,
zero_quantity,000002.SZ,diagnostic_always_buy_holding_exit:v1:000002.SZ:2024-04-30:entry,2024-05-01,insufficient_capital_for_one_lot,,,,
zero_quantity,600000.SH,diagnostic_always_buy_holding_exit:v1:600000.SH:2024-04-30:entry,2024-05-01,insufficient_capital_for_one_lot,,,,
zero_quantity,000002.SZ,diagnostic_always_buy_holding_exit:v1:000002.SZ:2024-05-01:entry,2024-05-02,insufficient_capital_for_one_lot,,,,
zero_quantity,600000.SH,diagnostic_always_buy_holding_exit:v1:600000.SH:2024-05-01:entry,2024-05-02,insufficient_capital_for_one_lot,,,,
zero_quantity,000002.SZ,diagnostic_always_buy_holding_exit:v1:000002.SZ:2024-05-02:entry,2024-05-03,insufficient_capital_for_one_lot,,,,
zero_quantity,000002.SZ,diagnostic_always_buy_holding_exit:v1:000002.SZ:2024-05-03:entry,2024-05-06,insufficient_capital_for_one_lot,,,,
zero_quantity,000002.SZ,diagnostic_always_buy_holding_exit:v1:000002.SZ:2024-05-06:entry,2024-05-07,insufficient_capital_for_one_lot,,,,
zero_quantity,000002.SZ,diagnostic_always_buy_holding_exit:v1:000002.SZ:2024-05-07:entry,2024-05-08,insufficient_capital_for_one_lot,,,,
zero_quantity,000001.SZ,diagnostic_always_buy_holding_exit:v1:000001.SZ:2024-05-08:entry,2024-05-09,insufficient_capital_for_one_lot,,,,
zero_quantity,000002.SZ,diagnostic_always_buy_holding_exit:v1:000002.SZ:2024-05-08:entry,2024-05-09,insufficient_capital_for_one_lot,,,,
zero_quantity,000001.SZ,diagnostic_always_buy_holding_exit:v1:000001.SZ:2024-05-09:entry,2024-05-10,insufficient_capital_for_one_lot,,,,
zero_quantity,000002.SZ,diagnostic_always_buy_holding_exit:v1:000002.SZ:2024-05-09:entry,2024-05-10,insufficient_capital_for_one_lot,,,,
zero_quantity,000001.SZ,diagnostic_always_buy_holding_exit:v1:000001.SZ:2024-05-10:entry,2024-05-13,insufficient_capital_for_one_lot,,,,
zero_quantity,000002.SZ,diagnostic_always_buy_holding_exit:v1:000002.SZ:2024-05-10:entry,2024-05-13,insufficient_capital_for_one_lot,,,,
zero_quantity,000001.SZ,diagnostic_always_buy_holding_exit:v1:000001.SZ:2024-05-13:entry,2024-05-14,insufficient_capital_for_one_lot,,,,
zero_quantity,600000.SH,diagnostic_always_buy_holding_exit:v1:600000.SH:2024-05-14:entry,2024-05-15,insufficient_capital_for_one_lot,,,,
zero_quantity,600000.SH,diagnostic_always_buy_holding_exit:v1:600000.SH:2024-05-15:entry,2024-05-16,insufficient_capital_for_one_lot,,,,
zero_quantity,600000.SH,diagnostic_always_buy_holding_exit:v1:600000.SH:2024-05-16:entry,2024-05-17,insufficient_capital_for_one_lot,,,,
zero_quantity,000001.SZ,diagnostic_always_buy_holding_exit:v1:000001.SZ:2024-05-17:entry,2024-05-20,insufficient_capital_for_one_lot,,,,
zero_quantity,000002.SZ,diagnostic_always_buy_holding_exit:v1:000002.SZ:2024-05-17:entry,2024-05-20,insufficient_capital_for_one_lot,,,,
zero_quantity,600000.SH,diagnostic_always_buy_holding_exit:v1:600000.SH:2024-05-17:entry,2024-05-20,insufficient_capital_for_one_lot,,,,
zero_quantity,000002.SZ,diagnostic_always_buy_holding_exit:v1:000002.SZ:2024-05-20:entry,2024-05-21,insufficient_capital_for_one_lot,,,,
zero_quantity,600000.SH,diagnostic_always_buy_holding_exit:v1:600000.SH:2024-05-20:entry,2024-05-21,insufficient_capital_for_one_lot,,,,
zero_quantity,000001.SZ,diagnostic_always_buy_holding_exit:v1:000001.SZ:2024-05-21:entry,2024-05-22,insufficient_capital_for_one_lot,,,,
zero_quantity,000002.SZ,diagnostic_always_buy_holding_exit:v1:000002.SZ:2024-05-21:entry,2024-05-22,insufficient_capital_for_one_lot,,,,
zero_quantity,600000.SH,diagnostic_always_buy_holding_exit:v1:600000.SH:2024-05-21:entry,2024-05-22,insufficient_capital_for_one_lot,,,,
zero_quantity,000001.SZ,diagnostic_always_buy_holding_exit:v1:000001.SZ:2024-05-22:entry,2024-05-23,insufficient_capital_for_one_lot,,,,
zero_quantity,600000.SH,diagnostic_always_buy_holding_exit:v1:600000.SH:2024-05-22:entry,2024-05-23,insufficient_capital_for_one_lot,,,,
zero_quantity,000001.SZ,diagnostic_always_buy_holding_exit:v1:000001.SZ:2024-05-23:entry,2024-05-24,insufficient_capital_for_one_lot,,,,
zero_quantity,600000.SH,diagnostic_always_buy_holding_exit:v1:600000.SH:2024-05-23:entry,2024-05-24,insufficient_capital_for_one_lot,,,,
zero_quantity,000001.SZ,diagnostic_always_buy_holding_exit:v1:000001.SZ:2024-05-24:entry,2024-05-27,insufficient_capital_for_one_lot,,,,
zero_quantity,600000.SH,diagnostic_always_buy_holding_exit:v1:600000.SH:2024-05-24:entry,2024-05-27,insufficient_capital_for_one_lot,,,,
zero_quantity,000001.SZ,diagnostic_always_buy_holding_exit:v1:000001.SZ:2024-05-27:entry,2024-05-28,insufficient_capital_for_one_lot,,,,
zero_quantity,600000.SH,diagnostic_always_buy_holding_exit:v1:600000.SH:2024-05-27:entry,2024-05-28,insufficient_capital_for_one_lot,,,,
zero_quantity,000001.SZ,diagnostic_always_buy_holding_exit:v1:000001.SZ:2024-05-28:entry,2024-05-29,insufficient_capital_for_one_lot,,,,
zero_quantity,000002.SZ,diagnostic_always_buy_holding_exit:v1:000002.SZ:2024-05-28:entry,2024-05-29,insufficient_capital_for_one_lot,,,,
zero_quantity,600000.SH,diagnostic_always_buy_holding_exit:v1:600000.SH:2024-05-28:entry,2024-05-29,insufficient_capital_for_one_lot,,,,
zero_quantity,000001.SZ,diagnostic_always_buy_holding_exit:v1:000001.SZ:2024-05-29:entry,2024-05-30,insufficient_capital_for_one_lot,,,,
zero_quantity,600000.SH,diagnostic_always_buy_holding_exit:v1:600000.SH:2024-05-29:entry,2024-05-30,insufficient_capital_for_one_lot,,,,
zero_quantity,000001.SZ,diagnostic_always_buy_holding_exit:v1:000001.SZ:2024-05-30:entry,2024-05-31,insufficient_capital_for_one_lot,,,,
zero_quantity,000002.SZ,diagnostic_always_buy_holding_exit:v1:000002.SZ:2024-05-30:entry,2024-05-31,insufficient_capital_for_one_lot,,,,
zero_quantity,600000.SH,diagnostic_always_buy_holding_exit:v1:600000.SH:2024-05-30:entry,2024-05-31,insufficient_capital_for_one_lot,,,,
zero_quantity,000001.SZ,diagnostic_always_buy_holding_exit:v1:000001.SZ:2024-05-31:entry,2024-06-03,insufficient_capital_for_one_lot,,,,
zero_quantity,000002.SZ,diagnostic_always_buy_holding_exit:v1:000002.SZ:2024-05-31:entry,2024-06-03,insufficient_capital_for_one_lot,,,,
zero_quantity,600000.SH,diagnostic_always_buy_holding_exit:v1:600000.SH:2024-05-31:entry,2024-06-03,insufficient_capital_for_one_lot,,,,
zero_quantity,000002.SZ,diagnostic_always_buy_holding_exit:v1:000002.SZ:2024-06-03:entry,2024-06-04,insufficient_capital_for_one_lot,,,,
zero_quantity,600000.SH,diagnostic_always_buy_holding_exit:v1:600000.SH:2024-06-03:entry,2024-06-04,insufficient_capital_for_one_lot,,,,
zero_quantity,000002.SZ,diagnostic_always_buy_holding_exit:v1:000002.SZ:2024-06-04:entry,2024-06-05,insufficient_capital_for_one_lot,,,,
zero_quantity,600000.SH,diagnostic_always_buy_holding_exit:v1:600000.SH:2024-06-04:entry,2024-06-05,insufficient_capital_for_one_lot,,,,
zero_quantity,000001.SZ,diagnostic_always_buy_holding_exit:v1:000001.SZ:2024-06-05:entry,2024-06-06,insufficient_capital_for_one_lot,,,,
zero_quantity,000002.SZ,diagnostic_always_buy_holding_exit:v1:000002.SZ:2024-06-05:entry,2024-06-06,insufficient_capital_for_one_lot,,,,
zero_quantity,600000.SH,diagnostic_always_buy_holding_exit:v1:600000.SH:2024-06-05:entry,2024-06-06,insufficient_capital_for_one_lot,,,,
zero_quantity,000001.SZ,diagnostic_always_buy_holding_exit:v1:000001.SZ:2024-06-06:entry,2024-06-07,insufficient_capital_for_one_lot,,,,
zero_quantity,000002.SZ,diagnostic_always_buy_holding_exit:v1:000002.SZ:2024-06-06:entry,2024-06-07,insufficient_capital_for_one_lot,,,,
zero_quantity,000001.SZ,diagnostic_always_buy_holding_exit:v1:000001.SZ:2024-06-07:entry,2024-06-10,insufficient_capital_for_one_lot,,,,
zero_quantity,600000.SH,diagnostic_always_buy_holding_exit:v1:600000.SH:2024-06-07:entry,2024-06-10,insufficient_capital_for_one_lot,,,,
zero_quantity,000001.SZ,diagnostic_always_buy_holding_exit:v1:000001.SZ:2024-06-10:entry,2024-06-11,insufficient_capital_for_one_lot,,,,
zero_quantity,000002.SZ,diagnostic_always_buy_holding_exit:v1:000002.SZ:2024-06-10:entry,2024-06-11,insufficient_capital_for_one_lot,,,,
zero_quantity,000001.SZ,diagnostic_always_buy_holding_exit:v1:000001.SZ:2024-06-11:entry,2024-06-12,insufficient_capital_for_one_lot,,,,
zero_quantity,600000.SH,diagnostic_always_buy_holding_exit:v1:600000.SH:2024-06-11:entry,2024-06-12,insufficient_capital_for_one_lot,,,,
zero_quantity,000001.SZ,diagnostic_always_buy_holding_exit:v1:000001.SZ:2024-06-12:entry,2024-06-13,insufficient_capital_for_one_lot,,,,
zero_quantity,600000.SH,diagnostic_always_buy_holding_exit:v1:600000.SH:2024-06-12:entry,2024-06-13,insufficient_capital_for_one_lot,,,,
zero_quantity,000001.SZ,diagnostic_always_buy_holding_exit:v1:000001.SZ:2024-06-13:entry,2024-06-14,insufficient_capital_for_one_lot,,,,
zero_quantity,000002.SZ,diagnostic_always_buy_holding_exit:v1:000002.SZ:2024-06-13:entry,2024-06-14,insufficient_capital_for_one_lot,,,,
zero_quantity,600000.SH,diagnostic_always_buy_holding_exit:v1:600000.SH:2024-06-13:entry,2024-06-14,insufficient_capital_for_one_lot,,,,
zero_quantity,000001.SZ,diagnostic_always_buy_holding_exit:v1:000001.SZ:2024-06-14:entry,2024-06-17,insufficient_capital_for_one_lot,,,,
zero_quantity,600000.SH,diagnostic_always_buy_holding_exit:v1:600000.SH:2024-06-14:entry,2024-06-17,insufficient_capital_for_one_lot,,,,
zero_quantity,000001.SZ,diagnostic_always_buy_holding_exit:v1:000001.SZ:2024-06-17:entry,2024-06-18,insufficient_capital_for_one_lot,,,,
zero_quantity,600000.SH,diagnostic_always_buy_holding_exit:v1:600000.SH:2024-06-17:entry,2024-06-18,insufficient_capital_for_one_lot,,,,
zero_quantity,000002.SZ,diagnostic_always_buy_holding_exit:v1:000002.SZ:2024-06-21:entry,2024-06-24,insufficient_capital_for_one_lot,,,,
zero_quantity,000001.SZ,diagnostic_always_buy_holding_exit:v1:000001.SZ:2024-06-26:entry,2024-06-27,insufficient_capital_for_one_lot,,,,
zero_quantity,600000.SH,diagnostic_always_buy_holding_exit:v1:600000.SH:2024-06-26:entry,2024-06-27,insufficient_capital_for_one_lot,,,,
zero_quantity,000001.SZ,diagnostic_always_buy_holding_exit:v1:000001.SZ:2024-06-27:entry,2024-06-28,insufficient_capital_for_one_lot,,,,
zero_quantity,600000.SH,diagnostic_always_buy_holding_exit:v1:600000.SH:2024-06-27:entry,2024-06-28,insufficient_capital_for_one_lot,,,,
zero_quantity,000001.SZ,diagnostic_always_buy_holding_exit:v1:000001.SZ:2024-06-28:entry,2024-07-01,insufficient_capital_for_one_lot,,,,
zero_quantity,000001.SZ,diagnostic_always_buy_holding_exit:v1:000001.SZ:2024-07-01:entry,2024-07-02,insufficient_capital_for_one_lot,,,,
zero_quantity,000002.SZ,diagnostic_always_buy_holding_exit:v1:000002.SZ:2024-07-01:entry,2024-07-02,insufficient_capital_for_one_lot,,,,
zero_quantity,000001.SZ,diagnostic_always_buy_holding_exit:v1:000001.SZ:2024-07-03:entry,2024-07-04,insufficient_capital_for_one_lot,,,,
zero_quantity,000001.SZ,diagnostic_always_buy_holding_exit:v1:000001.SZ:2024-07-05:entry,2024-07-08,insufficient_capital_for_one_lot,,,,
zero_quantity,000001.SZ,diagnostic_always_buy_holding_exit:v1:000001.SZ:2024-07-08:entry,2024-07-09,insufficient_capital_for_one_lot,,,,
zero_quantity,600000.SH,diagnostic_always_buy_holding_exit:v1:600000.SH:2024-07-08:entry,2024-07-09,insufficient_capital_for_one_lot,,,,
zero_quantity,000001.SZ,diagnostic_always_buy_holding_exit:v1:000001.SZ:2024-07-09:entry,2024-07-10,insufficient_capital_for_one_lot,,,,
zero_quantity,000002.SZ,diagnostic_always_buy_holding_exit:v1:000002.SZ:2024-07-09:entry,2024-07-10,insufficient_capital_for_one_lot,,,,
zero_quantity,000002.SZ,diagnostic_always_buy_holding_exit:v1:000002.SZ:2024-07-10:entry,2024-07-11,insufficient_capital_for_one_lot,,,,
zero_quantity,000001.SZ,diagnostic_always_buy_holding_exit:v1:000001.SZ:2024-07-11:entry,2024-07-12,insufficient_capital_for_one_lot,,,,
zero_quantity,000001.SZ,diagnostic_always_buy_holding_exit:v1:000001.SZ:2024-07-12:entry,2024-07-15,insufficient_capital_for_one_lot,,,,
zero_quantity,000001.SZ,diagnostic_always_buy_holding_exit:v1:000001.SZ:2024-07-15:entry,2024-07-16,insufficient_capital_for_one_lot,,,,
zero_quantity,000002.SZ,diagnostic_always_buy_holding_exit:v1:000002.SZ:2024-07-16:entry,2024-07-17,insufficient_capital_for_one_lot,,,,
zero_quantity,000002.SZ,diagnostic_always_buy_holding_exit:v1:000002.SZ:2024-07-17:entry,2024-07-18,insufficient_capital_for_one_lot,,,,
zero_quantity,000002.SZ,diagnostic_always_buy_holding_exit:v1:000002.SZ:2024-07-18:entry,2024-07-19,insufficient_capital_for_one_lot,,,,
zero_quantity,000002.SZ,diagnostic_always_buy_holding_exit:v1:000002.SZ:2024-07-19:entry,2024-07-22,insufficient_capital_for_one_lot,,,,
zero_quantity,000001.SZ,diagnostic_always_buy_holding_exit:v1:000001.SZ:2024-07-23:entry,2024-07-24,insufficient_capital_for_one_lot,,,,
zero_quantity,000002.SZ,diagnostic_always_buy_holding_exit:v1:000002.SZ:2024-07-24:entry,2024-07-25,insufficient_capital_for_one_lot,,,,
zero_quantity,000002.SZ,diagnostic_always_buy_holding_exit:v1:000002.SZ:2024-07-25:entry,2024-07-26,insufficient_capital_for_one_lot,,,,
zero_quantity,000002.SZ,diagnostic_always_buy_holding_exit:v1:000002.SZ:2024-07-26:entry,2024-07-29,insufficient_capital_for_one_lot,,,,
zero_quantity,000001.SZ,diagnostic_always_buy_holding_exit:v1:000001.SZ:2024-07-29:entry,2024-07-30,insufficient_capital_for_one_lot,,,,
zero_quantity,000001.SZ,diagnostic_always_buy_holding_exit:v1:000001.SZ:2024-07-30:entry,2024-07-31,insufficient_capital_for_one_lot,,,,
zero_quantity,000002.SZ,diagnostic_always_buy_holding_exit:v1:000002.SZ:2024-07-31:entry,2024-08-01,insufficient_capital_for_one_lot,,,,
zero_quantity,000002.SZ,diagnostic_always_buy_holding_exit:v1:000002.SZ:2024-08-01:entry,2024-08-02,insufficient_capital_for_one_lot,,,,
zero_quantity,000001.SZ,diagnostic_always_buy_holding_exit:v1:000001.SZ:2024-08-02:entry,2024-08-05,insufficient_capital_for_one_lot,,,,
zero_quantity,000001.SZ,diagnostic_always_buy_holding_exit:v1:000001.SZ:2024-08-05:entry,2024-08-06,insufficient_capital_for_one_lot,,,,
zero_quantity,000001.SZ,diagnostic_always_buy_holding_exit:v1:000001.SZ:2024-08-06:entry,2024-08-07,insufficient_capital_for_one_lot,,,,
zero_quantity,000001.SZ,diagnostic_always_buy_holding_exit:v1:000001.SZ:2024-08-07:entry,2024-08-08,insufficient_capital_for_one_lot,,,,
zero_quantity,000001.SZ,diagnostic_always_buy_holding_exit:v1:000001.SZ:2024-08-08:entry,2024-08-09,insufficient_capital_for_one_lot,,,,
zero_quantity,000002.SZ,diagnostic_always_buy_holding_exit:v1:000002.SZ:2024-08-08:entry,2024-08-09,insufficient_capital_for_one_lot,,,,
zero_quantity,000001.SZ,diagnostic_always_buy_holding_exit:v1:000001.SZ:2024-08-09:entry,2024-08-12,insufficient_capital_for_one_lot,,,,
zero_quantity,000002.SZ,diagnostic_always_buy_holding_exit:v1:000002.SZ:2024-08-09:entry,2024-08-12,insufficient_capital_for_one_lot,,,,
zero_quantity,000001.SZ,diagnostic_always_buy_holding_exit:v1:000001.SZ:2024-08-12:entry,2024-08-13,insufficient_capital_for_one_lot,,,,
zero_quantity,000001.SZ,diagnostic_always_buy_holding_exit:v1:000001.SZ:2024-08-13:entry,2024-08-14,insufficient_capital_for_one_lot,,,,
zero_quantity,000002.SZ,diagnostic_always_buy_holding_exit:v1:000002.SZ:2024-08-13:entry,2024-08-14,insufficient_capital_for_one_lot,,,,
zero_quantity,000001.SZ,diagnostic_always_buy_holding_exit:v1:000001.SZ:2024-08-14:entry,2024-08-15,insufficient_capital_for_one_lot,,,,
zero_quantity,000002.SZ,diagnostic_always_buy_holding_exit:v1:000002.SZ:2024-08-14:entry,2024-08-15,insufficient_capital_for_one_lot,,,,
zero_quantity,000001.SZ,diagnostic_always_buy_holding_exit:v1:000001.SZ:2024-08-15:entry,2024-08-16,insufficient_capital_for_one_lot,,,,
zero_quantity,000002.SZ,diagnostic_always_buy_holding_exit:v1:000002.SZ:2024-08-15:entry,2024-08-16,insufficient_capital_for_one_lot,,,,
zero_quantity,000001.SZ,diagnostic_always_buy_holding_exit:v1:000001.SZ:2024-08-16:entry,2024-08-19,insufficient_capital_for_one_lot,,,,
zero_quantity,000002.SZ,diagnostic_always_buy_holding_exit:v1:000002.SZ:2024-08-16:entry,2024-08-19,insufficient_capital_for_one_lot,,,,
zero_quantity,000001.SZ,diagnostic_always_buy_holding_exit:v1:000001.SZ:2024-08-19:entry,2024-08-20,insufficient_capital_for_one_lot,,,,
zero_quantity,000001.SZ,diagnostic_always_buy_holding_exit:v1:000001.SZ:2024-08-20:entry,2024-08-21,insufficient_capital_for_one_lot,,,,
zero_quantity,000002.SZ,diagnostic_always_buy_holding_exit:v1:000002.SZ:2024-08-20:entry,2024-08-21,insufficient_capital_for_one_lot,,,,
zero_quantity,000001.SZ,diagnostic_always_buy_holding_exit:v1:000001.SZ:2024-08-21:entry,2024-08-22,insufficient_capital_for_one_lot,,,,
zero_quantity,000002.SZ,diagnostic_always_buy_holding_exit:v1:000002.SZ:2024-08-21:entry,2024-08-22,insufficient_capital_for_one_lot,,,,
zero_quantity,000001.SZ,diagnostic_always_buy_holding_exit:v1:000001.SZ:2024-08-22:entry,2024-08-23,insufficient_capital_for_one_lot,,,,
zero_quantity,000001.SZ,diagnostic_always_buy_holding_exit:v1:000001.SZ:2024-08-23:entry,2024-08-26,insufficient_capital_for_one_lot,,,,
zero_quantity,000002.SZ,diagnostic_always_buy_holding_exit:v1:000002.SZ:2024-08-23:entry,2024-08-26,insufficient_capital_for_one_lot,,,,
zero_quantity,000002.SZ,diagnostic_always_buy_holding_exit:v1:000002.SZ:2024-08-26:entry,2024-08-27,insufficient_capital_for_one_lot,,,,
zero_quantity,000002.SZ,diagnostic_always_buy_holding_exit:v1:000002.SZ:2024-08-27:entry,2024-08-28,insufficient_capital_for_one_lot,,,,
zero_quantity,000002.SZ,diagnostic_always_buy_holding_exit:v1:000002.SZ:2024-08-28:entry,2024-08-29,insufficient_capital_for_one_lot,,,,
zero_quantity,000002.SZ,diagnostic_always_buy_holding_exit:v1:000002.SZ:2024-08-29:entry,2024-08-30,insufficient_capital_for_one_lot,,,,
zero_quantity,000002.SZ,diagnostic_always_buy_holding_exit:v1:000002.SZ:2024-08-30:entry,2024-09-02,insufficient_capital_for_one_lot,,,,
zero_quantity,000001.SZ,diagnostic_always_buy_holding_exit:v1:000001.SZ:2024-09-02:entry,2024-09-03,insufficient_capital_for_one_lot,,,,
zero_quantity,000002.SZ,diagnostic_always_buy_holding_exit:v1:000002.SZ:2024-09-02:entry,2024-09-03,insufficient_capital_for_one_lot,,,,
zero_quantity,000001.SZ,diagnostic_always_buy_holding_exit:v1:000001.SZ:2024-09-03:entry,2024-09-04,insufficient_capital_for_one_lot,,,,
zero_quantity,000002.SZ,diagnostic_always_buy_holding_exit:v1:000002.SZ:2024-09-03:entry,2024-09-04,insufficient_capital_for_one_lot,,,,
zero_quantity,000001.SZ,diagnostic_always_buy_holding_exit:v1:000001.SZ:2024-09-04:entry,2024-09-05,insufficient_capital_for_one_lot,,,,
zero_quantity,000001.SZ,diagnostic_always_buy_holding_exit:v1:000001.SZ:2024-09-05:entry,2024-09-06,insufficient_capital_for_one_lot,,,,
zero_quantity,000002.SZ,diagnostic_always_buy_holding_exit:v1:000002.SZ:2024-09-05:entry,2024-09-06,insufficient_capital_for_one_lot,,,,
zero_quantity,000002.SZ,diagnostic_always_buy_holding_exit:v1:000002.SZ:2024-09-09:entry,2024-09-10,insufficient_capital_for_one_lot,,,,
zero_quantity,600000.SH,diagnostic_always_buy_holding_exit:v1:600000.SH:2024-09-10:entry,2024-09-11,insufficient_capital_for_one_lot,,,,
zero_quantity,000001.SZ,diagnostic_always_buy_holding_exit:v1:000001.SZ:2024-09-11:entry,2024-09-12,insufficient_capital_for_one_lot,,,,
zero_quantity,600000.SH,diagnostic_always_buy_holding_exit:v1:600000.SH:2024-09-11:entry,2024-09-12,insufficient_capital_for_one_lot,,,,
zero_quantity,000002.SZ,diagnostic_always_buy_holding_exit:v1:000002.SZ:2024-09-12:entry,2024-09-13,insufficient_capital_for_one_lot,,,,
zero_quantity,000002.SZ,diagnostic_always_buy_holding_exit:v1:000002.SZ:2024-09-13:entry,2024-09-16,insufficient_capital_for_one_lot,,,,
zero_quantity,000002.SZ,diagnostic_always_buy_holding_exit:v1:000002.SZ:2024-09-16:entry,2024-09-17,insufficient_capital_for_one_lot,,,,
zero_quantity,000002.SZ,diagnostic_always_buy_holding_exit:v1:000002.SZ:2024-09-17:entry,2024-09-18,insufficient_capital_for_one_lot,,,,
zero_quantity,000001.SZ,diagnostic_always_buy_holding_exit:v1:000001.SZ:2024-09-18:entry,2024-09-19,insufficient_capital_for_one_lot,,,,
zero_quantity,000002.SZ,diagnostic_always_buy_holding_exit:v1:000002.SZ:2024-09-18:entry,2024-09-19,insufficient_capital_for_one_lot,,,,
zero_quantity,000002.SZ,diagnostic_always_buy_holding_exit:v1:000002.SZ:2024-09-19:entry,2024-09-20,insufficient_capital_for_one_lot,,,,
zero_quantity,000002.SZ,diagnostic_always_buy_holding_exit:v1:000002.SZ:2024-09-20:entry,2024-09-23,insufficient_capital_for_one_lot,,,,
zero_quantity,600000.SH,diagnostic_always_buy_holding_exit:v1:600000.SH:2024-09-20:entry,2024-09-23,insufficient_capital_for_one_lot,,,,
zero_quantity,000002.SZ,diagnostic_always_buy_holding_exit:v1:000002.SZ:2024-09-23:entry,2024-09-24,insufficient_capital_for_one_lot,,,,
zero_quantity,600000.SH,diagnostic_always_buy_holding_exit:v1:600000.SH:2024-09-23:entry,2024-09-24,insufficient_capital_for_one_lot,,,,
zero_quantity,000002.SZ,diagnostic_always_buy_holding_exit:v1:000002.SZ:2024-09-24:entry,2024-09-25,insufficient_capital_for_one_lot,,,,
zero_quantity,600000.SH,diagnostic_always_buy_holding_exit:v1:600000.SH:2024-09-24:entry,2024-09-25,insufficient_capital_for_one_lot,,,,
zero_quantity,000001.SZ,diagnostic_always_buy_holding_exit:v1:000001.SZ:2024-09-25:entry,2024-09-26,insufficient_capital_for_one_lot,,,,
zero_quantity,000002.SZ,diagnostic_always_buy_holding_exit:v1:000002.SZ:2024-09-25:entry,2024-09-26,insufficient_capital_for_one_lot,,,,
zero_quantity,600000.SH,diagnostic_always_buy_holding_exit:v1:600000.SH:2024-09-25:entry,2024-09-26,insufficient_capital_for_one_lot,,,,
zero_quantity,000002.SZ,diagnostic_always_buy_holding_exit:v1:000002.SZ:2024-09-26:entry,2024-09-27,insufficient_capital_for_one_lot,,,,
zero_quantity,600000.SH,diagnostic_always_buy_holding_exit:v1:600000.SH:2024-09-26:entry,2024-09-27,insufficient_capital_for_one_lot,,,,
zero_quantity,000001.SZ,diagnostic_always_buy_holding_exit:v1:000001.SZ:2024-09-27:entry,2024-09-30,insufficient_capital_for_one_lot,,,,
zero_quantity,000002.SZ,diagnostic_always_buy_holding_exit:v1:000002.SZ:2024-09-27:entry,2024-09-30,insufficient_capital_for_one_lot,,,,
zero_quantity,600000.SH,diagnostic_always_buy_holding_exit:v1:600000.SH:2024-09-27:entry,2024-09-30,insufficient_capital_for_one_lot,,,,
zero_quantity,000002.SZ,diagnostic_always_buy_holding_exit:v1:000002.SZ:2024-09-30:entry,2024-10-01,insufficient_capital_for_one_lot,,,,
zero_quantity,600000.SH,diagnostic_always_buy_holding_exit:v1:600000.SH:2024-09-30:entry,2024-10-01,insufficient_capital_for_one_lot,,,,
zero_quantity,000002.SZ,diagnostic_always_buy_holding_exit:v1:000002.SZ:2024-10-01:entry,2024-10-02,insufficient_capital_for_one_lot,,,,
zero_quantity,600000.SH,diagnostic_always_buy_holding_exit:v1:600000.SH:2024-10-01:entry,2024-10-02,insufficient_capital_for_one_lot,,,,
zero_quantity,000002.SZ,diagnostic_always_buy_holding_exit:v1:000002.SZ:2024-10-02:entry,2024-10-03,insufficient_capital_for_one_lot,,,,
zero_quantity,600000.SH,diagnostic_always_buy_holding_exit:v1:600000.SH:2024-10-02:entry,2024-10-03,insufficient_capital_for_one_lot,,,,
zero_quantity,000002.SZ,diagnostic_always_buy_holding_exit:v1:000002.SZ:2024-10-03:entry,2024-10-04,insufficient_capital_for_one_lot,,,,
zero_quantity,600000.SH,diagnostic_always_buy_holding_exit:v1:600000.SH:2024-10-03:entry,2024-10-04,insufficient_capital_for_one_lot,,,,
zero_quantity,000002.SZ,diagnostic_always_buy_holding_exit:v1:000002.SZ:2024-10-04:entry,2024-10-07,insufficient_capital_for_one_lot,,,,
zero_quantity,600000.SH,diagnostic_always_buy_holding_exit:v1:600000.SH:2024-10-04:entry,2024-10-07,insufficient_capital_for_one_lot,,,,
zero_quantity,000002.SZ,diagnostic_always_buy_holding_exit:v1:000002.SZ:2024-10-07:entry,2024-10-08,insufficient_capital_for_one_lot,,,,
zero_quantity,600000.SH,diagnostic_always_buy_holding_exit:v1:600000.SH:2024-10-07:entry,2024-10-08,insufficient_capital_for_one_lot,,,,
zero_quantity,000001.SZ,diagnostic_always_buy_holding_exit:v1:000001.SZ:2024-10-08:entry,2024-10-09,insufficient_capital_for_one_lot,,,,
zero_quantity,000002.SZ,diagnostic_always_buy_holding_exit:v1:000002.SZ:2024-10-08:entry,2024-10-09,insufficient_capital_for_one_lot,,,,
zero_quantity,600000.SH,diagnostic_always_buy_holding_exit:v1:600000.SH:2024-10-08:entry,2024-10-09,insufficient_capital_for_one_lot,,,,
zero_quantity,000001.SZ,diagnostic_always_buy_holding_exit:v1:000001.SZ:2024-10-09:entry,2024-10-10,insufficient_capital_for_one_lot,,,,
zero_quantity,000002.SZ,diagnostic_always_buy_holding_exit:v1:000002.SZ:2024-10-09:entry,2024-10-10,insufficient_capital_for_one_lot,,,,
zero_quantity,600000.SH,diagnostic_always_buy_holding_exit:v1:600000.SH:2024-10-09:entry,2024-10-10,insufficient_capital_for_one_lot,,,,
zero_quantity,000001.SZ,diagnostic_always_buy_holding_exit:v1:000001.SZ:2024-10-10:entry,2024-10-11,insufficient_capital_for_one_lot,,,,
zero_quantity,000002.SZ,diagnostic_always_buy_holding_exit:v1:000002.SZ:2024-10-10:entry,2024-10-11,insufficient_capital_for_one_lot,,,,
zero_quantity,600000.SH,diagnostic_always_buy_holding_exit:v1:600000.SH:2024-10-10:entry,2024-10-11,insufficient_capital_for_one_lot,,,,
zero_quantity,000001.SZ,diagnostic_always_buy_holding_exit:v1:000001.SZ:2024-10-11:entry,2024-10-14,insufficient_capital_for_one_lot,,,,
zero_quantity,600000.SH,diagnostic_always_buy_holding_exit:v1:600000.SH:2024-10-11:entry,2024-10-14,insufficient_capital_for_one_lot,,,,
zero_quantity,600000.SH,diagnostic_always_buy_holding_exit:v1:600000.SH:2024-10-14:entry,2024-10-15,insufficient_capital_for_one_lot,,,,
zero_quantity,000002.SZ,diagnostic_always_buy_holding_exit:v1:000002.SZ:2024-10-15:entry,2024-10-16,insufficient_capital_for_one_lot,,,,
zero_quantity,600000.SH,diagnostic_always_buy_holding_exit:v1:600000.SH:2024-10-15:entry,2024-10-16,insufficient_capital_for_one_lot,,,,
zero_quantity,000001.SZ,diagnostic_always_buy_holding_exit:v1:000001.SZ:2024-10-16:entry,2024-10-17,insufficient_capital_for_one_lot,,,,
zero_quantity,000002.SZ,diagnostic_always_buy_holding_exit:v1:000002.SZ:2024-10-16:entry,2024-10-17,insufficient_capital_for_one_lot,,,,
zero_quantity,600000.SH,diagnostic_always_buy_holding_exit:v1:600000.SH:2024-10-16:entry,2024-10-17,insufficient_capital_for_one_lot,,,,
zero_quantity,000001.SZ,diagnostic_always_buy_holding_exit:v1:000001.SZ:2024-10-17:entry,2024-10-18,insufficient_capital_for_one_lot,,,,
zero_quantity,000002.SZ,diagnostic_always_buy_holding_exit:v1:000002.SZ:2024-10-17:entry,2024-10-18,insufficient_capital_for_one_lot,,,,
zero_quantity,600000.SH,diagnostic_always_buy_holding_exit:v1:600000.SH:2024-10-17:entry,2024-10-18,insufficient_capital_for_one_lot,,,,
zero_quantity,000001.SZ,diagnostic_always_buy_holding_exit:v1:000001.SZ:2024-10-18:entry,2024-10-21,insufficient_capital_for_one_lot,,,,
zero_quantity,000002.SZ,diagnostic_always_buy_holding_exit:v1:000002.SZ:2024-10-18:entry,2024-10-21,insufficient_capital_for_one_lot,,,,
zero_quantity,600000.SH,diagnostic_always_buy_holding_exit:v1:600000.SH:2024-10-18:entry,2024-10-21,insufficient_capital_for_one_lot,,,,
zero_quantity,000002.SZ,diagnostic_always_buy_holding_exit:v1:000002.SZ:2024-10-21:entry,2024-10-22,insufficient_capital_for_one_lot,,,,
zero_quantity,600000.SH,diagnostic_always_buy_holding_exit:v1:600000.SH:2024-10-21:entry,2024-10-22,insufficient_capital_for_one_lot,,,,
zero_quantity,000002.SZ,diagnostic_always_buy_holding_exit:v1:000002.SZ:2024-10-22:entry,2024-10-23,insufficient_capital_for_one_lot,,,,
zero_quantity,600000.SH,diagnostic_always_buy_holding_exit:v1:600000.SH:2024-10-22:entry,2024-10-23,insufficient_capital_for_one_lot,,,,
zero_quantity,000002.SZ,diagnostic_always_buy_holding_exit:v1:000002.SZ:2024-10-23:entry,2024-10-24,insufficient_capital_for_one_lot,,,,
zero_quantity,600000.SH,diagnostic_always_buy_holding_exit:v1:600000.SH:2024-10-23:entry,2024-10-24,insufficient_capital_for_one_lot,,,,
zero_quantity,000002.SZ,diagnostic_always_buy_holding_exit:v1:000002.SZ:2024-10-24:entry,2024-10-25,insufficient_capital_for_one_lot,,,,
zero_quantity,600000.SH,diagnostic_always_buy_holding_exit:v1:600000.SH:2024-10-24:entry,2024-10-25,insufficient_capital_for_one_lot,,,,
zero_quantity,000002.SZ,diagnostic_always_buy_holding_exit:v1:000002.SZ:2024-10-25:entry,2024-10-28,insufficient_capital_for_one_lot,,,,
zero_quantity,600000.SH,diagnostic_always_buy_holding_exit:v1:600000.SH:2024-10-25:entry,2024-10-28,insufficient_capital_for_one_lot,,,,
zero_quantity,000001.SZ,diagnostic_always_buy_holding_exit:v1:000001.SZ:2024-10-28:entry,2024-10-29,insufficient_capital_for_one_lot,,,,
zero_quantity,000002.SZ,diagnostic_always_buy_holding_exit:v1:000002.SZ:2024-10-28:entry,2024-10-29,insufficient_capital_for_one_lot,,,,
zero_quantity,600000.SH,diagnostic_always_buy_holding_exit:v1:600000.SH:2024-10-28:entry,2024-10-29,insufficient_capital_for_one_lot,,,,
zero_quantity,000001.SZ,diagnostic_always_buy_holding_exit:v1:000001.SZ:2024-10-29:entry,2024-10-30,insufficient_capital_for_one_lot,,,,
zero_quantity,000002.SZ,diagnostic_always_buy_holding_exit:v1:000002.SZ:2024-10-29:entry,2024-10-30,insufficient_capital_for_one_lot,,,,
zero_quantity,600000.SH,diagnostic_always_buy_holding_exit:v1:600000.SH:2024-10-29:entry,2024-10-30,insufficient_capital_for_one_lot,,,,
zero_quantity,000001.SZ,diagnostic_always_buy_holding_exit:v1:000001.SZ:2024-10-30:entry,2024-10-31,insufficient_capital_for_one_lot,,,,
zero_quantity,000002.SZ,diagnostic_always_buy_holding_exit:v1:000002.SZ:2024-10-30:entry,2024-10-31,insufficient_capital_for_one_lot,,,,
zero_quantity,600000.SH,diagnostic_always_buy_holding_exit:v1:600000.SH:2024-10-30:entry,2024-10-31,insufficient_capital_for_one_lot,,,,
zero_quantity,000001.SZ,diagnostic_always_buy_holding_exit:v1:000001.SZ:2024-10-31:entry,2024-11-01,insufficient_capital_for_one_lot,,,,
zero_quantity,600000.SH,diagnostic_always_buy_holding_exit:v1:600000.SH:2024-10-31:entry,2024-11-01,insufficient_capital_for_one_lot,,,,
zero_quantity,000001.SZ,diagnostic_always_buy_holding_exit:v1:000001.SZ:2024-11-01:entry,2024-11-04,insufficient_capital_for_one_lot,,,,
zero_quantity,600000.SH,diagnostic_always_buy_holding_exit:v1:600000.SH:2024-11-01:entry,2024-11-04,insufficient_capital_for_one_lot,,,,
zero_quantity,000001.SZ,diagnostic_always_buy_holding_exit:v1:000001.SZ:2024-11-04:entry,2024-11-05,insufficient_capital_for_one_lot,,,,
zero_quantity,600000.SH,diagnostic_always_buy_holding_exit:v1:600000.SH:2024-11-04:entry,2024-11-05,insufficient_capital_for_one_lot,,,,
zero_quantity,000001.SZ,diagnostic_always_buy_holding_exit:v1:000001.SZ:2024-11-05:entry,2024-11-06,insufficient_capital_for_one_lot,,,,
zero_quantity,600000.SH,diagnostic_always_buy_holding_exit:v1:600000.SH:2024-11-05:entry,2024-11-06,insufficient_capital_for_one_lot,,,,
zero_quantity,000001.SZ,diagnostic_always_buy_holding_exit:v1:000001.SZ:2024-11-06:entry,2024-11-07,insufficient_capital_for_one_lot,,,,
zero_quantity,600000.SH,diagnostic_always_buy_holding_exit:v1:600000.SH:2024-11-06:entry,2024-11-07,insufficient_capital_for_one_lot,,,,
zero_quantity,000002.SZ,diagnostic_always_buy_holding_exit:v1:000002.SZ:2024-11-07:entry,2024-11-08,insufficient_capital_for_one_lot,,,,
zero_quantity,600000.SH,diagnostic_always_buy_holding_exit:v1:600000.SH:2024-11-07:entry,2024-11-08,insufficient_capital_for_one_lot,,,,
zero_quantity,600000.SH,diagnostic_always_buy_holding_exit:v1:600000.SH:2024-11-08:entry,2024-11-11,insufficient_capital_for_one_lot,,,,
zero_quantity,600000.SH,diagnostic_always_buy_holding_exit:v1:600000.SH:2024-11-11:entry,2024-11-12,insufficient_capital_for_one_lot,,,,
zero_quantity,600000.SH,diagnostic_always_buy_holding_exit:v1:600000.SH:2024-11-12:entry,2024-11-13,insufficient_capital_for_one_lot,,,,
