trade_id,order_id,symbol,direction,quantity,price,trade_date,gross_amount,commission,stamp_duty,transfer_fee,total_fee,net_cash_flow
trade:order:diagnostic_always_buy_holding_exit:v1:000001.SZ:2023-01-10:entry:2023-01-11,order:diagnostic_always_buy_holding_exit:v1:000001.SZ:2023-01-10:entry:2023-01-11,000001.SZ,buy,1900,10.21,2023-01-11,19404.13,5.82,0.00,0.00,5.82,-19409.95
trade:order:diagnostic_always_buy_holding_exit:v1:600000.SH:2023-01-10:entry:2023-01-11,order:diagnostic_always_buy_holding_exit:v1:600000.SH:2023-01-10:entry:2023-01-11,600000.SH,buy,1600,12.24,2023-01-11,19591.48,5.88,0.00,0.00,5.88,-19597.36
trade:order:diagnostic_always_buy_holding_exit:v1:000001.SZ:2023-01-11:entry:2023-01-12,order:diagnostic_always_buy_holding_exit:v1:000001.SZ:2023-01-11:entry:2023-01-12,000001.SZ,buy,1100,10.19,2023-01-12,11205.49,5.00,0.00,0.00,5.00,-11210.49
trade:order:diagnostic_always_buy_holding_exit:v1:000002.SZ:2023-01-11:entry:2023-01-12,order:diagnostic_always_buy_holding_exit:v1:000002.SZ:2023-01-11:entry:2023-01-12,000002.SZ,buy,1200,10.06,2023-01-12,12068.13,5.00,0.00,0.00,5.00,-12073.13
trade:order:diagnostic_always_buy_holding_exit:v1:600000.SH:2023-01-11:entry:2023-01-12,order:diagnostic_always_buy_holding_exit:v1:600000.SH:2023-01-11:entry:2023-01-12,600000.SH,buy,900,12.30,2023-01-12,11068.51,5.00,0.00,0.00,5.00,-11073.51
trade:order:diagnostic_always_buy_holding_exit:v1:000001.SZ:2023-01-12:entry:2023-01-13,order:diagnostic_always_buy_holding_exit:v1:000001.SZ:2023-01-12:entry:2023-01-13,000001.SZ,buy,500,10.14,2023-01-13,5071.91,5.00,0.00,0.00,5.00,-5076.91
trade:order:diagnostic_always_buy_holding_exit:v1:000002.SZ:2023-01-12:entry:2023-01-13,order:diagnostic_always_buy_holding_exit:v1:000002.SZ:2023-01-12:entry:2023-01-13,000002.SZ,buy,500,10.17,2023-01-13,5086.63,5.00,0.00,0.00,5.00,-5091.63
trade:order:diagnostic_always_buy_holding_exit:v1:600000.SH:2023-01-12:entry:2023-01-13,order:diagnostic_always_buy_holding_exit:v1:600000.SH:2023-01-12:entry:2023-01-13,600000.SH,buy,400,12.42,2023-01-13,4969.31,5.00,0.00,0.00,5.00,-4974.31
trade:order:diagnostic_always_buy_holding_exit:v1:000001.SZ:2023-01-13:entry:2023-01-16,order:diagnostic_always_buy_holding_exit:v1:000001.SZ:2023-01-13:entry:2023-01-16,000001.SZ,buy,200,10.20,2023-01-16,2040.92,5.00,0.00,0.00,5.00,-2045.92
trade:order:diagnostic_always_buy_holding_exit:v1:000002.SZ:2023-01-13:entry:2023-01-16,order:diagnostic_always_buy_holding_exit:v1:000002.SZ:2023-01-13:entry:2023-01-16,000002.SZ,buy,200,10.21,2023-01-16,2042.31,5.00,0.00,0.00,5.00,-2047.31
trade:order:diagnostic_always_buy_holding_exit:v1:600000.SH:2023-01-13:entry:2023-01-16,order:diagnostic_always_buy_holding_exit:v1:600000.SH:2023-01-13:entry:2023-01-16,600000.SH,buy,100,12.59,2023-01-16,1259.17,5.00,0.00,0.00,5.00,-1264.17
trade:order:diagnostic_always_buy_holding_exit:v1:000001.SZ:2023-01-16:exit:2023-01-17,order:diagnostic_always_buy_holding_exit:v1:000001.SZ:2023-01-16:exit:2023-01-17,000001.SZ,sell,3500,10.22,2023-01-17,35772.77,10.73,35.77,0.00,46.50,35726.27
trade:order:diagnostic_always_buy_holding_exit:v1:000002.SZ:2023-01-16:entry:2023-01-17,order:diagnostic_always_buy_holding_exit:v1:000002.SZ:2023-01-16:entry:2023-01-17,000002.SZ,buy,100,10.18,2023-01-17,1017.73,5.00,0.00,0.00,5.00,-1022.73
trade:order:diagnostic_always_buy_holding_exit:v1:600000.SH:2023-01-16:exit:2023-01-17,order:diagnostic_always_buy_holding_exit:v1:600000.SH:2023-01-16:exit:2023-01-17,600000.SH,sell,2900,12.44,2023-01-17,36089.99,10.83,36.09,0.00,46.92,36043.08
trade:order:diagnostic_always_buy_holding_exit:v1:000001.SZ:2023-01-17:exit:2023-01-18,order:diagnostic_always_buy_holding_exit:v1:000001.SZ:2023-01-17:exit:2023-01-18,000001.SZ,sell,200,10.27,2023-01-18,2054.64,5.00,2.05,0.00,7.05,2047.58
trade:order:diagnostic_always_buy_holding_exit:v1:000002.SZ:2023-01-17:exit:2023-01-18,order:diagnostic_always_buy_holding_exit:v1:000002.SZ:2023-01-17:exit:2023-01-18,000002.SZ,sell,1900,10.09,2023-01-18,19161.52,5.75,19.16,0.00,24.91,19136.61
trade:order:diagnostic_always_buy_holding_exit:v1:600000.SH:2023-01-17:exit:2023-01-18,order:diagnostic_always_buy_holding_exit:v1:600000.SH:2023-01-17:exit:2023-01-18,600000.SH,sell,100,12.68,2023-01-18,1268.33,5.00,1.27,0.00,6.27,1262.07
trade:order:diagnostic_always_buy_holding_exit:v1:000002.SZ:2023-01-18:exit:2023-01-19,order:diagnostic_always_buy_holding_exit:v1:000002.SZ:2023-01-18:exit:2023-01-19,000002.SZ,sell,100,10.04,2023-01-19,1003.82,5.00,1.00,0.00,6.00,997.82
trade:order:diagnostic_always_buy_holding_exit:v1:600000.SH:2023-01-18:entry:2023-01-19,order:diagnostic_always_buy_holding_exit:v1:600000.SH:2023-01-18:entry:2023-01-19,600000.SH,buy,1500,12.66,2023-01-19,18991.48,5.70,0.00,0.00,5.70,-18997.18
trade:order:diagnostic_always_buy_holding_exit:v1:000001.SZ:2023-01-19:entry:2023-01-20,order:diagnostic_always_buy_holding_exit:v1:000001.SZ:2023-01-19:entry:2023-01-20,000001.SZ,buy,1500,10.08,2023-01-20,15116.95,5.00,0.00,0.00,5.00,-15121.95
trade:order:diagnostic_always_buy_holding_exit:v1:600000.SH:2023-01-19:entry:2023-01-20,order:diagnostic_always_buy_holding_exit:v1:600000.SH:2023-01-19:entry:2023-01-20,600000.SH,buy,1200,12.62,2023-01-20,15141.19,5.00,0.00,0.00,5.00,-15146.19
trade:order:diagnostic_always_buy_holding_exit:v1:600000.SH:2023-01-20:entry:2023-01-23,order:diagnostic_always_buy_holding_exit:v1:600000.SH:2023-01-20:entry:2023-01-23,600000.SH,buy,800,12.66,2023-01-23,10127.72,5.00,0.00,0.00,5.00,-10132.72
trade:order:diagnostic_always_buy_holding_exit:v1:600000.SH:2023-01-23:entry:2023-01-24,order:diagnostic_always_buy_holding_exit:v1:600000.SH:2023-01-23:entry:2023-01-24,600000.SH,buy,600,12.85,2023-01-24,7712.23,5.00,0.00,0.00,5.00,-7717.23
trade:order:diagnostic_always_buy_holding_exit:v1:600000.SH:2023-01-24:exit:2023-01-25,order:diagnostic_always_buy_holding_exit:v1:600000.SH:2023-01-24:exit:2023-01-25,600000.SH,sell,3500,12.78,2023-01-25,44734.12,13.42,44.73,0.00,58.15,44675.96
trade:order:diagnostic_always_buy_holding_exit:v1:000002.SZ:2023-01-25:entry:2023-01-26,order:diagnostic_always_buy_holding_exit:v1:000002.SZ:2023-01-25:entry:2023-01-26,000002.SZ,buy,1500,10.07,2023-01-26,15108.57,5.00,0.00,0.00,5.00,-15113.57
trade:order:diagnostic_always_buy_holding_exit:v1:600000.SH:2023-01-25:exit:2023-01-26,order:diagnostic_always_buy_holding_exit:v1:600000.SH:2023-01-25:exit:2023-01-26,600000.SH,sell,600,12.91,2023-01-26,7747.84,5.00,7.75,0.00,12.75,7735.10
trade:order:diagnostic_always_buy_holding_exit:v1:000001.SZ:2023-01-25:exit:2023-01-26,order:diagnostic_always_buy_holding_exit:v1:000001.SZ:2023-01-25:exit:2023-01-26,000001.SZ,sell,1500,10.08,2023-01-26,15127.22,5.00,15.13,0.00,20.13,15107.09
trade:order:diagnostic_always_buy_holding_exit:v1:000002.SZ:2023-01-26:entry:2023-01-27,order:diagnostic_always_buy_holding_exit:v1:000002.SZ:2023-01-26:entry:2023-01-27,000002.SZ,buy,1600,10.05,2023-01-27,16081.81,5.00,0.00,0.00,5.00,-16086.81
trade:order:diagnostic_always_buy_holding_exit:v1:600000.SH:2023-01-26:entry:2023-01-27,order:diagnostic_always_buy_holding_exit:v1:600000.SH:2023-01-26:entry:2023-01-27,600000.SH,buy,1300,12.89,2023-01-27,16759.81,5.03,0.00,0.00,5.03,-16764.84
trade:order:diagnostic_always_buy_holding_exit:v1:600000.SH:2023-01-27:entry:2023-01-30,order:diagnostic_always_buy_holding_exit:v1:600000.SH:2023-01-27:entry:2023-01-30,600000.SH,buy,800,12.78,2023-01-30,10224.24,5.00,0.00,0.00,5.00,-10229.24
trade:order:diagnostic_always_buy_holding_exit:v1:600000.SH:2023-01-30:entry:2023-01-31,order:diagnostic_always_buy_holding_exit:v1:600000.SH:2023-01-30:entry:2023-01-31,600000.SH,buy,600,13.00,2023-01-31,7799.83,5.00,0.00,0.00,5.00,-7804.83
trade:order:diagnostic_always_buy_holding_exit:v1:000001.SZ:2023-01-31:entry:2023-02-01,order:diagnostic_always_buy_holding_exit:v1:000001.SZ:2023-01-31:entry:2023-02-01,000001.SZ,buy,600,9.98,2023-02-01,5985.68,5.00,0.00,0.00,5.00,-5990.68
trade:order:diagnostic_always_buy_holding_exit:v1:600000.SH:2023-01-31:entry:2023-02-01,order:diagnostic_always_buy_holding_exit:v1:600000.SH:2023-01-31:entry:2023-02-01,600000.SH,buy,500,12.87,2023-02-01,6434.88,5.00,0.00,0.00,5.00,-6439.88
trade:order:diagnostic_always_buy_holding_exit:v1:000002.SZ:2023-01-31:exit:2023-02-01,order:diagnostic_always_buy_holding_exit:v1:000002.SZ:2023-01-31:exit:2023-02-01,000002.SZ,sell,3100,9.99,2023-02-01,30982.64,9.29,30.98,0.00,40.28,30942.36
trade:order:diagnostic_always_buy_holding_exit:v1:000001.SZ:2023-02-01:entry:2023-02-02,order:diagnostic_always_buy_holding_exit:v1:000001.SZ:2023-02-01:entry:2023-02-02,000001.SZ,buy,1000,10.04,2023-02-02,10036.99,5.00,0.00,0.00,5.00,-10041.99
trade:order:diagnostic_always_buy_holding_exit:v1:600000.SH:2023-02-01:exit:2023-02-02,order:diagnostic_always_buy_holding_exit:v1:600000.SH:2023-02-01:exit:2023-02-02,600000.SH,sell,2700,13.00,2023-02-02,35101.42,10.53,35.10,0.00,45.63,35055.79
trade:order:diagnostic_always_buy_holding_exit:v1:000001.SZ:2023-02-02:entry:2023-02-03,order:diagnostic_always_buy_holding_exit:v1:000001.SZ:2023-02-02:entry:2023-02-03,000001.SZ,buy,1500,9.88,2023-02-03,14817.33,5.00,0.00,0.00,5.00,-14822.33
trade:order:diagnostic_always_buy_holding_exit:v1:000002.SZ:2023-02-02:entry:2023-02-03,order:diagnostic_always_buy_holding_exit:v1:000002.SZ:2023-02-02:entry:2023-02-03,000002.SZ,buy,1500,10.27,2023-02-03,15405.93,5.00,0.00,0.00,5.00,-15410.93
trade:order:diagnostic_always_buy_holding_exit:v1:600000.SH:2023-02-02:exit:2023-02-03,order:diagnostic_always_buy_holding_exit:v1:600000.SH:2023-02-02:exit:2023-02-03,600000.SH,sell,500,13.11,2023-02-03,6553.29,5.00,6.55,0.00,11.55,6541.73
trade:order:diagnostic_always_buy_holding_exit:v1:000002.SZ:2023-02-03:entry:2023-02-06,order:diagnostic_always_buy_holding_exit:v1:000002.SZ:2023-02-03:entry:2023-02-06,000002.SZ,buy,1000,10.20,2023-02-06,10201.94,5.00,0.00,0.00,5.00,-10206.94
trade:order:diagnostic_always_buy_holding_exit:v1:600000.SH:2023-02-03:entry:2023-02-06,order:diagnostic_always_buy_holding_exit:v1:600000.SH:2023-02-03:entry:2023-02-06,600000.SH,buy,800,13.18,2023-02-06,10545.27,5.00,0.00,0.00,5.00,-10550.27
trade:order:diagnostic_always_buy_holding_exit:v1:000002.SZ:2023-02-06:entry:2023-02-07,order:diagnostic_always_buy_holding_exit:v1:000002.SZ:2023-02-06:entry:2023-02-07,000002.SZ,buy,600,10.18,2023-02-07,6109.24,5.00,0.00,0.00,5.00,-6114.24
trade:order:diagnostic_always_buy_holding_exit:v1:600000.SH:2023-02-06:entry:2023-02-07,order:diagnostic_always_buy_holding_exit:v1:600000.SH:2023-02-06:entry:2023-02-07,600000.SH,buy,500,13.00,2023-02-07,6501.80,5.00,0.00,0.00,5.00,-6506.80
trade:order:diagnostic_always_buy_holding_exit:v1:000001.SZ:2023-02-06:exit:2023-02-07,order:diagnostic_always_buy_holding_exit:v1:000001.SZ:2023-02-06:exit:2023-02-07,000001.SZ,sell,3100,10.01,2023-02-07,31043.60,9.31,31.04,0.00,40.36,31003.24
trade:order:diagnostic_always_buy_holding_exit:v1:000002.SZ:2023-02-07:entry:2023-02-08,order:diagnostic_always_buy_holding_exit:v1:000002.SZ:2023-02-07:entry:2023-02-08,000002.SZ,buy,1000,10.15,2023-02-08,10148.08,5.00,0.00,0.00,5.00,-10153.08
trade:order:diagnostic_always_buy_holding_exit:v1:600000.SH:2023-02-07:entry:2023-02-08,order:diagnostic_always_buy_holding_exit:v1:600000.SH:2023-02-07:entry:2023-02-08,600000.SH,buy,700,13.21,2023-02-08,9248.93,5.00,0.00,0.00,5.00,-9253.93
trade:order:diagnostic_always_buy_holding_exit:v1:000002.SZ:2023-02-08:exit:2023-02-09,order:diagnostic_always_buy_holding_exit:v1:000002.SZ:2023-02-08:exit:2023-02-09,000002.SZ,sell,3100,10.32,2023-02-09,31979.33,9.59,31.98,0.00,41.57,31937.76
trade:order:diagnostic_always_buy_holding_exit:v1:600000.SH:2023-02-08:entry:2023-02-09,order:diagnostic_always_buy_holding_exit:v1:600000.SH:2023-02-08:entry:2023-02-09,600000.SH,buy,400,13.30,2023-02-09,5321.48,5.00,0.00,0.00,5.00,-5326.48
trade:order:diagnostic_always_buy_holding_exit:v1:000002.SZ:2023-02-09:exit:2023-02-10,order:diagnostic_always_buy_holding_exit:v1:000002.SZ:2023-02-09:exit:2023-02-10,000002.SZ,sell,1000,10.29,2023-02-10,10294.21,5.00,10.29,0.00,15.29,10278.92
trade:order:diagnostic_always_buy_holding_exit:v1:600000.SH:2023-02-09:entry:2023-02-10,order:diagnostic_always_buy_holding_exit:v1:600000.SH:2023-02-09:entry:2023-02-10,600000.SH,buy,800,13.25,2023-02-10,10596.62,5.00,0.00,0.00,5.00,-10601.62
trade:order:diagnostic_always_buy_holding_exit:v1:000002.SZ:2023-02-10:entry:2023-02-13,order:diagnostic_always_buy_holding_exit:v1:000002.SZ:2023-02-10:entry:2023-02-13,000002.SZ,buy,1100,10.24,2023-02-13,11261.73,5.00,0.00,0.00,5.00,-11266.73
trade:order:diagnostic_always_buy_holding_exit:v1:600000.SH:2023-02-10:entry:2023-02-13,order:diagnostic_always_buy_holding_exit:v1:600000.SH:2023-02-10:entry:2023-02-13,600000.SH,buy,800,13.28,2023-02-13,10622.10,5.00,0.00,0.00,5.00,-10627.10
trade:order:diagnostic_always_buy_holding_exit:v1:000002.SZ:2023-02-13:entry:2023-02-14,order:diagnostic_always_buy_holding_exit:v1:000002.SZ:2023-02-13:entry:2023-02-14,000002.SZ,buy,700,10.33,2023-02-14,7233.05,5.00,0.00,0.00,5.00,-7238.05
trade:order:diagnostic_always_buy_holding_exit:v1:600000.SH:2023-02-13:exit:2023-02-14,order:diagnostic_always_buy_holding_exit:v1:600000.SH:2023-02-13:exit:2023-02-14,600000.SH,sell,3200,13.24,2023-02-14,42356.93,12.71,42.36,0.00,55.06,42301.86
trade:order:diagnostic_always_buy_holding_exit:v1:600000.SH:2023-02-14:exit:2023-02-15,order:diagnostic_always_buy_holding_exit:v1:600000.SH:2023-02-14:exit:2023-02-15,600000.SH,sell,800,13.38,2023-02-15,10707.97,5.00,10.71,0.00,15.71,10692.26
trade:order:diagnostic_always_buy_holding_exit:v1:000001.SZ:2023-02-15:entry:2023-02-16,order:diagnostic_always_buy_holding_exit:v1:000001.SZ:2023-02-15:entry:2023-02-16,000001.SZ,buy,1600,10.06,2023-02-16,16096.54,5.00,0.00,0.00,5.00,-16101.54
trade:order:diagnostic_always_buy_holding_exit:v1:000002.SZ:2023-02-15:entry:2023-02-16,order:diagnostic_always_buy_holding_exit:v1:000002.SZ:2023-02-15:entry:2023-02-16,000002.SZ,buy,1600,10.28,2023-02-16,16441.15,5.00,0.00,0.00,5.00,-16446.15
trade:order:diagnostic_always_buy_holding_exit:v1:600000.SH:2023-02-15:entry:2023-02-16,order:diagnostic_always_buy_holding_exit:v1:600000.SH:2023-02-15:entry:2023-02-16,600000.SH,buy,1200,13.38,2023-02-16,16050.23,5.00,0.00,0.00,5.00,-16055.23
trade:order:diagnostic_always_buy_holding_exit:v1:000001.SZ:2023-02-16:entry:2023-02-17,order:diagnostic_always_buy_holding_exit:v1:000001.SZ:2023-02-16:entry:2023-02-17,000001.SZ,buy,600,9.83,2023-02-17,5896.05,5.00,0.00,0.00,5.00,-5901.05
trade:order:diagnostic_always_buy_holding_exit:v1:000002.SZ:2023-02-16:entry:2023-02-17,order:diagnostic_always_buy_holding_exit:v1:000002.SZ:2023-02-16:entry:2023-02-17,000002.SZ,buy,600,10.28,2023-02-17,6165.75,5.00,0.00,0.00,5.00,-6170.75
trade:order:diagnostic_always_buy_holding_exit:v1:000002.SZ:2023-02-17:entry:2023-02-20,order:diagnostic_always_buy_holding_exit:v1:000002.SZ:2023-02-17:entry:2023-02-20,000002.SZ,buy,400,10.25,2023-02-20,4099.21,5.00,0.00,0.00,5.00,-4104.21
trade:order:diagnostic_always_buy_holding_exit:v1:000001.SZ:2023-02-20:entry:2023-02-21,order:diagnostic_always_buy_holding_exit:v1:000001.SZ:2023-02-20:entry:2023-02-21,000001.SZ,buy,300,9.85,2023-02-21,2956.35,5.00,0.00,0.00,5.00,-2961.35
trade:order:diagnostic_always_buy_holding_exit:v1:000002.SZ:2023-02-20:exit:2023-02-21,order:diagnostic_always_buy_holding_exit:v1:000002.SZ:2023-02-20:exit:2023-02-21,000002.SZ,sell,4000,10.37,2023-02-21,41472.73,12.44,41.47,0.00,53.91,41418.81
trade:order:diagnostic_always_buy_holding_exit:v1:000002.SZ:2023-02-21:exit:2023-02-22,order:diagnostic_always_buy_holding_exit:v1:000002.SZ:2023-02-21:exit:2023-02-22,000002.SZ,sell,400,10.33,2023-02-22,4133.19,5.00,4.13,0.00,9.13,4124.06
trade:order:diagnostic_always_buy_holding_exit:v1:600000.SH:2023-02-21:exit:2023-02-22,order:diagnostic_always_buy_holding_exit:v1:600000.SH:2023-02-21:exit:2023-02-22,600000.SH,sell,1200,13.29,2023-02-22,15944.85,5.00,15.94,0.00,20.94,15923.91
trade:order:diagnostic_always_buy_holding_exit:v1:000001.SZ:2023-02-21:exit:2023-02-22,order:diagnostic_always_buy_holding_exit:v1:000001.SZ:2023-02-21:exit:2023-02-22,000001.SZ,sell,2200,10.00,2023-02-22,21989.86,6.60,21.99,0.00,28.59,21961.27
trade:order:diagnostic_always_buy_holding_exit:v1:600000.SH:2023-02-22:entry:2023-02-23,order:diagnostic_always_buy_holding_exit:v1:600000.SH:2023-02-22:entry:2023-02-23,600000.SH,buy,1400,13.29,2023-02-23,18609.36,5.58,0.00,0.00,5.58,-18614.94
trade:order:diagnostic_always_buy_holding_exit:v1:000001.SZ:2023-02-22:exit:2023-02-23,order:diagnostic_always_buy_holding_exit:v1:000001.SZ:2023-02-22:exit:2023-02-23,000001.SZ,sell,300,9.88,2023-02-23,2965.05,5.00,2.97,0.00,7.97,2957.09
trade:order:diagnostic_always_buy_holding_exit:v1:000002.SZ:2023-02-23:entry:2023-02-24,order:diagnostic_always_buy_holding_exit:v1:000002.SZ:2023-02-23:entry:2023-02-24,000002.SZ,buy,1600,10.41,2023-02-24,16650.26,5.00,0.00,0.00,5.00,-16655.26
trade:order:diagnostic_always_buy_holding_exit:v1:600000.SH:2023-02-23:entry:2023-02-24,order:diagnostic_always_buy_holding_exit:v1:600000.SH:2023-02-23:entry:2023-02-24,600000.SH,buy,1200,13.41,2023-02-24,16097.38,5.00,0.00,0.00,5.00,-16102.38
trade:order:diagnostic_always_buy_holding_exit:v1:000002.SZ:2023-02-24:entry:2023-02-27,order:diagnostic_always_buy_holding_exit:v1:000002.SZ:2023-02-24:entry:2023-02-27,000002.SZ,buy,900,10.48,2023-02-27,9431.51,5.00,0.00,0.00,5.00,-9436.51
trade:order:diagnostic_always_buy_holding_exit:v1:600000.SH:2023-02-24:entry:2023-02-27,order:diagnostic_always_buy_holding_exit:v1:600000.SH:2023-02-24:entry:2023-02-27,600000.SH,buy,700,13.22,2023-02-27,9255.87,5.00,0.00,0.00,5.00,-9260.87
trade:order:diagnostic_always_buy_holding_exit:v1:000002.SZ:2023-02-27:entry:2023-02-28,order:diagnostic_always_buy_holding_exit:v1:000002.SZ:2023-02-27:entry:2023-02-28,000002.SZ,buy,600,10.71,2023-02-28,6428.50,5.00,0.00,0.00,5.00,-6433.50
trade:order:diagnostic_always_buy_holding_exit:v1:600000.SH:2023-02-27:entry:2023-02-28,order:diagnostic_always_buy_holding_exit:v1:600000.SH:2023-02-27:entry:2023-02-28,600000.SH,buy,400,13.70,2023-02-28,5481.22,5.00,0.00,0.00,5.00,-5486.22
trade:order:diagnostic_always_buy_holding_exit:v1:000001.SZ:2023-02-28:entry:2023-03-01,order:diagnostic_always_buy_holding_exit:v1:000001.SZ:2023-02-28:entry:2023-03-01,000001.SZ,buy,300,9.88,2023-03-01,2964.81,5.00,0.00,0.00,5.00,-2969.81
trade:order:diagnostic_always_buy_holding_exit:v1:000002.SZ:2023-02-28:entry:2023-03-01,order:diagnostic_always_buy_holding_exit:v1:000002.SZ:2023-02-28:entry:2023-03-01,000002.SZ,buy,300,10.52,2023-03-01,3157.15,5.00,0.00,0.00,5.00,-3162.15
trade:order:diagnostic_always_buy_holding_exit:v1:600000.SH:2023-02-28:exit:2023-03-01,order:diagnostic_always_buy_holding_exit:v1:600000.SH:2023-02-28:exit:2023-03-01,600000.SH,sell,3300,13.49,2023-03-01,44517.97,13.36,44.52,0.00,57.87,44460.10
trade:order:diagnostic_always_buy_holding_exit:v1:000002.SZ:2023-03-01:exit:2023-03-02,order:diagnostic_always_buy_holding_exit:v1:000002.SZ:2023-03-01:exit:2023-03-02,000002.SZ,sell,3100,10.63,2023-03-02,32950.32,9.89,32.95,0.00,42.84,32907.49
trade:order:diagnostic_always_buy_holding_exit:v1:000002.SZ:2023-03-02:exit:2023-03-03,order:diagnostic_always_buy_holding_exit:v1:000002.SZ:2023-03-02:exit:2023-03-03,000002.SZ,sell,300,10.60,2023-03-03,3179.72,5.00,3.18,0.00,8.18,3171.54
trade:order:diagnostic_always_buy_holding_exit:v1:600000.SH:2023-03-02:exit:2023-03-03,order:diagnostic_always_buy_holding_exit:v1:600000.SH:2023-03-02:exit:2023-03-03,600000.SH,sell,400,13.38,2023-03-03,5351.74,5.00,5.35,0.00,10.35,5341.39
trade:order:diagnostic_always_buy_holding_exit:v1:000002.SZ:2023-03-03:entry:2023-03-06,order:diagnostic_always_buy_holding_exit:v1:000002.SZ:2023-03-03:entry:2023-03-06,000002.SZ,buy,1800,10.73,2023-03-06,19313.42,5.79,0.00,0.00,5.79,-19319.21
trade:order:diagnostic_always_buy_holding_exit:v1:000001.SZ:2023-03-06:exit:2023-03-07,order:diagnostic_always_buy_holding_exit:v1:000001.SZ:2023-03-06:exit:2023-03-07,000001.SZ,sell,300,9.73,2023-03-07,2918.18,5.00,2.92,0.00,7.92,2910.26
trade:order:diagnostic_always_buy_holding_exit:v1:000002.SZ:2023-03-07:entry:2023-03-08,order:diagnostic_always_buy_holding_exit:v1:000002.SZ:2023-03-07:entry:2023-03-08,000002.SZ,buy,1500,10.65,2023-03-08,15977.83,5.00,0.00,0.00,5.00,-15982.83
trade:order:diagnostic_always_buy_holding_exit:v1:600000.SH:2023-03-07:entry:2023-03-08,order:diagnostic_always_buy_holding_exit:v1:600000.SH:2023-03-07:entry:2023-03-08,600000.SH,buy,1200,13.45,2023-03-08,16139.80,5.00,0.00,0.00,5.00,-16144.80
trade:order:diagnostic_always_buy_holding_exit:v1:600000.SH:2023-03-08:entry:2023-03-09,order:diagnostic_always_buy_holding_exit:v1:600000.SH:2023-03-08:entry:2023-03-09,600000.SH,buy,700,13.46,2023-03-09,9420.64,5.00,0.00,0.00,5.00,-9425.64
trade:order:diagnostic_always_buy_holding_exit:v1:000001.SZ:2023-03-09:entry:2023-03-10,order:diagnostic_always_buy_holding_exit:v1:000001.SZ:2023-03-09:entry:2023-03-10,000001.SZ,buy,800,9.79,2023-03-10,7830.01,5.00,0.00,0.00,5.00,-7835.01
trade:order:diagnostic_always_buy_holding_exit:v1:000002.SZ:2023-03-09:entry:2023-03-10,order:diagnostic_always_buy_holding_exit:v1:000002.SZ:2023-03-09:entry:2023-03-10,000002.SZ,buy,700,10.70,2023-03-10,7488.16,5.00,0.00,0.00,5.00,-7493.16
trade:order:diagnostic_always_buy_holding_exit:v1:000001.SZ:2023-03-10:entry:2023-03-13,order:diagnostic_always_buy_holding_exit:v1:000001.SZ:2023-03-10:entry:2023-03-13,000001.SZ,buy,500,9.79,2023-03-13,4896.29,5.00,0.00,0.00,5.00,-4901.29
trade:order:diagnostic_always_buy_holding_exit:v1:000002.SZ:2023-03-13:exit:2023-03-14,order:diagnostic_always_buy_holding_exit:v1:000002.SZ:2023-03-13:exit:2023-03-14,000002.SZ,sell,4000,10.70,2023-03-14,42784.02,12.84,42.78,0.00,55.62,42728.40
trade:order:diagnostic_always_buy_holding_exit:v1:600000.SH:2023-03-13:exit:2023-03-14,order:diagnostic_always_buy_holding_exit:v1:600000.SH:2023-03-13:exit:2023-03-14,600000.SH,sell,1900,13.43,2023-03-14,25518.04,7.66,25.52,0.00,33.17,25484.87
trade:order:diagnostic_always_buy_holding_exit:v1:000002.SZ:2023-03-14:entry:2023-03-15,order:diagnostic_always_buy_holding_exit:v1:000002.SZ:2023-03-14:entry:2023-03-15,000002.SZ,buy,1600,10.54,2023-03-15,16861.46,5.06,0.00,0.00,5.06,-16866.52
trade:order:diagnostic_always_buy_holding_exit:v1:600000.SH:2023-03-14:entry:2023-03-15,order:diagnostic_always_buy_holding_exit:v1:600000.SH:2023-03-14:entry:2023-03-15,600000.SH,buy,1300,13.51,2023-03-15,17557.98,5.27,0.00,0.00,5.27,-17563.25
trade:order:diagnostic_always_buy_holding_exit:v1:600000.SH:2023-03-15:entry:2023-03-16,order:diagnostic_always_buy_holding_exit:v1:600000.SH:2023-03-15:entry:2023-03-16,600000.SH,buy,800,13.55,2023-03-16,10836.42,5.00,0.00,0.00,5.00,-10841.42
trade:order:diagnostic_always_buy_holding_exit:v1:000001.SZ:2023-03-15:exit:2023-03-16,order:diagnostic_always_buy_holding_exit:v1:000001.SZ:2023-03-15:exit:2023-03-16,000001.SZ,sell,1300,9.65,2023-03-16,12547.07,5.00,12.55,0.00,17.55,12529.52
trade:order:diagnostic_always_buy_holding_exit:v1:600000.SH:2023-03-16:entry:2023-03-17,order:diagnostic_always_buy_holding_exit:v1:600000.SH:2023-03-16:entry:2023-03-17,600000.SH,buy,800,13.48,2023-03-17,10780.94,5.00,0.00,0.00,5.00,-10785.94
trade:order:diagnostic_always_buy_holding_exit:v1:000001.SZ:2023-03-17:entry:2023-03-20,order:diagnostic_always_buy_holding_exit:v1:000001.SZ:2023-03-17:entry:2023-03-20,000001.SZ,buy,900,9.84,2023-03-20,8860.23,5.00,0.00,0.00,5.00,-8865.23
trade:order:diagnostic_always_buy_holding_exit:v1:600000.SH:2023-03-17:entry:2023-03-20,order:diagnostic_always_buy_holding_exit:v1:600000.SH:2023-03-17:entry:2023-03-20,600000.SH,buy,600,13.35,2023-03-20,8008.43,5.00,0.00,0.00,5.00,-8013.43
trade:order:diagnostic_always_buy_holding_exit:v1:000001.SZ:2023-03-20:entry:2023-03-21,order:diagnostic_always_buy_holding_exit:v1:000001.SZ:2023-03-20:entry:2023-03-21,000001.SZ,buy,500,9.87,2023-03-21,4937.35,5.00,0.00,0.00,5.00,-4942.35
trade:order:diagnostic_always_buy_holding_exit:v1:000002.SZ:2023-03-20:exit:2023-03-21,order:diagnostic_always_buy_holding_exit:v1:000002.SZ:2023-03-20:exit:2023-03-21,000002.SZ,sell,1600,10.40,2023-03-21,16638.29,5.00,16.64,0.00,21.64,16616.65
trade:order:diagnostic_always_buy_holding_exit:v1:600000.SH:2023-03-20:exit:2023-03-21,order:diagnostic_always_buy_holding_exit:v1:600000.SH:2023-03-20:exit:2023-03-21,600000.SH,sell,2900,13.51,2023-03-21,39185.54,11.76,39.19,0.00,50.94,39134.60
trade:order:diagnostic_always_buy_holding_exit:v1:000001.SZ:2023-03-21:entry:2023-03-22,order:diagnostic_always_buy_holding_exit:v1:000001.SZ:2023-03-21:entry:2023-03-22,000001.SZ,buy,1600,9.75,2023-03-22,15606.96,5.00,0.00,0.00,5.00,-15611.96
trade:order:diagnostic_always_buy_holding_exit:v1:600000.SH:2023-03-21:exit:2023-03-22,order:diagnostic_always_buy_holding_exit:v1:600000.SH:2023-03-21:exit:2023-03-22,600000.SH,sell,600,13.32,2023-03-22,7990.89,5.00,7.99,0.00,12.99,7977.90
trade:order:diagnostic_always_buy_holding_exit:v1:000001.SZ:2023-03-22:entry:2023-03-23,order:diagnostic_always_buy_holding_exit:v1:000001.SZ:2023-03-22:entry:2023-03-23,000001.SZ,buy,1400,9.75,2023-03-23,13653.59,5.00,0.00,0.00,5.00,-13658.59
trade:order:diagnostic_always_buy_holding_exit:v1:000002.SZ:2023-03-22:entry:2023-03-23,order:diagnostic_always_buy_holding_exit:v1:000002.SZ:2023-03-22:entry:2023-03-23,000002.SZ,buy,1300,10.59,2023-03-23,13765.26,5.00,0.00,0.00,5.00,-13770.26
trade:order:diagnostic_always_buy_holding_exit:v1:000001.SZ:2023-03-23:entry:2023-03-24,order:diagnostic_always_buy_holding_exit:v1:000001.SZ:2023-03-23:entry:2023-03-24,000001.SZ,buy,900,9.86,2023-03-24,8874.54,5.00,0.00,0.00,5.00,-8879.54
trade:order:diagnostic_always_buy_holding_exit:v1:000002.SZ:2023-03-23:entry:2023-03-24,order:diagnostic_always_buy_holding_exit:v1:000002.SZ:2023-03-23:entry:2023-03-24,000002.SZ,buy,800,10.48,2023-03-24,8384.16,5.00,0.00,0.00,5.00,-8389.16
trade:order:diagnostic_always_buy_holding_exit:v1:000001.SZ:2023-03-24:entry:2023-03-27,order:diagnostic_always_buy_holding_exit:v1:000001.SZ:2023-03-24:entry:2023-03-27,000001.SZ,buy,500,9.90,2023-03-27,4948.14,5.00,0.00,0.00,5.00,-4953.14
trade:order:diagnostic_always_buy_holding_exit:v1:000002.SZ:2023-03-24:entry:2023-03-27,order:diagnostic_always_buy_holding_exit:v1:000002.SZ:2023-03-24:entry:2023-03-27,000002.SZ,buy,500,10.50,2023-03-27,5247.99,5.00,0.00,0.00,5.00,-5252.99
trade:order:diagnostic_always_buy_holding_exit:v1:000001.SZ:2023-03-27:exit:2023-03-28,order:diagnostic_always_buy_holding_exit:v1:000001.SZ:2023-03-27:exit:2023-03-28,000001.SZ,sell,5300,9.86,2023-03-28,52282.34,15.68,52.28,0.00,67.97,52214.37
trade:order:diagnostic_always_buy_holding_exit:v1:000002.SZ:2023-03-27:entry:2023-03-28,order:diagnostic_always_buy_holding_exit:v1:000002.SZ:2023-03-27:entry:2023-03-28,000002.SZ,buy,300,10.56,2023-03-28,3167.29,5.00,0.00,0.00,5.00,-3172.29
trade:order:diagnostic_always_buy_holding_exit:v1:000001.SZ:2023-03-28:exit:2023-03-29,order:diagnostic_always_buy_holding_exit:v1:000001.SZ:2023-03-28:exit:2023-03-29,000001.SZ,sell,500,9.92,2023-03-29,4960.18,5.00,4.96,0.00,9.96,4950.22
trade:order:diagnostic_always_buy_holding_exit:v1:000002.SZ:2023-03-28:exit:2023-03-29,order:diagnostic_always_buy_holding_exit:v1:000002.SZ:2023-03-28:exit:2023-03-29,000002.SZ,sell,2600,10.53,2023-03-29,27376.51,8.21,27.38,0.00,35.59,27340.92
trade:order:diagnostic_always_buy_holding_exit:v1:000001.SZ:2023-03-29:entry:2023-03-30,order:diagnostic_always_buy_holding_exit:v1:000001.SZ:2023-03-29:entry:2023-03-30,000001.SZ,buy,1900,9.72,2023-03-30,18475.75,5.54,0.00,0.00,5.54,-18481.30
trade:order:diagnostic_always_buy_holding_exit:v1:000002.SZ:2023-03-29:exit:2023-03-30,order:diagnostic_always_buy_holding_exit:v1:000002.SZ:2023-03-29:exit:2023-03-30,000002.SZ,sell,300,10.62,2023-03-30,3185.85,5.00,3.19,0.00,8.19,3177.66
trade:order:diagnostic_always_buy_holding_exit:v1:000002.SZ:2023-03-30:entry:2023-03-31,order:diagnostic_always_buy_holding_exit:v1:000002.SZ:2023-03-30:entry:2023-03-31,000002.SZ,buy,1500,10.65,2023-03-31,15980.78,5.00,0.00,0.00,5.00,-15985.78
trade:order:diagnostic_always_buy_holding_exit:v1:000002.SZ:2023-03-31:entry:2023-04-03,order:diagnostic_always_buy_holding_exit:v1:000002.SZ:2023-03-31:entry:2023-04-03,000002.SZ,buy,1200,10.60,2023-04-03,12722.54,5.00,0.00,0.00,5.00,-12727.54
trade:order:diagnostic_always_buy_holding_exit:v1:000001.SZ:2023-04-04:exit:2023-04-05,order:diagnostic_always_buy_holding_exit:v1:000001.SZ:2023-04-04:exit:2023-04-05,000001.SZ,sell,1900,9.93,2023-04-05,18860.86,5.66,18.86,0.00,24.52,18836.35
trade:order:diagnostic_always_buy_holding_exit:v1:000001.SZ:2023-04-05:entry:2023-04-06,order:diagnostic_always_buy_holding_exit:v1:000001.SZ:2023-04-05:entry:2023-04-06,000001.SZ,buy,1400,10.02,2023-04-06,14032.06,5.00,0.00,0.00,5.00,-14037.06
trade:order:diagnostic_always_buy_holding_exit:v1:000002.SZ:2023-04-05:exit:2023-04-06,order:diagnostic_always_buy_holding_exit:v1:000002.SZ:2023-04-05:exit:2023-04-06,000002.SZ,sell,2700,10.51,2023-04-06,28373.28,8.51,28.37,0.00,36.89,28336.40
trade:order:diagnostic_always_buy_holding_exit:v1:000001.SZ:2023-04-06:entry:2023-04-07,order:diagnostic_always_buy_holding_exit:v1:000001.SZ:2023-04-06:entry:2023-04-07,000001.SZ,buy,1700,9.90,2023-04-07,16827.07,5.05,0.00,0.00,5.05,-16832.12
trade:order:diagnostic_always_buy_holding_exit:v1:000001.SZ:2023-04-07:entry:2023-04-10,order:diagnostic_always_buy_holding_exit:v1:000001.SZ:2023-04-07:entry:2023-04-10,000001.SZ,buy,1400,9.93,2023-04-10,13896.25,5.00,0.00,0.00,5.00,-13901.25
trade:order:diagnostic_always_buy_holding_exit:v1:000001.SZ:2023-04-10:entry:2023-04-11,order:diagnostic_always_buy_holding_exit:v1:000001.SZ:2023-04-10:entry:2023-04-11,000001.SZ,buy,1100,9.95,2023-04-11,10941.41,5.00,0.00,0.00,5.00,-10946.41
trade:order:diagnostic_always_buy_holding_exit:v1:000001.SZ:2023-04-11:exit:2023-04-12,order:diagnostic_always_buy_holding_exit:v1:000001.SZ:2023-04-11:exit:2023-04-12,000001.SZ,sell,4500,10.03,2023-04-12,45131.83,13.54,45.13,0.00,58.67,45073.16
trade:order:diagnostic_always_buy_holding_exit:v1:000001.SZ:2023-04-12:exit:2023-04-13,order:diagnostic_always_buy_holding_exit:v1:000001.SZ:2023-04-12:exit:2023-04-13,000001.SZ,sell,1100,9.96,2023-04-13,10954.72,5.00,10.95,0.00,15.95,10938.77
trade:order:diagnostic_always_buy_holding_exit:v1:000001.SZ:2023-04-13:entry:2023-04-14,order:diagnostic_always_buy_holding_exit:v1:000001.SZ:2023-04-13:entry:2023-04-14,000001.SZ,buy,2000,10.15,2023-04-14,20300.31,6.09,0.00,0.00,6.09,-20306.40
trade:order:diagnostic_always_buy_holding_exit:v1:000002.SZ:2023-04-13:entry:2023-04-14,order:diagnostic_always_buy_holding_exit:v1:000002.SZ:2023-04-13:entry:2023-04-14,000002.SZ,buy,1900,10.63,2023-04-14,20203.63,6.06,0.00,0.00,6.06,-20209.69
trade:order:diagnostic_always_buy_holding_exit:v1:000001.SZ:2023-04-14:entry:2023-04-17,order:diagnostic_always_buy_holding_exit:v1:000001.SZ:2023-04-14:entry:2023-04-17,000001.SZ,buy,1200,9.96,2023-04-17,11950.79,5.00,0.00,0.00,5.00,-11955.79
trade:order:diagnostic_always_buy_holding_exit:v1:000002.SZ:2023-04-14:entry:2023-04-17,order:diagnostic_always_buy_holding_exit:v1:000002.SZ:2023-04-14:entry:2023-04-17,000002.SZ,buy,1100,10.52,2023-04-17,11574.88,5.00,0.00,0.00,5.00,-11579.88
trade:order:diagnostic_always_buy_holding_exit:v1:000002.SZ:2023-04-17:entry:2023-04-18,order:diagnostic_always_buy_holding_exit:v1:000002.SZ:2023-04-17:entry:2023-04-18,000002.SZ,buy,700,10.60,2023-04-18,7422.62,5.00,0.00,0.00,5.00,-7427.62
trade:order:diagnostic_always_buy_holding_exit:v1:000001.SZ:2023-04-19:exit:2023-04-20,order:diagnostic_always_buy_holding_exit:v1:000001.SZ:2023-04-19:exit:2023-04-20,000001.SZ,sell,3200,10.13,2023-04-20,32428.13,9.73,32.43,0.00,42.16,32385.97
trade:order:diagnostic_always_buy_holding_exit:v1:000002.SZ:2023-04-19:exit:2023-04-20,order:diagnostic_always_buy_holding_exit:v1:000002.SZ:2023-04-19:exit:2023-04-20,000002.SZ,sell,3700,10.44,2023-04-20,38609.91,11.58,38.61,0.00,50.19,38559.72
trade:order:diagnostic_always_buy_holding_exit:v1:000001.SZ:2023-04-21:entry:2023-04-24,order:diagnostic_always_buy_holding_exit:v1:000001.SZ:2023-04-21:entry:2023-04-24,000001.SZ,buy,2000,9.88,2023-04-24,19758.45,5.93,0.00,0.00,5.93,-19764.38
trade:order:diagnostic_always_buy_holding_exit:v1:000002.SZ:2023-04-21:entry:2023-04-24,order:diagnostic_always_buy_holding_exit:v1:000002.SZ:2023-04-21:entry:2023-04-24,000002.SZ,buy,1900,10.58,2023-04-24,20092.56,6.03,0.00,0.00,6.03,-20098.59
trade:order:diagnostic_always_buy_holding_exit:v1:000002.SZ:2023-04-24:entry:2023-04-25,order:diagnostic_always_buy_holding_exit:v1:000002.SZ:2023-04-24:entry:2023-04-25,000002.SZ,buy,1100,10.58,2023-04-25,11633.21,5.00,0.00,0.00,5.00,-11638.21
trade:order:diagnostic_always_buy_holding_exit:v1:000002.SZ:2023-04-25:entry:2023-04-26,order:diagnostic_always_buy_holding_exit:v1:000002.SZ:2023-04-25:entry:2023-04-26,000002.SZ,buy,900,10.62,2023-04-26,9557.86,5.00,0.00,0.00,5.00,-9562.86
trade:order:diagnostic_always_buy_holding_exit:v1:000002.SZ:2023-04-26:entry:2023-04-27,order:diagnostic_always_buy_holding_exit:v1:000002.SZ:2023-04-26:entry:2023-04-27,000002.SZ,buy,700,10.61,2023-04-27,7429.98,5.00,0.00,0.00,5.00,-7434.98
trade:order:diagnostic_always_buy_holding_exit:v1:000001.SZ:2023-04-27:entry:2023-04-28,order:diagnostic_always_buy_holding_exit:v1:000001.SZ:2023-04-27:entry:2023-04-28,000001.SZ,buy,600,10.04,2023-04-28,6025.62,5.00,0.00,0.00,5.00,-6030.62
trade:order:diagnostic_always_buy_holding_exit:v1:000002.SZ:2023-04-27:entry:2023-04-28,order:diagnostic_always_buy_holding_exit:v1:000002.SZ:2023-04-27:entry:2023-04-28,000002.SZ,buy,600,10.81,2023-04-28,6486.03,5.00,0.00,0.00,5.00,-6491.03
trade:order:diagnostic_always_buy_holding_exit:v1:000001.SZ:2023-04-28:entry:2023-05-01,order:diagnostic_always_buy_holding_exit:v1:000001.SZ:2023-04-28:entry:2023-05-01,000001.SZ,buy,400,10.06,2023-05-01,4025.93,5.00,0.00,0.00,5.00,-4030.93
trade:order:diagnostic_always_buy_holding_exit:v1:000002.SZ:2023-04-28:entry:2023-05-01,order:diagnostic_always_buy_holding_exit:v1:000002.SZ:2023-04-28:entry:2023-05-01,000002.SZ,buy,300,10.73,2023-05-01,3219.23,5.00,0.00,0.00,5.00,-3224.23
trade:order:diagnostic_always_buy_holding_exit:v1:000002.SZ:2023-05-01:exit:2023-05-02,order:diagnostic_always_buy_holding_exit:v1:000002.SZ:2023-05-01:exit:2023-05-02,000002.SZ,sell,5200,10.67,2023-05-02,55484.87,16.65,55.48,0.00,72.13,55412.74
trade:order:diagnostic_always_buy_holding_exit:v1:000001.SZ:2023-05-01:exit:2023-05-02,order:diagnostic_always_buy_holding_exit:v1:000001.SZ:2023-05-01:exit:2023-05-02,000001.SZ,sell,2600,10.04,2023-05-02,26093.02,7.83,26.09,0.00,33.92,26059.10
trade:order:diagnostic_always_buy_holding_exit:v1:000002.SZ:2023-05-02:exit:2023-05-03,order:diagnostic_always_buy_holding_exit:v1:000002.SZ:2023-05-02:exit:2023-05-03,000002.SZ,sell,300,10.77,2023-05-03,3229.90,5.00,3.23,0.00,8.23,3221.67
trade:order:diagnostic_always_buy_holding_exit:v1:000001.SZ:2023-05-02:exit:2023-05-03,order:diagnostic_always_buy_holding_exit:v1:000001.SZ:2023-05-02:exit:2023-05-03,000001.SZ,sell,400,10.08,2023-05-03,4030.55,5.00,4.03,0.00,9.03,4021.52
trade:order:diagnostic_always_buy_holding_exit:v1:000001.SZ:2023-05-03:entry:2023-05-04,order:diagnostic_always_buy_holding_exit:v1:000001.SZ:2023-05-03:entry:2023-05-04,000001.SZ,buy,2000,10.10,2023-05-04,20197.73,6.06,0.00,0.00,6.06,-20203.79
trade:order:diagnostic_always_buy_holding_exit:v1:000002.SZ:2023-05-03:entry:2023-05-04,order:diagnostic_always_buy_holding_exit:v1:000002.SZ:2023-05-03:entry:2023-05-04,000002.SZ,buy,1800,10.79,2023-05-04,19424.87,5.83,0.00,0.00,5.83,-19430.70
trade:order:diagnostic_always_buy_holding_exit:v1:000001.SZ:2023-05-04:entry:2023-05-05,order:diagnostic_always_buy_holding_exit:v1:000001.SZ:2023-05-04:entry:2023-05-05,000001.SZ,buy,1200,9.99,2023-05-05,11985.30,5.00,0.00,0.00,5.00,-11990.30
trade:order:diagnostic_always_buy_holding_exit:v1:000002.SZ:2023-05-04:entry:2023-05-05,order:diagnostic_always_buy_holding_exit:v1:000002.SZ:2023-05-04:entry:2023-05-05,000002.SZ,buy,1100,10.70,2023-05-05,11772.65,5.00,0.00,0.00,5.00,-11777.65
trade:order:diagnostic_always_buy_holding_exit:v1:000001.SZ:2023-05-05:entry:2023-05-08,order:diagnostic_always_buy_holding_exit:v1:000001.SZ:2023-05-05:entry:2023-05-08,000001.SZ,buy,700,10.01,2023-05-08,7006.79,5.00,0.00,0.00,5.00,-7011.79
trade:order:diagnostic_always_buy_holding_exit:v1:000001.SZ:2023-05-08:entry:2023-05-09,order:diagnostic_always_buy_holding_exit:v1:000001.SZ:2023-05-08:entry:2023-05-09,000001.SZ,buy,600,10.48,2023-05-09,6287.88,5.00,0.00,0.00,5.00,-6292.88
trade:order:diagnostic_always_buy_holding_exit:v1:000001.SZ:2023-05-09:exit:2023-05-10,order:diagnostic_always_buy_holding_exit:v1:000001.SZ:2023-05-09:exit:2023-05-10,000001.SZ,sell,3900,10.20,2023-05-10,39770.08,11.93,39.77,0.00,51.70,39718.38
trade:order:diagnostic_always_buy_holding_exit:v1:000002.SZ:2023-05-09:exit:2023-05-10,order:diagnostic_always_buy_holding_exit:v1:000002.SZ:2023-05-09:exit:2023-05-10,000002.SZ,sell,2900,10.74,2023-05-10,31138.44,9.34,31.14,0.00,40.48,31097.96
trade:order:diagnostic_always_buy_holding_exit:v1:600000.SH:2023-05-09:entry:2023-05-10,order:diagnostic_always_buy_holding_exit:v1:600000.SH:2023-05-09:entry:2023-05-10,600000.SH,buy,300,12.40,2023-05-10,3720.17,5.00,0.00,0.00,5.00,-3725.17
trade:order:diagnostic_always_buy_holding_exit:v1:000001.SZ:2023-05-10:exit:2023-05-11,order:diagnostic_always_buy_holding_exit:v1:000001.SZ:2023-05-10:exit:2023-05-11,000001.SZ,sell,600,10.05,2023-05-11,6031.11,5.00,6.03,0.00,11.03,6020.08
trade:order:diagnostic_always_buy_holding_exit:v1:600000.SH:2023-05-15:exit:2023-05-16,order:diagnostic_always_buy_holding_exit:v1:600000.SH:2023-05-15:exit:2023-05-16,600000.SH,sell,300,12.30,2023-05-16,3689.98,5.00,3.69,0.00,8.69,3681.29
trade:order:diagnostic_always_buy_holding_exit:v1:600000.SH:2023-05-17:entry:2023-05-18,order:diagnostic_always_buy_holding_exit:v1:600000.SH:2023-05-17:entry:2023-05-18,600000.SH,buy,1600,12.43,2023-05-18,19885.84,5.97,0.00,0.00,5.97,-19891.81
trade:order:diagnostic_always_buy_holding_exit:v1:600000.SH:2023-05-18:entry:2023-05-19,order:diagnostic_always_buy_holding_exit:v1:600000.SH:2023-05-18:entry:2023-05-19,600000.SH,buy,1300,12.54,2023-05-19,16307.67,5.00,0.00,0.00,5.00,-16312.67
trade:order:diagnostic_always_buy_holding_exit:v1:000001.SZ:2023-05-19:entry:2023-05-22,order:diagnostic_always_buy_holding_exit:v1:000001.SZ:2023-05-19:entry:2023-05-22,000001.SZ,buy,1300,10.06,2023-05-22,13074.01,5.00,0.00,0.00,5.00,-13079.01
trade:order:diagnostic_always_buy_holding_exit:v1:000002.SZ:2023-05-19:entry:2023-05-22,order:diagnostic_always_buy_holding_exit:v1:000002.SZ:2023-05-19:entry:2023-05-22,000002.SZ,buy,1200,10.83,2023-05-22,13000.11,5.00,0.00,0.00,5.00,-13005.11
trade:order:diagnostic_always_buy_holding_exit:v1:000001.SZ:2023-05-22:entry:2023-05-23,order:diagnostic_always_buy_holding_exit:v1:000001.SZ:2023-05-22:entry:2023-05-23,000001.SZ,buy,700,10.01,2023-05-23,7007.63,5.00,0.00,0.00,5.00,-7012.63
trade:order:diagnostic_always_buy_holding_exit:v1:000002.SZ:2023-05-22:entry:2023-05-23,order:diagnostic_always_buy_holding_exit:v1:000002.SZ:2023-05-22:entry:2023-05-23,000002.SZ,buy,700,10.73,2023-05-23,7509.83,5.00,0.00,0.00,5.00,-7514.83
trade:order:diagnostic_always_buy_holding_exit:v1:600000.SH:2023-05-22:entry:2023-05-23,order:diagnostic_always_buy_holding_exit:v1:600000.SH:2023-05-22:entry:2023-05-23,600000.SH,buy,600,12.42,2023-05-23,7454.10,5.00,0.00,0.00,5.00,-7459.10
trade:order:diagnostic_always_buy_holding_exit:v1:000002.SZ:2023-05-23:entry:2023-05-24,order:diagnostic_always_buy_holding_exit:v1:000002.SZ:2023-05-23:entry:2023-05-24,000002.SZ,buy,300,10.74,2023-05-24,3221.37,5.00,0.00,0.00,5.00,-3226.37
trade:order:diagnostic_always_buy_holding_exit:v1:600000.SH:2023-05-23:exit:2023-05-24,order:diagnostic_always_buy_holding_exit:v1:600000.SH:2023-05-23:exit:2023-05-24,600000.SH,sell,2900,12.41,2023-05-24,35976.20,10.79,35.98,0.00,46.77,35929.43
trade:order:diagnostic_always_buy_holding_exit:v1:600000.SH:2023-05-24:exit:2023-05-25,order:diagnostic_always_buy_holding_exit:v1:600000.SH:2023-05-24:exit:2023-05-25,600000.SH,sell,600,12.50,2023-05-25,7500.04,5.00,7.50,0.00,12.50,7487.54
trade:order:diagnostic_always_buy_holding_exit:v1:600000.SH:2023-05-25:entry:2023-05-26,order:diagnostic_always_buy_holding_exit:v1:600000.SH:2023-05-25:entry:2023-05-26,600000.SH,buy,900,12.36,2023-05-26,11126.42,5.00,0.00,0.00,5.00,-11131.42
trade:order:diagnostic_always_buy_holding_exit:v1:000002.SZ:2023-05-26:entry:2023-05-29,order:diagnostic_always_buy_holding_exit:v1:000002.SZ:2023-05-26:entry:2023-05-29,000002.SZ,buy,800,10.74,2023-05-29,8592.14,5.00,0.00,0.00,5.00,-8597.14
trade:order:diagnostic_always_buy_holding_exit:v1:600000.SH:2023-05-26:entry:2023-05-29,order:diagnostic_always_buy_holding_exit:v1:600000.SH:2023-05-26:entry:2023-05-29,600000.SH,buy,700,12.42,2023-05-29,8696.11,5.00,0.00,0.00,5.00,-8701.11
trade:order:diagnostic_always_buy_holding_exit:v1:000002.SZ:2023-05-29:exit:2023-05-30,order:diagnostic_always_buy_holding_exit:v1:000002.SZ:2023-05-29:exit:2023-05-30,000002.SZ,sell,2200,10.72,2023-05-30,23577.87,7.07,23.58,0.00,30.65,23547.21
trade:order:diagnostic_always_buy_holding_exit:v1:600000.SH:2023-05-29:entry:2023-05-30,order:diagnostic_always_buy_holding_exit:v1:600000.SH:2023-05-29:entry:2023-05-30,600000.SH,buy,400,12.35,2023-05-30,4941.30,5.00,0.00,0.00,5.00,-4946.30
trade:order:diagnostic_always_buy_holding_exit:v1:000001.SZ:2023-05-29:exit:2023-05-30,order:diagnostic_always_buy_holding_exit:v1:000001.SZ:2023-05-29:exit:2023-05-30,000001.SZ,sell,2000,10.00,2023-05-30,19991.37,6.00,19.99,0.00,25.99,19965.38
trade:order:diagnostic_always_buy_holding_exit:v1:000001.SZ:2023-05-30:entry:2023-05-31,order:diagnostic_always_buy_holding_exit:v1:000001.SZ:2023-05-30:entry:2023-05-31,000001.SZ,buy,1300,9.98,2023-05-31,12980.29,5.00,0.00,0.00,5.00,-12985.29
trade:order:diagnostic_always_buy_holding_exit:v1:000002.SZ:2023-05-30:exit:2023-05-31,order:diagnostic_always_buy_holding_exit:v1:000002.SZ:2023-05-30:exit:2023-05-31,000002.SZ,sell,800,10.75,2023-05-31,8601.84,5.00,8.60,0.00,13.60,8588.24
trade:order:diagnostic_always_buy_holding_exit:v1:000001.SZ:2023-05-31:entry:2023-06-01,order:diagnostic_always_buy_holding_exit:v1:000001.SZ:2023-05-31:entry:2023-06-01,000001.SZ,buy,1200,10.13,2023-06-01,12152.39,5.00,0.00,0.00,5.00,-12157.39
trade:order:diagnostic_always_buy_holding_exit:v1:600000.SH:2023-05-31:exit:2023-06-01,order:diagnostic_always_buy_holding_exit:v1:600000.SH:2023-05-31:exit:2023-06-01,600000.SH,sell,2000,12.43,2023-06-01,24860.77,7.46,24.86,0.00,32.32,24828.45
trade:order:diagnostic_always_buy_holding_exit:v1:000001.SZ:2023-06-01:entry:2023-06-02,order:diagnostic_always_buy_holding_exit:v1:000001.SZ:2023-06-01:entry:2023-06-02,000001.SZ,buy,1500,10.09,2023-06-02,15129.81,5.00,0.00,0.00,5.00,-15134.81
trade:order:diagnostic_always_buy_holding_exit:v1:000001.SZ:2023-06-02:entry:2023-06-05,order:diagnostic_always_buy_holding_exit:v1:000001.SZ:2023-06-02:entry:2023-06-05,000001.SZ,buy,1200,9.99,2023-06-05,11988.69,5.00,0.00,0.00,5.00,-11993.69
trade:order:diagnostic_always_buy_holding_exit:v1:000001.SZ:2023-06-05:exit:2023-06-06,order:diagnostic_always_buy_holding_exit:v1:000001.SZ:2023-06-05:exit:2023-06-06,000001.SZ,sell,4000,9.99,2023-06-06,39968.24,11.99,39.97,0.00,51.96,39916.28
trade:order:diagnostic_always_buy_holding_exit:v1:600000.SH:2023-06-05:entry:2023-06-06,order:diagnostic_always_buy_holding_exit:v1:600000.SH:2023-06-05:entry:2023-06-06,600000.SH,buy,700,12.52,2023-06-06,8761.47,5.00,0.00,0.00,5.00,-8766.47
trade:order:diagnostic_always_buy_holding_exit:v1:000001.SZ:2023-06-06:exit:2023-06-07,order:diagnostic_always_buy_holding_exit:v1:000001.SZ:2023-06-06:exit:2023-06-07,000001.SZ,sell,1200,10.05,2023-06-07,12054.70,5.00,12.05,0.00,17.05,12037.65
trade:order:diagnostic_always_buy_holding_exit:v1:000001.SZ:2023-06-09:entry:2023-06-12,order:diagnostic_always_buy_holding_exit:v1:000001.SZ:2023-06-09:entry:2023-06-12,000001.SZ,buy,1800,10.03,2023-06-12,18062.34,5.42,0.00,0.00,5.42,-18067.76
trade:order:diagnostic_always_buy_holding_exit:v1:000002.SZ:2023-06-09:entry:2023-06-12,order:diagnostic_always_buy_holding_exit:v1:000002.SZ:2023-06-09:entry:2023-06-12,000002.SZ,buy,1700,10.44,2023-06-12,17755.25,5.33,0.00,0.00,5.33,-17760.58
trade:order:diagnostic_always_buy_holding_exit:v1:000001.SZ:2023-06-12:entry:2023-06-13,order:diagnostic_always_buy_holding_exit:v1:000001.SZ:2023-06-12:entry:2023-06-13,000001.SZ,buy,1100,10.11,2023-06-13,11125.55,5.00,0.00,0.00,5.00,-11130.55
trade:order:diagnostic_always_buy_holding_exit:v1:600000.SH:2023-06-12:exit:2023-06-13,order:diagnostic_always_buy_holding_exit:v1:600000.SH:2023-06-12:exit:2023-06-13,600000.SH,sell,700,12.37,2023-06-13,8660.68,5.00,8.66,0.00,13.66,8647.02
trade:order:diagnostic_always_buy_holding_exit:v1:000001.SZ:2023-06-13:entry:2023-06-14,order:diagnostic_always_buy_holding_exit:v1:000001.SZ:2023-06-13:entry:2023-06-14,000001.SZ,buy,1000,10.11,2023-06-14,10112.32,5.00,0.00,0.00,5.00,-10117.32
trade:order:diagnostic_always_buy_holding_exit:v1:000001.SZ:2023-06-14:entry:2023-06-15,order:diagnostic_always_buy_holding_exit:v1:000001.SZ:2023-06-14:entry:2023-06-15,000001.SZ,buy,800,10.05,2023-06-15,8039.57,5.00,0.00,0.00,5.00,-8044.57
trade:order:diagnostic_always_buy_holding_exit:v1:000002.SZ:2023-06-14:entry:2023-06-15,order:diagnostic_always_buy_holding_exit:v1:000002.SZ:2023-06-14:entry:2023-06-15,000002.SZ,buy,800,10.64,2023-06-15,8511.51,5.00,0.00,0.00,5.00,-8516.51
trade:order:diagnostic_always_buy_holding_exit:v1:000002.SZ:2023-06-15:entry:2023-06-16,order:diagnostic_always_buy_holding_exit:v1:000002.SZ:2023-06-15:entry:2023-06-16,000002.SZ,buy,500,10.44,2023-06-16,5221.56,5.00,0.00,0.00,5.00,-5226.56
trade:order:diagnostic_always_buy_holding_exit:v1:600000.SH:2023-06-15:entry:2023-06-16,order:diagnostic_always_buy_holding_exit:v1:600000.SH:2023-06-15:entry:2023-06-16,600000.SH,buy,400,12.30,2023-06-16,4918.83,5.00,0.00,0.00,5.00,-4923.83
trade:order:diagnostic_always_buy_holding_exit:v1:000001.SZ:2023-06-16:entry:2023-06-19,order:diagnostic_always_buy_holding_exit:v1:000001.SZ:2023-06-16:entry:2023-06-19,000001.SZ,buy,300,10.09,2023-06-19,3027.91,5.00,0.00,0.00,5.00,-3032.91
trade:order:diagnostic_always_buy_holding_exit:v1:000002.SZ:2023-06-16:entry:2023-06-19,order:diagnostic_always_buy_holding_exit:v1:000002.SZ:2023-06-16:entry:2023-06-19,000002.SZ,buy,300,10.60,2023-06-19,3181.17,5.00,0.00,0.00,5.00,-3186.17
trade:order:diagnostic_always_buy_holding_exit:v1:000001.SZ:2023-06-19:exit:2023-06-20,order:diagnostic_always_buy_holding_exit:v1:000001.SZ:2023-06-19:exit:2023-06-20,000001.SZ,sell,4700,10.30,2023-06-20,48410.41,14.52,48.41,0.00,62.93,48347.48
trade:order:diagnostic_always_buy_holding_exit:v1:000002.SZ:2023-06-19:exit:2023-06-20,order:diagnostic_always_buy_holding_exit:v1:000002.SZ:2023-06-19:exit:2023-06-20,000002.SZ,sell,3000,10.60,2023-06-20,31813.92,9.54,31.81,0.00,41.36,31772.57
trade:order:diagnostic_always_buy_holding_exit:v1:000001.SZ:2023-06-20:exit:2023-06-21,order:diagnostic_always_buy_holding_exit:v1:000001.SZ:2023-06-20:exit:2023-06-21,000001.SZ,sell,300,10.11,2023-06-21,3033.29,5.00,3.03,0.00,8.03,3025.25
trade:order:diagnostic_always_buy_holding_exit:v1:000002.SZ:2023-06-20:exit:2023-06-21,order:diagnostic_always_buy_holding_exit:v1:000002.SZ:2023-06-20:exit:2023-06-21,000002.SZ,sell,300,10.57,2023-06-21,3171.99,5.00,3.17,0.00,8.17,3163.82
trade:order:diagnostic_always_buy_holding_exit:v1:000001.SZ:2023-06-21:entry:2023-06-22,order:diagnostic_always_buy_holding_exit:v1:000001.SZ:2023-06-21:entry:2023-06-22,000001.SZ,buy,1900,10.27,2023-06-22,19508.40,5.85,0.00,0.00,5.85,-19514.25
trade:order:diagnostic_always_buy_holding_exit:v1:000002.SZ:2023-06-21:entry:2023-06-22,order:diagnostic_always_buy_holding_exit:v1:000002.SZ:2023-06-21:entry:2023-06-22,000002.SZ,buy,1800,10.47,2023-06-22,18850.60,5.66,0.00,0.00,5.66,-18856.25
trade:order:diagnostic_always_buy_holding_exit:v1:600000.SH:2023-06-21:exit:2023-06-22,order:diagnostic_always_buy_holding_exit:v1:600000.SH:2023-06-21:exit:2023-06-22,600000.SH,sell,400,12.18,2023-06-22,4872.83,5.00,4.87,0.00,9.87,4862.96
trade:order:diagnostic_always_buy_holding_exit:v1:000001.SZ:2023-06-22:entry:2023-06-23,order:diagnostic_always_buy_holding_exit:v1:000001.SZ:2023-06-22:entry:2023-06-23,000001.SZ,buy,1200,10.18,2023-06-23,12220.60,5.00,0.00,0.00,5.00,-12225.60
trade:order:diagnostic_always_buy_holding_exit:v1:600000.SH:2023-06-23:entry:2023-06-26,order:diagnostic_always_buy_holding_exit:v1:600000.SH:2023-06-23:entry:2023-06-26,600000.SH,buy,800,12.23,2023-06-26,9787.72,5.00,0.00,0.00,5.00,-9792.72
trade:order:diagnostic_always_buy_holding_exit:v1:000001.SZ:2023-06-26:entry:2023-06-27,order:diagnostic_always_buy_holding_exit:v1:000001.SZ:2023-06-26:entry:2023-06-27,000001.SZ,buy,800,10.32,2023-06-27,8256.81,5.00,0.00,0.00,5.00,-8261.81
trade:order:diagnostic_always_buy_holding_exit:v1:600000.SH:2023-06-26:entry:2023-06-27,order:diagnostic_always_buy_holding_exit:v1:600000.SH:2023-06-26:entry:2023-06-27,600000.SH,buy,600,12.30,2023-06-27,7382.33,5.00,0.00,0.00,5.00,-7387.33
trade:order:diagnostic_always_buy_holding_exit:v1:000001.SZ:2023-06-27:exit:2023-06-28,order:diagnostic_always_buy_holding_exit:v1:000001.SZ:2023-06-27:exit:2023-06-28,000001.SZ,sell,3100,10.30,2023-06-28,31922.48,9.58,31.92,0.00,41.50,31880.98
trade:order:diagnostic_always_buy_holding_exit:v1:600000.SH:2023-06-27:entry:2023-06-28,order:diagnostic_always_buy_holding_exit:v1:600000.SH:2023-06-27:entry:2023-06-28,600000.SH,buy,400,12.46,2023-06-28,4983.57,5.00,0.00,0.00,5.00,-4988.57
trade:order:diagnostic_always_buy_holding_exit:v1:000002.SZ:2023-06-27:exit:2023-06-28,order:diagnostic_always_buy_holding_exit:v1:000002.SZ:2023-06-27:exit:2023-06-28,000002.SZ,sell,1800,10.50,2023-06-28,18894.43,5.67,18.89,0.00,24.56,18869.87
trade:order:diagnostic_always_buy_holding_exit:v1:000001.SZ:2023-06-28:exit:2023-06-29,order:diagnostic_always_buy_holding_exit:v1:000001.SZ:2023-06-28:exit:2023-06-29,000001.SZ,sell,800,10.36,2023-06-29,8288.03,5.00,8.29,0.00,13.29,8274.75
trade:order:diagnostic_always_buy_holding_exit:v1:000002.SZ:2023-06-28:entry:2023-06-29,order:diagnostic_always_buy_holding_exit:v1:000002.SZ:2023-06-28:entry:2023-06-29,000002.SZ,buy,1300,10.45,2023-06-29,13580.63,5.00,0.00,0.00,5.00,-13585.63
trade:order:diagnostic_always_buy_holding_exit:v1:600000.SH:2023-06-28:entry:2023-06-29,order:diagnostic_always_buy_holding_exit:v1:600000.SH:2023-06-28:entry:2023-06-29,600000.SH,buy,1100,12.32,2023-06-29,13551.67,5.00,0.00,0.00,5.00,-13556.67
trade:order:diagnostic_always_buy_holding_exit:v1:000001.SZ:2023-06-29:entry:2023-06-30,order:diagnostic_always_buy_holding_exit:v1:000001.SZ:2023-06-29:entry:2023-06-30,000001.SZ,buy,1000,10.23,2023-06-30,10232.77,5.00,0.00,0.00,5.00,-10237.77
trade:order:diagnostic_always_buy_holding_exit:v1:000002.SZ:2023-06-29:entry:2023-06-30,order:diagnostic_always_buy_holding_exit:v1:000002.SZ:2023-06-29:entry:2023-06-30,000002.SZ,buy,1000,10.56,2023-06-30,10560.35,5.00,0.00,0.00,5.00,-10565.35
trade:order:diagnostic_always_buy_holding_exit:v1:000001.SZ:2023-06-30:entry:2023-07-03,order:diagnostic_always_buy_holding_exit:v1:000001.SZ:2023-06-30:entry:2023-07-03,000001.SZ,buy,600,10.30,2023-07-03,6180.62,5.00,0.00,0.00,5.00,-6185.62
trade:order:diagnostic_always_buy_holding_exit:v1:000002.SZ:2023-06-30:entry:2023-07-03,order:diagnostic_always_buy_holding_exit:v1:000002.SZ:2023-06-30:entry:2023-07-03,000002.SZ,buy,600,10.68,2023-07-03,6407.85,5.00,0.00,0.00,5.00,-6412.85
trade:order:diagnostic_always_buy_holding_exit:v1:000002.SZ:2023-07-03:entry:2023-07-04,order:diagnostic_always_buy_holding_exit:v1:000002.SZ:2023-07-03:entry:2023-07-04,000002.SZ,buy,300,10.69,2023-07-04,3207.54,5.00,0.00,0.00,5.00,-3212.54
trade:order:diagnostic_always_buy_holding_exit:v1:600000.SH:2023-07-03:exit:2023-07-04,order:diagnostic_always_buy_holding_exit:v1:600000.SH:2023-07-03:exit:2023-07-04,600000.SH,sell,2900,12.43,2023-07-04,36033.30,10.81,36.03,0.00,46.84,35986.46
trade:order:diagnostic_always_buy_holding_exit:v1:000002.SZ:2023-07-04:exit:2023-07-05,order:diagnostic_always_buy_holding_exit:v1:000002.SZ:2023-07-04:exit:2023-07-05,000002.SZ,sell,2900,10.72,2023-07-05,31079.95,9.32,31.08,0.00,40.40,31039.54
trade:order:diagnostic_always_buy_holding_exit:v1:000002.SZ:2023-07-05:exit:2023-07-06,order:diagnostic_always_buy_holding_exit:v1:000002.SZ:2023-07-05:exit:2023-07-06,000002.SZ,sell,300,10.65,2023-07-06,3195.73,5.00,3.20,0.00,8.20,3187.54
trade:order:diagnostic_always_buy_holding_exit:v1:000001.SZ:2023-07-05:exit:2023-07-06,order:diagnostic_always_buy_holding_exit:v1:000001.SZ:2023-07-05:exit:2023-07-06,000001.SZ,sell,1600,10.25,2023-07-06,16393.73,5.00,16.39,0.00,21.39,16372.33
trade:order:diagnostic_always_buy_holding_exit:v1:000002.SZ:2023-07-06:entry:2023-07-07,order:diagnostic_always_buy_holding_exit:v1:000002.SZ:2023-07-06:entry:2023-07-07,000002.SZ,buy,1900,10.54,2023-07-07,20026.38,6.01,0.00,0.00,6.01,-20032.38
trade:order:diagnostic_always_buy_holding_exit:v1:600000.SH:2023-07-07:entry:2023-07-10,order:diagnostic_always_buy_holding_exit:v1:600000.SH:2023-07-07:entry:2023-07-10,600000.SH,buy,1300,12.42,2023-07-10,16144.74,5.00,0.00,0.00,5.00,-16149.74
trade:order:diagnostic_always_buy_holding_exit:v1:000002.SZ:2023-07-10:entry:2023-07-11,order:diagnostic_always_buy_holding_exit:v1:000002.SZ:2023-07-10:entry:2023-07-11,000002.SZ,buy,1200,10.68,2023-07-11,12815.21,5.00,0.00,0.00,5.00,-12820.21
trade:order:diagnostic_always_buy_holding_exit:v1:600000.SH:2023-07-10:entry:2023-07-11,order:diagnostic_always_buy_holding_exit:v1:600000.SH:2023-07-10:entry:2023-07-11,600000.SH,buy,1000,12.46,2023-07-11,12455.91,5.00,0.00,0.00,5.00,-12460.91
trade:order:diagnostic_always_buy_holding_exit:v1:000001.SZ:2023-07-11:entry:2023-07-12,order:diagnostic_always_buy_holding_exit:v1:000001.SZ:2023-07-11:entry:2023-07-12,000001.SZ,buy,800,10.13,2023-07-12,8101.69,5.00,0.00,0.00,5.00,-8106.69
trade:order:diagnostic_always_buy_holding_exit:v1:600000.SH:2023-07-11:entry:2023-07-12,order:diagnostic_always_buy_holding_exit:v1:600000.SH:2023-07-11:entry:2023-07-12,600000.SH,buy,600,12.44,2023-07-12,7466.37,5.00,0.00,0.00,5.00,-7471.37
trade:order:diagnostic_always_buy_holding_exit:v1:000001.SZ:2023-07-12:entry:2023-07-13,order:diagnostic_always_buy_holding_exit:v1:000001.SZ:2023-07-12:entry:2023-07-13,000001.SZ,buy,500,10.24,2023-07-13,5120.14,5.00,0.00,0.00,5.00,-5125.14
trade:order:diagnostic_always_buy_holding_exit:v1:600000.SH:2023-07-12:entry:2023-07-13,order:diagnostic_always_buy_holding_exit:v1:600000.SH:2023-07-12:entry:2023-07-13,600000.SH,buy,400,12.21,2023-07-13,4883.47,5.00,0.00,0.00,5.00,-4888.47
trade:order:diagnostic_always_buy_holding_exit:v1:000002.SZ:2023-07-12:exit:2023-07-13,order:diagnostic_always_buy_holding_exit:v1:000002.SZ:2023-07-12:exit:2023-07-13,000002.SZ,sell,3100,10.47,2023-07-13,32465.51,9.74,32.47,0.00,42.21,32423.31
trade:order:diagnostic_always_buy_holding_exit:v1:000001.SZ:2023-07-14:entry:2023-07-17,order:diagnostic_always_buy_holding_exit:v1:000001.SZ:2023-07-14:entry:2023-07-17,000001.SZ,buy,900,10.15,2023-07-17,9132.81,5.00,0.00,0.00,5.00,-9137.81
trade:order:diagnostic_always_buy_holding_exit:v1:600000.SH:2023-07-17:exit:2023-07-18,order:diagnostic_always_buy_holding_exit:v1:600000.SH:2023-07-17:exit:2023-07-18,600000.SH,sell,3300,12.24,2023-07-18,40389.84,12.12,40.39,0.00,52.51,40337.33
trade:order:diagnostic_always_buy_holding_exit:v1:000001.SZ:2023-07-17:exit:2023-07-18,order:diagnostic_always_buy_holding_exit:v1:000001.SZ:2023-07-17:exit:2023-07-18,000001.SZ,sell,1300,10.30,2023-07-18,13391.16,5.00,13.39,0.00,18.39,13372.77
trade:order:diagnostic_always_buy_holding_exit:v1:000001.SZ:2023-07-18:exit:2023-07-19,order:diagnostic_always_buy_holding_exit:v1:000001.SZ:2023-07-18:exit:2023-07-19,000001.SZ,sell,900,10.37,2023-07-19,9329.45,5.00,9.33,0.00,14.33,9315.12
trade:order:diagnostic_always_buy_holding_exit:v1:000001.SZ:2023-07-19:entry:2023-07-20,order:diagnostic_always_buy_holding_exit:v1:000001.SZ:2023-07-19:entry:2023-07-20,000001.SZ,buy,1900,10.11,2023-07-20,19215.51,5.76,0.00,0.00,5.76,-19221.27
trade:order:diagnostic_always_buy_holding_exit:v1:000002.SZ:2023-07-21:entry:2023-07-24,order:diagnostic_always_buy_holding_exit:v1:000002.SZ:2023-07-21:entry:2023-07-24,000002.SZ,buy,1500,10.52,2023-07-24,15786.36,5.00,0.00,0.00,5.00,-15791.36
trade:order:diagnostic_always_buy_holding_exit:v1:000001.SZ:2023-07-24:entry:2023-07-25,order:diagnostic_always_buy_holding_exit:v1:000001.SZ:2023-07-24:entry:2023-07-25,000001.SZ,buy,1300,10.20,2023-07-25,13263.48,5.00,0.00,0.00,5.00,-13268.48
trade:order:diagnostic_always_buy_holding_exit:v1:000002.SZ:2023-07-24:entry:2023-07-25,order:diagnostic_always_buy_holding_exit:v1:000002.SZ:2023-07-24:entry:2023-07-25,000002.SZ,buy,1200,10.68,2023-07-25,12816.25,5.00,0.00,0.00,5.00,-12821.25
trade:order:diagnostic_always_buy_holding_exit:v1:000001.SZ:2023-07-25:exit:2023-07-26,order:diagnostic_always_buy_holding_exit:v1:000001.SZ:2023-07-25:exit:2023-07-26,000001.SZ,sell,1900,10.30,2023-07-26,19567.13,5.87,19.57,0.00,25.44,19541.69
trade:order:diagnostic_always_buy_holding_exit:v1:000002.SZ:2023-07-25:entry:2023-07-26,order:diagnostic_always_buy_holding_exit:v1:000002.SZ:2023-07-25:entry:2023-07-26,000002.SZ,buy,700,10.73,2023-07-26,7510.45,5.00,0.00,0.00,5.00,-7515.45
trade:order:diagnostic_always_buy_holding_exit:v1:000002.SZ:2023-07-26:entry:2023-07-27,order:diagnostic_always_buy_holding_exit:v1:000002.SZ:2023-07-26:entry:2023-07-27,000002.SZ,buy,1000,10.58,2023-07-27,10575.14,5.00,0.00,0.00,5.00,-10580.14
trade:order:diagnostic_always_buy_holding_exit:v1:000001.SZ:2023-07-26:exit:2023-07-27,order:diagnostic_always_buy_holding_exit:v1:000001.SZ:2023-07-26:exit:2023-07-27,000001.SZ,sell,1300,10.22,2023-07-27,13286.86,5.00,13.29,0.00,18.29,13268.57
trade:order:diagnostic_always_buy_holding_exit:v1:000002.SZ:2023-07-27:entry:2023-07-28,order:diagnostic_always_buy_holding_exit:v1:000002.SZ:2023-07-27:entry:2023-07-28,000002.SZ,buy,1000,10.62,2023-07-28,10617.41,5.00,0.00,0.00,5.00,-10622.41
trade:order:diagnostic_always_buy_holding_exit:v1:000002.SZ:2023-07-28:entry:2023-07-31,order:diagnostic_always_buy_holding_exit:v1:000002.SZ:2023-07-28:entry:2023-07-31,000002.SZ,buy,800,10.81,2023-07-31,8647.93,5.00,0.00,0.00,5.00,-8652.93
trade:order:diagnostic_always_buy_holding_exit:v1:000001.SZ:2023-07-31:entry:2023-08-01,order:diagnostic_always_buy_holding_exit:v1:000001.SZ:2023-07-31:entry:2023-08-01,000001.SZ,buy,700,10.65,2023-08-01,7458.28,5.00,0.00,0.00,5.00,-7463.28
trade:order:diagnostic_always_buy_holding_exit:v1:000002.SZ:2023-07-31:exit:2023-08-01,order:diagnostic_always_buy_holding_exit:v1:000002.SZ:2023-07-31:exit:2023-08-01,000002.SZ,sell,5400,11.03,2023-08-01,59552.25,17.87,59.55,0.00,77.42,59474.83
trade:order:diagnostic_always_buy_holding_exit:v1:000001.SZ:2023-08-01:entry:2023-08-02,order:diagnostic_always_buy_holding_exit:v1:000001.SZ:2023-08-01:entry:2023-08-02,000001.SZ,buy,1600,10.31,2023-08-02,16489.31,5.00,0.00,0.00,5.00,-16494.31
trade:order:diagnostic_always_buy_holding_exit:v1:000002.SZ:2023-08-01:exit:2023-08-02,order:diagnostic_always_buy_holding_exit:v1:000002.SZ:2023-08-01:exit:2023-08-02,000002.SZ,sell,800,10.79,2023-08-02,8634.31,5.00,8.63,0.00,13.63,8620.67
trade:order:diagnostic_always_buy_holding_exit:v1:600000.SH:2023-08-01:entry:2023-08-02,order:diagnostic_always_buy_holding_exit:v1:600000.SH:2023-08-01:entry:2023-08-02,600000.SH,buy,1300,12.08,2023-08-02,15709.89,5.00,0.00,0.00,5.00,-15714.89
trade:order:diagnostic_always_buy_holding_exit:v1:000001.SZ:2023-08-07:exit:2023-08-08,order:diagnostic_always_buy_holding_exit:v1:000001.SZ:2023-08-07:exit:2023-08-08,000001.SZ,sell,2300,10.32,2023-08-08,23739.44,7.12,23.74,0.00,30.86,23708.58
trade:order:diagnostic_always_buy_holding_exit:v1:600000.SH:2023-08-07:exit:2023-08-08,order:diagnostic_always_buy_holding_exit:v1:600000.SH:2023-08-07:exit:2023-08-08,600000.SH,sell,1300,12.03,2023-08-08,15644.35,5.00,15.64,0.00,20.64,15623.70
trade:order:diagnostic_always_buy_holding_exit:v1:000001.SZ:2023-08-09:entry:2023-08-10,order:diagnostic_always_buy_holding_exit:v1:000001.SZ:2023-08-09:entry:2023-08-10,000001.SZ,buy,2000,10.43,2023-08-10,20866.30,6.26,0.00,0.00,6.26,-20872.56
trade:order:diagnostic_always_buy_holding_exit:v1:000002.SZ:2023-08-09:entry:2023-08-10,order:diagnostic_always_buy_holding_exit:v1:000002.SZ:2023-08-09:entry:2023-08-10,000002.SZ,buy,1900,10.85,2023-08-10,20614.96,6.18,0.00,0.00,6.18,-20621.15
trade:order:diagnostic_always_buy_holding_exit:v1:000001.SZ:2023-08-10:entry:2023-08-11,order:diagnostic_always_buy_holding_exit:v1:000001.SZ:2023-08-10:entry:2023-08-11,000001.SZ,buy,1200,10.30,2023-08-11,12360.11,5.00,0.00,0.00,5.00,-12365.11
trade:order:diagnostic_always_buy_holding_exit:v1:000002.SZ:2023-08-10:entry:2023-08-11,order:diagnostic_always_buy_holding_exit:v1:000002.SZ:2023-08-10:entry:2023-08-11,000002.SZ,buy,1100,10.72,2023-08-11,11789.51,5.00,0.00,0.00,5.00,-11794.51
trade:order:diagnostic_always_buy_holding_exit:v1:000001.SZ:2023-08-11:entry:2023-08-14,order:diagnostic_always_buy_holding_exit:v1:000001.SZ:2023-08-11:entry:2023-08-14,000001.SZ,buy,700,10.33,2023-08-14,7233.44,5.00,0.00,0.00,5.00,-7238.44
trade:order:diagnostic_always_buy_holding_exit:v1:000002.SZ:2023-08-11:entry:2023-08-14,order:diagnostic_always_buy_holding_exit:v1:000002.SZ:2023-08-11:entry:2023-08-14,000002.SZ,buy,700,10.85,2023-08-14,7596.91,5.00,0.00,0.00,5.00,-7601.91
trade:order:diagnostic_always_buy_holding_exit:v1:000001.SZ:2023-08-14:entry:2023-08-15,order:diagnostic_always_buy_holding_exit:v1:000001.SZ:2023-08-14:entry:2023-08-15,000001.SZ,buy,400,10.24,2023-08-15,4096.15,5.00,0.00,0.00,5.00,-4101.15
trade:order:diagnostic_always_buy_holding_exit:v1:000002.SZ:2023-08-15:exit:2023-08-16,order:diagnostic_always_buy_holding_exit:v1:000002.SZ:2023-08-15:exit:2023-08-16,000002.SZ,sell,3700,10.68,2023-08-16,39528.62,11.86,39.53,0.00,51.39,39477.23
trade:order:diagnostic_always_buy_holding_exit:v1:000001.SZ:2023-08-15:exit:2023-08-16,order:diagnostic_always_buy_holding_exit:v1:000001.SZ:2023-08-15:exit:2023-08-16,000001.SZ,sell,3900,10.35,2023-08-16,40346.80,12.10,40.35,0.00,52.45,40294.35
trade:order:diagnostic_always_buy_holding_exit:v1:000001.SZ:2023-08-16:exit:2023-08-17,order:diagnostic_always_buy_holding_exit:v1:000001.SZ:2023-08-16:exit:2023-08-17,000001.SZ,sell,400,10.42,2023-08-17,4167.54,5.00,4.17,0.00,9.17,4158.37
trade:order:diagnostic_always_buy_holding_exit:v1:000001.SZ:2023-08-17:entry:2023-08-18,order:diagnostic_always_buy_holding_exit:v1:000001.SZ:2023-08-17:entry:2023-08-18,000001.SZ,buy,1900,10.30,2023-08-18,19567.76,5.87,0.00,0.00,5.87,-19573.63
trade:order:diagnostic_always_buy_holding_exit:v1:000002.SZ:2023-08-17:entry:2023-08-18,order:diagnostic_always_buy_holding_exit:v1:000002.SZ:2023-08-17:entry:2023-08-18,000002.SZ,buy,1900,10.97,2023-08-18,20842.29,6.25,0.00,0.00,6.25,-20848.54
trade:order:diagnostic_always_buy_holding_exit:v1:000001.SZ:2023-08-18:entry:2023-08-21,order:diagnostic_always_buy_holding_exit:v1:000001.SZ:2023-08-18:entry:2023-08-21,000001.SZ,buy,1200,10.39,2023-08-21,12463.91,5.00,0.00,0.00,5.00,-12468.91
trade:order:diagnostic_always_buy_holding_exit:v1:000002.SZ:2023-08-18:entry:2023-08-21,order:diagnostic_always_buy_holding_exit:v1:000002.SZ:2023-08-18:entry:2023-08-21,000002.SZ,buy,1100,10.79,2023-08-21,11867.79,5.00,0.00,0.00,5.00,-11872.79
trade:order:diagnostic_always_buy_holding_exit:v1:000001.SZ:2023-08-21:entry:2023-08-22,order:diagnostic_always_buy_holding_exit:v1:000001.SZ:2023-08-21:entry:2023-08-22,000001.SZ,buy,700,10.41,2023-08-22,7289.26,5.00,0.00,0.00,5.00,-7294.26
trade:order:diagnostic_always_buy_holding_exit:v1:000002.SZ:2023-08-21:entry:2023-08-22,order:diagnostic_always_buy_holding_exit:v1:000002.SZ:2023-08-21:entry:2023-08-22,000002.SZ,buy,700,10.82,2023-08-22,7570.68,5.00,0.00,0.00,5.00,-7575.68
trade:order:diagnostic_always_buy_holding_exit:v1:000001.SZ:2023-08-22:entry:2023-08-23,order:diagnostic_always_buy_holding_exit:v1:000001.SZ:2023-08-22:entry:2023-08-23,000001.SZ,buy,400,10.39,2023-08-23,4154.02,5.00,0.00,0.00,5.00,-4159.02
trade:order:diagnostic_always_buy_holding_exit:v1:000002.SZ:2023-08-22:entry:2023-08-23,order:diagnostic_always_buy_holding_exit:v1:000002.SZ:2023-08-22:entry:2023-08-23,000002.SZ,buy,400,10.96,2023-08-23,4382.11,5.00,0.00,0.00,5.00,-4387.11
trade:order:diagnostic_always_buy_holding_exit:v1:000001.SZ:2023-08-23:exit:2023-08-24,order:diagnostic_always_buy_holding_exit:v1:000001.SZ:2023-08-23:exit:2023-08-24,000001.SZ,sell,3800,10.62,2023-08-24,40354.94,12.11,40.35,0.00,52.46,40302.48
trade:order:diagnostic_always_buy_holding_exit:v1:000002.SZ:2023-08-23:exit:2023-08-24,order:diagnostic_always_buy_holding_exit:v1:000002.SZ:2023-08-23:exit:2023-08-24,000002.SZ,sell,3700,10.82,2023-08-24,40021.92,12.01,40.02,0.00,52.03,39969.89
trade:order:diagnostic_always_buy_holding_exit:v1:000001.SZ:2023-08-24:exit:2023-08-25,order:diagnostic_always_buy_holding_exit:v1:000001.SZ:2023-08-24:exit:2023-08-25,000001.SZ,sell,400,10.48,2023-08-25,4192.57,5.00,4.19,0.00,9.19,4183.38
trade:order:diagnostic_always_buy_holding_exit:v1:000002.SZ:2023-08-24:exit:2023-08-25,order:diagnostic_always_buy_holding_exit:v1:000002.SZ:2023-08-24:exit:2023-08-25,000002.SZ,sell,400,11.07,2023-08-25,4429.72,5.00,4.43,0.00,9.43,4420.29
trade:order:diagnostic_always_buy_holding_exit:v1:000001.SZ:2023-08-25:entry:2023-08-28,order:diagnostic_always_buy_holding_exit:v1:000001.SZ:2023-08-25:entry:2023-08-28,000001.SZ,buy,1900,10.49,2023-08-28,19924.54,5.98,0.00,0.00,5.98,-19930.52
trade:order:diagnostic_always_buy_holding_exit:v1:000002.SZ:2023-08-25:entry:2023-08-28,order:diagnostic_always_buy_holding_exit:v1:000002.SZ:2023-08-25:entry:2023-08-28,000002.SZ,buy,1800,11.20,2023-08-28,20156.14,6.05,0.00,0.00,6.05,-20162.18
trade:order:diagnostic_always_buy_holding_exit:v1:000001.SZ:2023-08-28:entry:2023-08-29,order:diagnostic_always_buy_holding_exit:v1:000001.SZ:2023-08-28:entry:2023-08-29,000001.SZ,buy,1200,10.55,2023-08-29,12661.30,5.00,0.00,0.00,5.00,-12666.30
trade:order:diagnostic_always_buy_holding_exit:v1:000002.SZ:2023-08-28:entry:2023-08-29,order:diagnostic_always_buy_holding_exit:v1:000002.SZ:2023-08-28:entry:2023-08-29,000002.SZ,buy,1100,11.12,2023-08-29,12226.88,5.00,0.00,0.00,5.00,-12231.88
trade:order:diagnostic_always_buy_holding_exit:v1:000002.SZ:2023-08-29:entry:2023-08-30,order:diagnostic_always_buy_holding_exit:v1:000002.SZ:2023-08-29:entry:2023-08-30,000002.SZ,buy,700,11.06,2023-08-30,7745.27,5.00,0.00,0.00,5.00,-7750.27
trade:order:diagnostic_always_buy_holding_exit:v1:000002.SZ:2023-08-30:entry:2023-08-31,order:diagnostic_always_buy_holding_exit:v1:000002.SZ:2023-08-30:entry:2023-08-31,000002.SZ,buy,500,11.18,2023-08-31,5591.63,5.00,0.00,0.00,5.00,-5596.63
trade:order:diagnostic_always_buy_holding_exit:v1:000002.SZ:2023-08-31:entry:2023-09-01,order:diagnostic_always_buy_holding_exit:v1:000002.SZ:2023-08-31:entry:2023-09-01,000002.SZ,buy,400,11.25,2023-09-01,4500.65,5.00,0.00,0.00,5.00,-4505.65
trade:order:diagnostic_always_buy_holding_exit:v1:000002.SZ:2023-09-01:entry:2023-09-04,order:diagnostic_always_buy_holding_exit:v1:000002.SZ:2023-09-01:entry:2023-09-04,000002.SZ,buy,300,11.33,2023-09-04,3398.29,5.00,0.00,0.00,5.00,-3403.29
trade:order:diagnostic_always_buy_holding_exit:v1:000001.SZ:2023-09-04:exit:2023-09-05,order:diagnostic_always_buy_holding_exit:v1:000001.SZ:2023-09-04:exit:2023-09-05,000001.SZ,sell,3100,10.57,2023-09-05,32757.96,9.83,32.76,0.00,42.59,32715.38
trade:order:diagnostic_always_buy_holding_exit:v1:000002.SZ:2023-09-04:exit:2023-09-05,order:diagnostic_always_buy_holding_exit:v1:000002.SZ:2023-09-04:exit:2023-09-05,000002.SZ,sell,4500,11.27,2023-09-05,50693.82,15.21,50.69,0.00,65.90,50627.92
trade:order:diagnostic_always_buy_holding_exit:v1:000001.SZ:2023-09-05:entry:2023-09-06,order:diagnostic_always_buy_holding_exit:v1:000001.SZ:2023-09-05:entry:2023-09-06,000001.SZ,buy,1900,10.65,2023-09-06,20229.60,6.07,0.00,0.00,6.07,-20235.67
trade:order:diagnostic_always_buy_holding_exit:v1:000002.SZ:2023-09-05:exit:2023-09-06,order:diagnostic_always_buy_holding_exit:v1:000002.SZ:2023-09-05:exit:2023-09-06,000002.SZ,sell,300,11.27,2023-09-06,3381.80,5.00,3.38,0.00,8.38,3373.42
trade:order:diagnostic_always_buy_holding_exit:v1:000001.SZ:2023-09-06:entry:2023-09-07,order:diagnostic_always_buy_holding_exit:v1:000001.SZ:2023-09-06:entry:2023-09-07,000001.SZ,buy,1600,10.58,2023-09-07,16935.19,5.08,0.00,0.00,5.08,-16940.27
trade:order:diagnostic_always_buy_holding_exit:v1:000002.SZ:2023-09-06:entry:2023-09-07,order:diagnostic_always_buy_holding_exit:v1:000002.SZ:2023-09-06:entry:2023-09-07,000002.SZ,buy,1400,11.34,2023-09-07,15869.30,5.00,0.00,0.00,5.00,-15874.30
trade:order:diagnostic_always_buy_holding_exit:v1:000001.SZ:2023-09-07:entry:2023-09-08,order:diagnostic_always_buy_holding_exit:v1:000001.SZ:2023-09-07:entry:2023-09-08,000001.SZ,buy,900,10.64,2023-09-08,9579.98,5.00,0.00,0.00,5.00,-9584.98
trade:order:diagnostic_always_buy_holding_exit:v1:000002.SZ:2023-09-07:entry:2023-09-08,order:diagnostic_always_buy_holding_exit:v1:000002.SZ:2023-09-07:entry:2023-09-08,000002.SZ,buy,900,11.24,2023-09-08,10112.69,5.00,0.00,0.00,5.00,-10117.69
trade:order:diagnostic_always_buy_holding_exit:v1:000001.SZ:2023-09-08:entry:2023-09-11,order:diagnostic_always_buy_holding_exit:v1:000001.SZ:2023-09-08:entry:2023-09-11,000001.SZ,buy,600,10.83,2023-09-11,6498.66,5.00,0.00,0.00,5.00,-6503.66
trade:order:diagnostic_always_buy_holding_exit:v1:000001.SZ:2023-09-11:exit:2023-09-12,order:diagnostic_always_buy_holding_exit:v1:000001.SZ:2023-09-11:exit:2023-09-12,000001.SZ,sell,4400,10.85,2023-09-12,47724.17,14.32,47.72,0.00,62.04,47662.13
trade:order:diagnostic_always_buy_holding_exit:v1:000001.SZ:2023-09-12:exit:2023-09-13,order:diagnostic_always_buy_holding_exit:v1:000001.SZ:2023-09-12:exit:2023-09-13,000001.SZ,sell,600,10.70,2023-09-13,6422.33,5.00,6.42,0.00,11.42,6410.91
trade:order:diagnostic_always_buy_holding_exit:v1:000002.SZ:2023-09-12:exit:2023-09-13,order:diagnostic_always_buy_holding_exit:v1:000002.SZ:2023-09-12:exit:2023-09-13,000002.SZ,sell,2300,11.23,2023-09-13,25834.54,7.75,25.83,0.00,33.58,25800.96
trade:order:diagnostic_always_buy_holding_exit:v1:000001.SZ:2023-09-13:entry:2023-09-14,order:diagnostic_always_buy_holding_exit:v1:000001.SZ:2023-09-13:entry:2023-09-14,000001.SZ,buy,1900,10.68,2023-09-14,20294.35,6.09,0.00,0.00,6.09,-20300.44
trade:order:diagnostic_always_buy_holding_exit:v1:000002.SZ:2023-09-13:entry:2023-09-14,order:diagnostic_always_buy_holding_exit:v1:000002.SZ:2023-09-13:entry:2023-09-14,000002.SZ,buy,1800,11.36,2023-09-14,20445.58,6.13,0.00,0.00,6.13,-20451.72
trade:order:diagnostic_always_buy_holding_exit:v1:000002.SZ:2023-09-14:entry:2023-09-15,order:diagnostic_always_buy_holding_exit:v1:000002.SZ:2023-09-14:entry:2023-09-15,000002.SZ,buy,1100,11.39,2023-09-15,12523.62,5.00,0.00,0.00,5.00,-12528.62
trade:order:diagnostic_always_buy_holding_exit:v1:000002.SZ:2023-09-15:entry:2023-09-18,order:diagnostic_always_buy_holding_exit:v1:000002.SZ:2023-09-15:entry:2023-09-18,000002.SZ,buy,900,11.47,2023-09-18,10324.45,5.00,0.00,0.00,5.00,-10329.45
trade:order:diagnostic_always_buy_holding_exit:v1:000001.SZ:2023-09-19:exit:2023-09-20,order:diagnostic_always_buy_holding_exit:v1:000001.SZ:2023-09-19:exit:2023-09-20,000001.SZ,sell,1900,10.71,2023-09-20,20345.32,6.10,20.35,0.00,26.45,20318.87
trade:order:diagnostic_always_buy_holding_exit:v1:000002.SZ:2023-09-19:exit:2023-09-20,order:diagnostic_always_buy_holding_exit:v1:000002.SZ:2023-09-19:exit:2023-09-20,000002.SZ,sell,3800,11.26,2023-09-20,42775.71,12.83,42.78,0.00,55.61,42720.10
trade:order:diagnostic_always_buy_holding_exit:v1:600000.SH:2023-09-19:entry:2023-09-20,order:diagnostic_always_buy_holding_exit:v1:600000.SH:2023-09-19:entry:2023-09-20,600000.SH,buy,700,11.15,2023-09-20,7805.21,5.00,0.00,0.00,5.00,-7810.21
trade:order:diagnostic_always_buy_holding_exit:v1:000001.SZ:2023-09-20:entry:2023-09-21,order:diagnostic_always_buy_holding_exit:v1:000001.SZ:2023-09-20:entry:2023-09-21,000001.SZ,buy,1800,10.88,2023-09-21,19587.57,5.88,0.00,0.00,5.88,-19593.44
trade:order:diagnostic_always_buy_holding_exit:v1:600000.SH:2023-09-20:entry:2023-09-21,order:diagnostic_always_buy_holding_exit:v1:600000.SH:2023-09-20:entry:2023-09-21,600000.SH,buy,1700,11.25,2023-09-21,19119.31,5.74,0.00,0.00,5.74,-19125.05
trade:order:diagnostic_always_buy_holding_exit:v1:000001.SZ:2023-09-21:entry:2023-09-22,order:diagnostic_always_buy_holding_exit:v1:000001.SZ:2023-09-21:entry:2023-09-22,000001.SZ,buy,1000,10.78,2023-09-22,10777.54,5.00,0.00,0.00,5.00,-10782.54
trade:order:diagnostic_always_buy_holding_exit:v1:600000.SH:2023-09-25:exit:2023-09-26,order:diagnostic_always_buy_holding_exit:v1:600000.SH:2023-09-25:exit:2023-09-26,600000.SH,sell,2400,11.09,2023-09-26,26626.64,7.99,26.63,0.00,34.61,26592.03
trade:order:diagnostic_always_buy_holding_exit:v1:000001.SZ:2023-09-26:exit:2023-09-27,order:diagnostic_always_buy_holding_exit:v1:000001.SZ:2023-09-26:exit:2023-09-27,000001.SZ,sell,2800,10.65,2023-09-27,29830.29,8.95,29.83,0.00,38.78,29791.51
trade:order:diagnostic_always_buy_holding_exit:v1:000002.SZ:2023-09-27:entry:2023-09-28,order:diagnostic_always_buy_holding_exit:v1:000002.SZ:2023-09-27:entry:2023-09-28,000002.SZ,buy,1800,11.35,2023-09-28,20436.73,6.13,0.00,0.00,6.13,-20442.87
trade:order:diagnostic_always_buy_holding_exit:v1:000001.SZ:2023-09-28:entry:2023-09-29,order:diagnostic_always_buy_holding_exit:v1:000001.SZ:2023-09-28:entry:2023-09-29,000001.SZ,buy,1500,10.66,2023-09-29,15987.21,5.00,0.00,0.00,5.00,-15992.21
trade:order:diagnostic_always_buy_holding_exit:v1:000002.SZ:2023-09-28:entry:2023-09-29,order:diagnostic_always_buy_holding_exit:v1:000002.SZ:2023-09-28:entry:2023-09-29,000002.SZ,buy,1400,11.45,2023-09-29,16026.45,5.00,0.00,0.00,5.00,-16031.45
trade:order:diagnostic_always_buy_holding_exit:v1:000002.SZ:2023-09-29:entry:2023-10-02,order:diagnostic_always_buy_holding_exit:v1:000002.SZ:2023-09-29:entry:2023-10-02,000002.SZ,buy,900,11.39,2023-10-02,10247.92,5.00,0.00,0.00,5.00,-10252.92
trade:order:diagnostic_always_buy_holding_exit:v1:000002.SZ:2023-10-02:entry:2023-10-03,order:diagnostic_always_buy_holding_exit:v1:000002.SZ:2023-10-02:entry:2023-10-03,000002.SZ,buy,700,11.49,2023-10-03,8042.19,5.00,0.00,0.00,5.00,-8047.19
trade:order:diagnostic_always_buy_holding_exit:v1:000001.SZ:2023-10-03:entry:2023-10-04,order:diagnostic_always_buy_holding_exit:v1:000001.SZ:2023-10-03:entry:2023-10-04,000001.SZ,buy,600,10.70,2023-10-04,6418.03,5.00,0.00,0.00,5.00,-6423.03
trade:order:diagnostic_always_buy_holding_exit:v1:000002.SZ:2023-10-03:exit:2023-10-04,order:diagnostic_always_buy_holding_exit:v1:000002.SZ:2023-10-03:exit:2023-10-04,000002.SZ,sell,4100,11.29,2023-10-04,46293.93,13.89,46.29,0.00,60.18,46233.75
trade:order:diagnostic_always_buy_holding_exit:v1:000001.SZ:2023-10-04:exit:2023-10-05,order:diagnostic_always_buy_holding_exit:v1:000001.SZ:2023-10-04:exit:2023-10-05,000001.SZ,sell,1500,10.77,2023-10-05,16159.04,5.00,16.16,0.00,21.16,16137.88
trade:order:diagnostic_always_buy_holding_exit:v1:000001.SZ:2023-10-05:exit:2023-10-06,order:diagnostic_always_buy_holding_exit:v1:000001.SZ:2023-10-05:exit:2023-10-06,000001.SZ,sell,600,10.71,2023-10-06,6426.18,5.00,6.43,0.00,11.43,6414.75
trade:order:diagnostic_always_buy_holding_exit:v1:000002.SZ:2023-10-05:exit:2023-10-06,order:diagnostic_always_buy_holding_exit:v1:000002.SZ:2023-10-05:exit:2023-10-06,000002.SZ,sell,700,11.41,2023-10-06,7989.09,5.00,7.99,0.00,12.99,7976.10
trade:order:diagnostic_always_buy_holding_exit:v1:000001.SZ:2023-10-06:entry:2023-10-09,order:diagnostic_always_buy_holding_exit:v1:000001.SZ:2023-10-06:entry:2023-10-09,000001.SZ,buy,1900,10.62,2023-10-09,20172.10,6.05,0.00,0.00,6.05,-20178.15
trade:order:diagnostic_always_buy_holding_exit:v1:000002.SZ:2023-10-09:entry:2023-10-10,order:diagnostic_always_buy_holding_exit:v1:000002.SZ:2023-10-09:entry:2023-10-10,000002.SZ,buy,1400,11.41,2023-10-10,15975.53,5.00,0.00,0.00,5.00,-15980.53
trade:order:diagnostic_always_buy_holding_exit:v1:000002.SZ:2023-10-10:entry:2023-10-11,order:diagnostic_always_buy_holding_exit:v1:000002.SZ:2023-10-10:entry:2023-10-11,000002.SZ,buy,1100,11.47,2023-10-11,12613.47,5.00,0.00,0.00,5.00,-12618.47
trade:order:diagnostic_always_buy_holding_exit:v1:000001.SZ:2023-10-11:entry:2023-10-12,order:diagnostic_always_buy_holding_exit:v1:000001.SZ:2023-10-11:entry:2023-10-12,000001.SZ,buy,1000,10.69,2023-10-12,10690.46,5.00,0.00,0.00,5.00,-10695.46
trade:order:diagnostic_always_buy_holding_exit:v1:000002.SZ:2023-10-11:entry:2023-10-12,order:diagnostic_always_buy_holding_exit:v1:000002.SZ:2023-10-11:entry:2023-10-12,000002.SZ,buy,900,11.38,2023-10-12,10237.91,5.00,0.00,0.00,5.00,-10242.91
trade:order:diagnostic_always_buy_holding_exit:v1:600000.SH:2023-10-11:entry:2023-10-12,order:diagnostic_always_buy_holding_exit:v1:600000.SH:2023-10-11:entry:2023-10-12,600000.SH,buy,1000,10.91,2023-10-12,10911.77,5.00,0.00,0.00,5.00,-10916.77
trade:order:diagnostic_always_buy_holding_exit:v1:000001.SZ:2023-10-12:entry:2023-10-13,order:diagnostic_always_buy_holding_exit:v1:000001.SZ:2023-10-12:entry:2023-10-13,000001.SZ,buy,400,10.84,2023-10-13,4336.40,5.00,0.00,0.00,5.00,-4341.40
trade:order:diagnostic_always_buy_holding_exit:v1:000002.SZ:2023-10-12:entry:2023-10-13,order:diagnostic_always_buy_holding_exit:v1:000002.SZ:2023-10-12:entry:2023-10-13,000002.SZ,buy,300,11.37,2023-10-13,3411.83,5.00,0.00,0.00,5.00,-3416.83
trade:order:diagnostic_always_buy_holding_exit:v1:600000.SH:2023-10-12:entry:2023-10-13,order:diagnostic_always_buy_holding_exit:v1:600000.SH:2023-10-12:entry:2023-10-13,600000.SH,buy,400,10.82,2023-10-13,4327.38,5.00,0.00,0.00,5.00,-4332.38
trade:order:diagnostic_always_buy_holding_exit:v1:000001.SZ:2023-10-13:entry:2023-10-16,order:diagnostic_always_buy_holding_exit:v1:000001.SZ:2023-10-13:entry:2023-10-16,000001.SZ,buy,200,10.82,2023-10-16,2163.83,5.00,0.00,0.00,5.00,-2168.83
trade:order:diagnostic_always_buy_holding_exit:v1:600000.SH:2023-10-13:entry:2023-10-16,order:diagnostic_always_buy_holding_exit:v1:600000.SH:2023-10-13:entry:2023-10-16,600000.SH,buy,100,11.00,2023-10-16,1099.79,5.00,0.00,0.00,5.00,-1104.79
trade:order:diagnostic_always_buy_holding_exit:v1:000001.SZ:2023-10-16:exit:2023-10-17,order:diagnostic_always_buy_holding_exit:v1:000001.SZ:2023-10-16:exit:2023-10-17,000001.SZ,sell,3300,10.79,2023-10-17,35609.14,10.68,35.61,0.00,46.29,35562.85
trade:order:diagnostic_always_buy_holding_exit:v1:600000.SH:2023-10-16:entry:2023-10-17,order:diagnostic_always_buy_holding_exit:v1:600000.SH:2023-10-16:entry:2023-10-17,600000.SH,buy,100,10.88,2023-10-17,1088.01,5.00,0.00,0.00,5.00,-1093.01
trade:order:diagnostic_always_buy_holding_exit:v1:000002.SZ:2023-10-16:exit:2023-10-17,order:diagnostic_always_buy_holding_exit:v1:000002.SZ:2023-10-16:exit:2023-10-17,000002.SZ,sell,3700,11.49,2023-10-17,42525.56,12.76,42.53,0.00,55.28,42470.28
trade:order:diagnostic_always_buy_holding_exit:v1:600000.SH:2023-10-17:exit:2023-10-18,order:diagnostic_always_buy_holding_exit:v1:600000.SH:2023-10-17:exit:2023-10-18,600000.SH,sell,1500,10.97,2023-10-18,16451.79,5.00,16.45,0.00,21.45,16430.34
trade:order:diagnostic_always_buy_holding_exit:v1:000001.SZ:2023-10-17:exit:2023-10-18,order:diagnostic_always_buy_holding_exit:v1:000001.SZ:2023-10-17:exit:2023-10-18,000001.SZ,sell,200,10.85,2023-10-18,2169.61,5.00,2.17,0.00,7.17,2162.44
trade:order:diagnostic_always_buy_holding_exit:v1:600000.SH:2023-10-18:exit:2023-10-19,order:diagnostic_always_buy_holding_exit:v1:600000.SH:2023-10-18:exit:2023-10-19,600000.SH,sell,100,11.06,2023-10-19,1106.47,5.00,1.11,0.00,6.11,1100.36
trade:order:diagnostic_always_buy_holding_exit:v1:000001.SZ:2023-10-19:entry:2023-10-20,order:diagnostic_always_buy_holding_exit:v1:000001.SZ:2023-10-19:entry:2023-10-20,000001.SZ,buy,1900,10.76,2023-10-20,20443.16,6.13,0.00,0.00,6.13,-20449.30
trade:order:diagnostic_always_buy_holding_exit:v1:600000.SH:2023-10-19:entry:2023-10-20,order:diagnostic_always_buy_holding_exit:v1:600000.SH:2023-10-19:entry:2023-10-20,600000.SH,buy,1800,11.01,2023-10-20,19822.84,5.95,0.00,0.00,5.95,-19828.79
trade:order:diagnostic_always_buy_holding_exit:v1:000001.SZ:2023-10-20:entry:2023-10-23,order:diagnostic_always_buy_holding_exit:v1:000001.SZ:2023-10-20:entry:2023-10-23,000001.SZ,buy,1100,10.90,2023-10-23,11988.15,5.00,0.00,0.00,5.00,-11993.15
trade:order:diagnostic_always_buy_holding_exit:v1:000002.SZ:2023-10-20:entry:2023-10-23,order:diagnostic_always_buy_holding_exit:v1:000002.SZ:2023-10-20:entry:2023-10-23,000002.SZ,buy,1100,11.44,2023-10-23,12588.98,5.00,0.00,0.00,5.00,-12593.98
trade:order:diagnostic_always_buy_holding_exit:v1:600000.SH:2023-10-20:entry:2023-10-23,order:diagnostic_always_buy_holding_exit:v1:600000.SH:2023-10-20:entry:2023-10-23,600000.SH,buy,1100,10.96,2023-10-23,12056.98,5.00,0.00,0.00,5.00,-12061.98
trade:order:diagnostic_always_buy_holding_exit:v1:000001.SZ:2023-10-23:entry:2023-10-24,order:diagnostic_always_buy_holding_exit:v1:000001.SZ:2023-10-23:entry:2023-10-24,000001.SZ,buy,400,11.09,2023-10-24,4434.76,5.00,0.00,0.00,5.00,-4439.76
trade:order:diagnostic_always_buy_holding_exit:v1:000002.SZ:2023-10-23:entry:2023-10-24,order:diagnostic_always_buy_holding_exit:v1:000002.SZ:2023-10-23:entry:2023-10-24,000002.SZ,buy,400,11.45,2023-10-24,4581.01,5.00,0.00,0.00,5.00,-4586.01
trade:order:diagnostic_always_buy_holding_exit:v1:600000.SH:2023-10-23:entry:2023-10-24,order:diagnostic_always_buy_holding_exit:v1:600000.SH:2023-10-23:entry:2023-10-24,600000.SH,buy,400,10.98,2023-10-24,4390.88,5.00,0.00,0.00,5.00,-4395.88
trade:order:diagnostic_always_buy_holding_exit:v1:000001.SZ:2023-10-24:entry:2023-10-25,order:diagnostic_always_buy_holding_exit:v1:000001.SZ:2023-10-24:entry:2023-10-25,000001.SZ,buy,200,11.12,2023-10-25,2224.66,5.00,0.00,0.00,5.00,-2229.66
trade:order:diagnostic_always_buy_holding_exit:v1:000002.SZ:2023-10-24:entry:2023-10-25,order:diagnostic_always_buy_holding_exit:v1:000002.SZ:2023-10-24:entry:2023-10-25,000002.SZ,buy,200,11.57,2023-10-25,2314.34,5.00,0.00,0.00,5.00,-2319.34
trade:order:diagnostic_always_buy_holding_exit:v1:600000.SH:2023-10-24:entry:2023-10-25,order:diagnostic_always_buy_holding_exit:v1:600000.SH:2023-10-24:entry:2023-10-25,600000.SH,buy,200,11.00,2023-10-25,2199.52,5.00,0.00,0.00,5.00,-2204.52
trade:order:diagnostic_always_buy_holding_exit:v1:000001.SZ:2023-10-25:exit:2023-10-26,order:diagnostic_always_buy_holding_exit:v1:000001.SZ:2023-10-25:exit:2023-10-26,000001.SZ,sell,3400,11.07,2023-10-26,37621.08,11.29,37.62,0.00,48.91,37572.17
trade:order:diagnostic_always_buy_holding_exit:v1:000002.SZ:2023-10-25:entry:2023-10-26,order:diagnostic_always_buy_holding_exit:v1:000002.SZ:2023-10-25:entry:2023-10-26,000002.SZ,buy,100,11.55,2023-10-26,1154.95,5.00,0.00,0.00,5.00,-1159.95
trade:order:diagnostic_always_buy_holding_exit:v1:600000.SH:2023-10-25:exit:2023-10-26,order:diagnostic_always_buy_holding_exit:v1:600000.SH:2023-10-25:exit:2023-10-26,600000.SH,sell,3300,11.13,2023-10-26,36735.21,11.02,36.74,0.00,47.76,36687.45
trade:order:diagnostic_always_buy_holding_exit:v1:000001.SZ:2023-10-26:exit:2023-10-27,order:diagnostic_always_buy_holding_exit:v1:000001.SZ:2023-10-26:exit:2023-10-27,000001.SZ,sell,200,11.16,2023-10-27,2231.85,5.00,2.23,0.00,7.23,2224.62
trade:order:diagnostic_always_buy_holding_exit:v1:000002.SZ:2023-10-26:entry:2023-10-27,order:diagnostic_always_buy_holding_exit:v1:000002.SZ:2023-10-26:entry:2023-10-27,000002.SZ,buy,1300,11.70,2023-10-27,15215.78,5.00,0.00,0.00,5.00,-15220.78
trade:order:diagnostic_always_buy_holding_exit:v1:600000.SH:2023-10-26:exit:2023-10-27,order:diagnostic_always_buy_holding_exit:v1:600000.SH:2023-10-26:exit:2023-10-27,600000.SH,sell,200,11.08,2023-10-27,2215.06,5.00,2.22,0.00,7.22,2207.84
trade:order:diagnostic_always_buy_holding_exit:v1:000001.SZ:2023-10-27:entry:2023-10-30,order:diagnostic_always_buy_holding_exit:v1:000001.SZ:2023-10-27:entry:2023-10-30,000001.SZ,buy,1200,11.19,2023-10-30,13426.97,5.00,0.00,0.00,5.00,-13431.97
trade:order:diagnostic_always_buy_holding_exit:v1:000002.SZ:2023-10-27:entry:2023-10-30,order:diagnostic_always_buy_holding_exit:v1:000002.SZ:2023-10-27:entry:2023-10-30,000002.SZ,buy,1100,11.55,2023-10-30,12701.18,5.00,0.00,0.00,5.00,-12706.18
trade:order:diagnostic_always_buy_holding_exit:v1:600000.SH:2023-10-27:entry:2023-10-30,order:diagnostic_always_buy_holding_exit:v1:600000.SH:2023-10-27:entry:2023-10-30,600000.SH,buy,1200,10.99,2023-10-30,13186.60,5.00,0.00,0.00,5.00,-13191.60
trade:order:diagnostic_always_buy_holding_exit:v1:000001.SZ:2023-10-30:entry:2023-10-31,order:diagnostic_always_buy_holding_exit:v1:000001.SZ:2023-10-30:entry:2023-10-31,000001.SZ,buy,500,11.15,2023-10-31,5573.77,5.00,0.00,0.00,5.00,-5578.77
trade:order:diagnostic_always_buy_holding_exit:v1:000002.SZ:2023-10-30:exit:2023-10-31,order:diagnostic_always_buy_holding_exit:v1:000002.SZ:2023-10-30:exit:2023-10-31,000002.SZ,sell,3100,11.65,2023-10-31,36105.66,10.83,36.11,0.00,46.94,36058.72
trade:order:diagnostic_always_buy_holding_exit:v1:600000.SH:2023-10-30:entry:2023-10-31,order:diagnostic_always_buy_holding_exit:v1:600000.SH:2023-10-30:entry:2023-10-31,600000.SH,buy,500,11.20,2023-10-31,5598.28,5.00,0.00,0.00,5.00,-5603.28
trade:order:diagnostic_always_buy_holding_exit:v1:000001.SZ:2023-10-31:entry:2023-11-01,order:diagnostic_always_buy_holding_exit:v1:000001.SZ:2023-10-31:entry:2023-11-01,000001.SZ,buy,900,11.25,2023-11-01,10125.36,5.00,0.00,0.00,5.00,-10130.36
trade:order:diagnostic_always_buy_holding_exit:v1:600000.SH:2023-10-31:entry:2023-11-01,order:diagnostic_always_buy_holding_exit:v1:600000.SH:2023-10-31:entry:2023-11-01,600000.SH,buy,900,11.13,2023-11-01,10019.09,5.00,0.00,0.00,5.00,-10024.09
trade:order:diagnostic_always_buy_holding_exit:v1:000002.SZ:2023-10-31:exit:2023-11-01,order:diagnostic_always_buy_holding_exit:v1:000002.SZ:2023-10-31:exit:2023-11-01,000002.SZ,sell,1100,11.55,2023-11-01,12709.88,5.00,12.71,0.00,17.71,12692.17
trade:order:diagnostic_always_buy_holding_exit:v1:000001.SZ:2023-11-01:entry:2023-11-02,order:diagnostic_always_buy_holding_exit:v1:000001.SZ:2023-11-01:entry:2023-11-02,000001.SZ,buy,800,11.04,2023-11-02,8831.91,5.00,0.00,0.00,5.00,-8836.91
trade:order:diagnostic_always_buy_holding_exit:v1:600000.SH:2023-11-01:entry:2023-11-02,order:diagnostic_always_buy_holding_exit:v1:600000.SH:2023-11-01:entry:2023-11-02,600000.SH,buy,800,11.04,2023-11-02,8835.05,5.00,0.00,0.00,5.00,-8840.05
trade:order:diagnostic_always_buy_holding_exit:v1:600000.SH:2023-11-02:entry:2023-11-03,order:diagnostic_always_buy_holding_exit:v1:600000.SH:2023-11-02:entry:2023-11-03,600000.SH,buy,500,11.22,2023-11-03,5609.73,5.00,0.00,0.00,5.00,-5614.73
trade:order:diagnostic_always_buy_holding_exit:v1:000002.SZ:2023-11-03:entry:2023-11-06,order:diagnostic_always_buy_holding_exit:v1:000002.SZ:2023-11-03:entry:2023-11-06,000002.SZ,buy,400,11.71,2023-11-06,4682.62,5.00,0.00,0.00,5.00,-4687.62
trade:order:diagnostic_always_buy_holding_exit:v1:600000.SH:2023-11-03:entry:2023-11-06,order:diagnostic_always_buy_holding_exit:v1:600000.SH:2023-11-03:entry:2023-11-06,600000.SH,buy,400,11.23,2023-11-06,4491.49,5.00,0.00,0.00,5.00,-4496.49
trade:order:diagnostic_always_buy_holding_exit:v1:000002.SZ:2023-11-06:entry:2023-11-07,order:diagnostic_always_buy_holding_exit:v1:000002.SZ:2023-11-06:entry:2023-11-07,000002.SZ,buy,200,11.58,2023-11-07,2315.02,5.00,0.00,0.00,5.00,-2320.02
trade:order:diagnostic_always_buy_holding_exit:v1:600000.SH:2023-11-06:exit:2023-11-07,order:diagnostic_always_buy_holding_exit:v1:600000.SH:2023-11-06:exit:2023-11-07,600000.SH,sell,3900,11.13,2023-11-07,43408.99,13.02,43.41,0.00,56.43,43352.56
trade:order:diagnostic_always_buy_holding_exit:v1:000001.SZ:2023-11-06:exit:2023-11-07,order:diagnostic_always_buy_holding_exit:v1:000001.SZ:2023-11-06:exit:2023-11-07,000001.SZ,sell,3400,11.22,2023-11-07,38140.41,11.44,38.14,0.00,49.58,38090.83
trade:order:diagnostic_always_buy_holding_exit:v1:000001.SZ:2023-11-07:entry:2023-11-08,order:diagnostic_always_buy_holding_exit:v1:000001.SZ:2023-11-07:entry:2023-11-08,000001.SZ,buy,1600,11.11,2023-11-08,17780.46,5.33,0.00,0.00,5.33,-17785.79
trade:order:diagnostic_always_buy_holding_exit:v1:000002.SZ:2023-11-07:entry:2023-11-08,order:diagnostic_always_buy_holding_exit:v1:000002.SZ:2023-11-07:entry:2023-11-08,000002.SZ,buy,1600,11.62,2023-11-08,18597.66,5.58,0.00,0.00,5.58,-18603.24
trade:order:diagnostic_always_buy_holding_exit:v1:600000.SH:2023-11-07:exit:2023-11-08,order:diagnostic_always_buy_holding_exit:v1:600000.SH:2023-11-07:exit:2023-11-08,600000.SH,sell,400,11.08,2023-11-08,4430.43,5.00,4.43,0.00,9.43,4421.00
trade:order:diagnostic_always_buy_holding_exit:v1:000001.SZ:2023-11-08:entry:2023-11-09,order:diagnostic_always_buy_holding_exit:v1:000001.SZ:2023-11-08:entry:2023-11-09,000001.SZ,buy,1100,11.26,2023-11-09,12389.49,5.00,0.00,0.00,5.00,-12394.49
trade:order:diagnostic_always_buy_holding_exit:v1:600000.SH:2023-11-08:entry:2023-11-09,order:diagnostic_always_buy_holding_exit:v1:600000.SH:2023-11-08:entry:2023-11-09,600000.SH,buy,1100,11.17,2023-11-09,12288.28,5.00,0.00,0.00,5.00,-12293.28
trade:order:diagnostic_always_buy_holding_exit:v1:000001.SZ:2023-11-09:entry:2023-11-10,order:diagnostic_always_buy_holding_exit:v1:000001.SZ:2023-11-09:entry:2023-11-10,000001.SZ,buy,600,11.20,2023-11-10,6721.54,5.00,0.00,0.00,5.00,-6726.54
trade:order:diagnostic_always_buy_holding_exit:v1:600000.SH:2023-11-09:entry:2023-11-10,order:diagnostic_always_buy_holding_exit:v1:600000.SH:2023-11-09:entry:2023-11-10,600000.SH,buy,600,11.17,2023-11-10,6699.04,5.00,0.00,0.00,5.00,-6704.04
trade:order:diagnostic_always_buy_holding_exit:v1:600000.SH:2023-11-10:entry:2023-11-13,order:diagnostic_always_buy_holding_exit:v1:600000.SH:2023-11-10:entry:2023-11-13,600000.SH,buy,400,11.22,2023-11-13,4488.94,5.00,0.00,0.00,5.00,-4493.94
trade:order:diagnostic_always_buy_holding_exit:v1:600000.SH:2023-11-13:entry:2023-11-14,order:diagnostic_always_buy_holding_exit:v1:600000.SH:2023-11-13:entry:2023-11-14,600000.SH,buy,300,11.25,2023-11-14,3373.87,5.00,0.00,0.00,5.00,-3378.87
trade:order:diagnostic_always_buy_holding_exit:v1:000002.SZ:2023-11-13:exit:2023-11-14,order:diagnostic_always_buy_holding_exit:v1:000002.SZ:2023-11-13:exit:2023-11-14,000002.SZ,sell,2200,11.61,2023-11-14,25551.48,7.67,25.55,0.00,33.22,25518.27
trade:order:diagnostic_always_buy_holding_exit:v1:000001.SZ:2023-11-13:exit:2023-11-14,order:diagnostic_always_buy_holding_exit:v1:000001.SZ:2023-11-13:exit:2023-11-14,000001.SZ,sell,3300,11.27,2023-11-14,37183.10,11.15,37.18,0.00,48.34,37134.76
trade:order:diagnostic_always_buy_holding_exit:v1:000001.SZ:2023-11-14:entry:2023-11-15,order:diagnostic_always_buy_holding_exit:v1:000001.SZ:2023-11-14:entry:2023-11-15,000001.SZ,buy,1400,11.11,2023-11-15,15556.30,5.00,0.00,0.00,5.00,-15561.30
trade:order:diagnostic_always_buy_holding_exit:v1:600000.SH:2023-11-14:exit:2023-11-15,order:diagnostic_always_buy_holding_exit:v1:600000.SH:2023-11-14:exit:2023-11-15,600000.SH,sell,2100,11.31,2023-11-15,23757.20,7.13,23.76,0.00,30.88,23726.32
trade:order:diagnostic_always_buy_holding_exit:v1:000001.SZ:2023-11-15:entry:2023-11-16,order:diagnostic_always_buy_holding_exit:v1:000001.SZ:2023-11-15:entry:2023-11-16,000001.SZ,buy,1500,11.07,2023-11-16,16607.98,5.00,0.00,0.00,5.00,-16612.98
trade:order:diagnostic_always_buy_holding_exit:v1:600000.SH:2023-11-15:exit:2023-11-16,order:diagnostic_always_buy_holding_exit:v1:600000.SH:2023-11-15:exit:2023-11-16,600000.SH,sell,300,11.19,2023-11-16,3355.67,5.00,3.36,0.00,8.36,3347.31
trade:order:diagnostic_always_buy_holding_exit:v1:600000.SH:2023-11-16:entry:2023-11-17,order:diagnostic_always_buy_holding_exit:v1:600000.SH:2023-11-16:entry:2023-11-17,600000.SH,buy,1300,11.30,2023-11-17,14694.67,5.00,0.00,0.00,5.00,-14699.67
trade:order:diagnostic_always_buy_holding_exit:v1:600000.SH:2023-11-17:entry:2023-11-20,order:diagnostic_always_buy_holding_exit:v1:600000.SH:2023-11-17:entry:2023-11-20,600000.SH,buy,1000,11.32,2023-11-20,11323.54,5.00,0.00,0.00,5.00,-11328.54
trade:order:diagnostic_always_buy_holding_exit:v1:000002.SZ:2023-11-20:entry:2023-11-21,order:diagnostic_always_buy_holding_exit:v1:000002.SZ:2023-11-20:entry:2023-11-21,000002.SZ,buy,800,12.05,2023-11-21,9637.90,5.00,0.00,0.00,5.00,-9642.90
trade:order:diagnostic_always_buy_holding_exit:v1:600000.SH:2023-11-20:entry:2023-11-21,order:diagnostic_always_buy_holding_exit:v1:600000.SH:2023-11-20:entry:2023-11-21,600000.SH,buy,800,11.67,2023-11-21,9338.93,5.00,0.00,0.00,5.00,-9343.93
trade:order:diagnostic_always_buy_holding_exit:v1:000001.SZ:2023-11-20:exit:2023-11-21,order:diagnostic_always_buy_holding_exit:v1:000001.SZ:2023-11-20:exit:2023-11-21,000001.SZ,sell,2900,11.57,2023-11-21,33545.99,10.06,33.55,0.00,43.61,33502.38
trade:order:diagnostic_always_buy_holding_exit:v1:000001.SZ:2023-11-21:entry:2023-11-22,order:diagnostic_always_buy_holding_exit:v1:000001.SZ:2023-11-21:entry:2023-11-22,000001.SZ,buy,1000,11.12,2023-11-22,11121.65,5.00,0.00,0.00,5.00,-11126.65
trade:order:diagnostic_always_buy_holding_exit:v1:000002.SZ:2023-11-21:entry:2023-11-22,order:diagnostic_always_buy_holding_exit:v1:000002.SZ:2023-11-21:entry:2023-11-22,000002.SZ,buy,1000,11.54,2023-11-22,11535.27,5.00,0.00,0.00,5.00,-11540.27
trade:order:diagnostic_always_buy_holding_exit:v1:600000.SH:2023-11-21:entry:2023-11-22,order:diagnostic_always_buy_holding_exit:v1:600000.SH:2023-11-21:entry:2023-11-22,600000.SH,buy,1000,11.36,2023-11-22,11364.24,5.00,0.00,0.00,5.00,-11369.24
trade:order:diagnostic_always_buy_holding_exit:v1:600000.SH:2023-11-22:exit:2023-11-23,order:diagnostic_always_buy_holding_exit:v1:600000.SH:2023-11-22:exit:2023-11-23,600000.SH,sell,3100,11.64,2023-11-23,36083.97,10.83,36.08,0.00,46.91,36037.06
trade:order:diagnostic_always_buy_holding_exit:v1:600000.SH:2023-11-23:exit:2023-11-24,order:diagnostic_always_buy_holding_exit:v1:600000.SH:2023-11-23:exit:2023-11-24,600000.SH,sell,1000,11.74,2023-11-24,11737.34,5.00,11.74,0.00,16.74,11720.60
trade:order:diagnostic_always_buy_holding_exit:v1:600000.SH:2023-11-24:entry:2023-11-27,order:diagnostic_always_buy_holding_exit:v1:600000.SH:2023-11-24:entry:2023-11-27,600000.SH,buy,1300,11.73,2023-11-27,15244.76,5.00,0.00,0.00,5.00,-15249.76
trade:order:diagnostic_always_buy_holding_exit:v1:600000.SH:2023-11-27:entry:2023-11-28,order:diagnostic_always_buy_holding_exit:v1:600000.SH:2023-11-27:entry:2023-11-28,600000.SH,buy,1000,11.77,2023-11-28,11768.51,5.00,0.00,0.00,5.00,-11773.51
trade:order:diagnostic_always_buy_holding_exit:v1:000002.SZ:2023-11-27:exit:2023-11-28,order:diagnostic_always_buy_holding_exit:v1:000002.SZ:2023-11-27:exit:2023-11-28,000002.SZ,sell,1800,11.50,2023-11-28,20701.28,6.21,20.70,0.00,26.91,20674.37
trade:order:diagnostic_always_buy_holding_exit:v1:000001.SZ:2023-11-27:exit:2023-11-28,order:diagnostic_always_buy_holding_exit:v1:000001.SZ:2023-11-27:exit:2023-11-28,000001.SZ,sell,1000,11.30,2023-11-28,11298.02,5.00,11.30,0.00,16.30,11281.72
trade:order:diagnostic_always_buy_holding_exit:v1:000001.SZ:2023-11-28:entry:2023-11-29,order:diagnostic_always_buy_holding_exit:v1:000001.SZ:2023-11-28:entry:2023-11-29,000001.SZ,buy,1400,11.12,2023-11-29,15572.75,5.00,0.00,0.00,5.00,-15577.75
trade:order:diagnostic_always_buy_holding_exit:v1:000002.SZ:2023-11-28:entry:2023-11-29,order:diagnostic_always_buy_holding_exit:v1:000002.SZ:2023-11-28:entry:2023-11-29,000002.SZ,buy,1300,11.66,2023-11-29,15153.89,5.00,0.00,0.00,5.00,-15158.89
trade:order:diagnostic_always_buy_holding_exit:v1:600000.SH:2023-11-28:entry:2023-11-29,order:diagnostic_always_buy_holding_exit:v1:600000.SH:2023-11-28:entry:2023-11-29,600000.SH,buy,1300,11.78,2023-11-29,15309.45,5.00,0.00,0.00,5.00,-15314.45
trade:order:diagnostic_always_buy_holding_exit:v1:000002.SZ:2023-11-29:entry:2023-11-30,order:diagnostic_always_buy_holding_exit:v1:000002.SZ:2023-11-29:entry:2023-11-30,000002.SZ,buy,500,11.81,2023-11-30,5903.81,5.00,0.00,0.00,5.00,-5908.81
trade:order:diagnostic_always_buy_holding_exit:v1:600000.SH:2023-11-29:entry:2023-11-30,order:diagnostic_always_buy_holding_exit:v1:600000.SH:2023-11-29:entry:2023-11-30,600000.SH,buy,500,11.76,2023-11-30,5879.42,5.00,0.00,0.00,5.00,-5884.42
trade:order:diagnostic_always_buy_holding_exit:v1:000002.SZ:2023-11-30:entry:2023-12-01,order:diagnostic_always_buy_holding_exit:v1:000002.SZ:2023-11-30:entry:2023-12-01,000002.SZ,buy,300,11.69,2023-12-01,3507.86,5.00,0.00,0.00,5.00,-3512.86
trade:order:diagnostic_always_buy_holding_exit:v1:600000.SH:2023-11-30:entry:2023-12-01,order:diagnostic_always_buy_holding_exit:v1:600000.SH:2023-11-30:entry:2023-12-01,600000.SH,buy,300,11.78,2023-12-01,3533.66,5.00,0.00,0.00,5.00,-3538.66
trade:order:diagnostic_always_buy_holding_exit:v1:000002.SZ:2023-12-01:entry:2023-12-04,order:diagnostic_always_buy_holding_exit:v1:000002.SZ:2023-12-01:entry:2023-12-04,000002.SZ,buy,200,11.71,2023-12-04,2341.52,5.00,0.00,0.00,5.00,-2346.52
trade:order:diagnostic_always_buy_holding_exit:v1:600000.SH:2023-12-01:entry:2023-12-04,order:diagnostic_always_buy_holding_exit:v1:600000.SH:2023-12-01:entry:2023-12-04,600000.SH,buy,200,11.90,2023-12-04,2380.31,5.00,0.00,0.00,5.00,-2385.31
trade:order:diagnostic_always_buy_holding_exit:v1:000001.SZ:2023-12-04:exit:2023-12-05,order:diagnostic_always_buy_holding_exit:v1:000001.SZ:2023-12-04:exit:2023-12-05,000001.SZ,sell,1400,11.25,2023-12-05,15743.21,5.00,15.74,0.00,20.74,15722.47
trade:order:diagnostic_always_buy_holding_exit:v1:000002.SZ:2023-12-04:exit:2023-12-05,order:diagnostic_always_buy_holding_exit:v1:000002.SZ:2023-12-04:exit:2023-12-05,000002.SZ,sell,2100,11.84,2023-12-05,24871.15,7.46,24.87,0.00,32.33,24838.82
trade:order:diagnostic_always_buy_holding_exit:v1:600000.SH:2023-12-04:exit:2023-12-05,order:diagnostic_always_buy_holding_exit:v1:600000.SH:2023-12-04:exit:2023-12-05,600000.SH,sell,4400,12.01,2023-12-05,52839.74,15.85,52.84,0.00,68.69,52771.05
trade:order:diagnostic_always_buy_holding_exit:v1:000002.SZ:2023-12-05:exit:2023-12-06,order:diagnostic_always_buy_holding_exit:v1:000002.SZ:2023-12-05:exit:2023-12-06,000002.SZ,sell,200,11.70,2023-12-06,2339.46,5.00,2.34,0.00,7.34,2332.12
trade:order:diagnostic_always_buy_holding_exit:v1:600000.SH:2023-12-05:exit:2023-12-06,order:diagnostic_always_buy_holding_exit:v1:600000.SH:2023-12-05:exit:2023-12-06,600000.SH,sell,200,11.87,2023-12-06,2374.59,5.00,2.37,0.00,7.37,2367.22
trade:order:diagnostic_always_buy_holding_exit:v1:000002.SZ:2023-12-06:entry:2023-12-07,order:diagnostic_always_buy_holding_exit:v1:000002.SZ:2023-12-06:entry:2023-12-07,000002.SZ,buy,1800,11.73,2023-12-07,21112.41,6.33,0.00,0.00,6.33,-21118.74
trade:order:diagnostic_always_buy_holding_exit:v1:600000.SH:2023-12-06:entry:2023-12-07,order:diagnostic_always_buy_holding_exit:v1:600000.SH:2023-12-06:entry:2023-12-07,600000.SH,buy,1800,11.99,2023-12-07,21579.39,6.47,0.00,0.00,6.47,-21585.86
trade:order:diagnostic_always_buy_holding_exit:v1:000001.SZ:2023-12-07:entry:2023-12-08,order:diagnostic_always_buy_holding_exit:v1:000001.SZ:2023-12-07:entry:2023-12-08,000001.SZ,buy,1100,11.30,2023-12-08,12429.77,5.00,0.00,0.00,5.00,-12434.77
trade:order:diagnostic_always_buy_holding_exit:v1:000002.SZ:2023-12-07:entry:2023-12-08,order:diagnostic_always_buy_holding_exit:v1:000002.SZ:2023-12-07:entry:2023-12-08,000002.SZ,buy,1100,11.87,2023-12-08,13053.72,5.00,0.00,0.00,5.00,-13058.72
trade:order:diagnostic_always_buy_holding_exit:v1:600000.SH:2023-12-07:entry:2023-12-08,order:diagnostic_always_buy_holding_exit:v1:600000.SH:2023-12-07:entry:2023-12-08,600000.SH,buy,1100,12.03,2023-12-08,13231.23,5.00,0.00,0.00,5.00,-13236.23
trade:order:diagnostic_always_buy_holding_exit:v1:000001.SZ:2023-12-08:entry:2023-12-11,order:diagnostic_always_buy_holding_exit:v1:000001.SZ:2023-12-08:entry:2023-12-11,000001.SZ,buy,400,11.21,2023-12-11,4483.98,5.00,0.00,0.00,5.00,-4488.98
trade:order:diagnostic_always_buy_holding_exit:v1:600000.SH:2023-12-08:entry:2023-12-11,order:diagnostic_always_buy_holding_exit:v1:600000.SH:2023-12-08:entry:2023-12-11,600000.SH,buy,400,12.08,2023-12-11,4831.36,5.00,0.00,0.00,5.00,-4836.36
trade:order:diagnostic_always_buy_holding_exit:v1:600000.SH:2023-12-11:entry:2023-12-12,order:diagnostic_always_buy_holding_exit:v1:600000.SH:2023-12-11:entry:2023-12-12,600000.SH,buy,300,12.13,2023-12-12,3638.46,5.00,0.00,0.00,5.00,-3643.46
trade:order:diagnostic_always_buy_holding_exit:v1:000002.SZ:2023-12-12:exit:2023-12-13,order:diagnostic_always_buy_holding_exit:v1:000002.SZ:2023-12-12:exit:2023-12-13,000002.SZ,sell,2900,11.96,2023-12-13,34694.37,10.41,34.69,0.00,45.10,34649.27
trade:order:diagnostic_always_buy_holding_exit:v1:600000.SH:2023-12-12:exit:2023-12-13,order:diagnostic_always_buy_holding_exit:v1:600000.SH:2023-12-12:exit:2023-12-13,600000.SH,sell,3300,12.09,2023-12-13,39903.60,11.97,39.90,0.00,51.87,39851.73
trade:order:diagnostic_always_buy_holding_exit:v1:000002.SZ:2023-12-13:entry:2023-12-14,order:diagnostic_always_buy_holding_exit:v1:000002.SZ:2023-12-13:entry:2023-12-14,000002.SZ,buy,1500,11.86,2023-12-14,17782.77,5.33,0.00,0.00,5.33,-17788.10
trade:order:diagnostic_always_buy_holding_exit:v1:600000.SH:2023-12-13:exit:2023-12-14,order:diagnostic_always_buy_holding_exit:v1:600000.SH:2023-12-13:exit:2023-12-14,600000.SH,sell,300,12.13,2023-12-14,3637.52,5.00,3.64,0.00,8.64,3628.88
trade:order:diagnostic_always_buy_holding_exit:v1:000001.SZ:2023-12-13:exit:2023-12-14,order:diagnostic_always_buy_holding_exit:v1:000001.SZ:2023-12-13:exit:2023-12-14,000001.SZ,sell,1500,11.21,2023-12-14,16815.29,5.04,16.82,0.00,21.86,16793.43
trade:order:diagnostic_always_buy_holding_exit:v1:000002.SZ:2023-12-14:entry:2023-12-15,order:diagnostic_always_buy_holding_exit:v1:000002.SZ:2023-12-14:entry:2023-12-15,000002.SZ,buy,1500,11.92,2023-12-15,17886.53,5.37,0.00,0.00,5.37,-17891.89
trade:order:diagnostic_always_buy_holding_exit:v1:600000.SH:2023-12-14:entry:2023-12-15,order:diagnostic_always_buy_holding_exit:v1:600000.SH:2023-12-14:entry:2023-12-15,600000.SH,buy,1500,12.32,2023-12-15,18479.36,5.54,0.00,0.00,5.54,-18484.91
trade:order:diagnostic_always_buy_holding_exit:v1:000001.SZ:2023-12-15:entry:2023-12-18,order:diagnostic_always_buy_holding_exit:v1:000001.SZ:2023-12-15:entry:2023-12-18,000001.SZ,buy,900,11.18,2023-12-18,10065.43,5.00,0.00,0.00,5.00,-10070.43
trade:order:diagnostic_always_buy_holding_exit:v1:600000.SH:2023-12-15:entry:2023-12-18,order:diagnostic_always_buy_holding_exit:v1:600000.SH:2023-12-15:entry:2023-12-18,600000.SH,buy,900,12.17,2023-12-18,10951.96,5.00,0.00,0.00,5.00,-10956.96
trade:order:diagnostic_always_buy_holding_exit:v1:000001.SZ:2023-12-18:entry:2023-12-19,order:diagnostic_always_buy_holding_exit:v1:000001.SZ:2023-12-18:entry:2023-12-19,000001.SZ,buy,600,11.18,2023-12-19,6705.21,5.00,0.00,0.00,5.00,-6710.21
trade:order:diagnostic_always_buy_holding_exit:v1:000002.SZ:2023-12-18:entry:2023-12-19,order:diagnostic_always_buy_holding_exit:v1:000002.SZ:2023-12-18:entry:2023-12-19,000002.SZ,buy,500,11.80,2023-12-19,5899.28,5.00,0.00,0.00,5.00,-5904.28
trade:order:diagnostic_always_buy_holding_exit:v1:600000.SH:2023-12-18:entry:2023-12-19,order:diagnostic_always_buy_holding_exit:v1:600000.SH:2023-12-18:entry:2023-12-19,600000.SH,buy,500,12.25,2023-12-19,6123.43,5.00,0.00,0.00,5.00,-6128.43
trade:order:diagnostic_always_buy_holding_exit:v1:000001.SZ:2023-12-19:entry:2023-12-20,order:diagnostic_always_buy_holding_exit:v1:000001.SZ:2023-12-19:entry:2023-12-20,000001.SZ,buy,200,11.18,2023-12-20,2235.54,5.00,0.00,0.00,5.00,-2240.54
trade:order:diagnostic_always_buy_holding_exit:v1:000002.SZ:2023-12-19:exit:2023-12-20,order:diagnostic_always_buy_holding_exit:v1:000002.SZ:2023-12-19:exit:2023-12-20,000002.SZ,sell,3000,11.74,2023-12-20,35206.68,10.56,35.21,0.00,45.77,35160.91
trade:order:diagnostic_always_buy_holding_exit:v1:600000.SH:2023-12-19:entry:2023-12-20,order:diagnostic_always_buy_holding_exit:v1:600000.SH:2023-12-19:entry:2023-12-20,600000.SH,buy,200,12.46,2023-12-20,2492.45,5.00,0.00,0.00,5.00,-2497.45
trade:order:diagnostic_always_buy_holding_exit:v1:000001.SZ:2023-12-20:entry:2023-12-21,order:diagnostic_always_buy_holding_exit:v1:000001.SZ:2023-12-20:entry:2023-12-21,000001.SZ,buy,800,11.33,2023-12-21,9063.62,5.00,0.00,0.00,5.00,-9068.62
trade:order:diagnostic_always_buy_holding_exit:v1:600000.SH:2023-12-20:exit:2023-12-21,order:diagnostic_always_buy_holding_exit:v1:600000.SH:2023-12-20:exit:2023-12-21,600000.SH,sell,2900,12.32,2023-12-21,35737.38,10.72,35.74,0.00,46.46,35690.92
trade:order:diagnostic_always_buy_holding_exit:v1:000002.SZ:2023-12-20:exit:2023-12-21,order:diagnostic_always_buy_holding_exit:v1:000002.SZ:2023-12-20:exit:2023-12-21,000002.SZ,sell,500,11.90,2023-12-21,5950.99,5.00,5.95,0.00,10.95,5940.04
trade:order:diagnostic_always_buy_holding_exit:v1:000001.SZ:2023-12-21:entry:2023-12-22,order:diagnostic_always_buy_holding_exit:v1:000001.SZ:2023-12-21:entry:2023-12-22,000001.SZ,buy,1300,11.30,2023-12-22,14684.14,5.00,0.00,0.00,5.00,-14689.14
trade:order:diagnostic_always_buy_holding_exit:v1:000002.SZ:2023-12-21:entry:2023-12-22,order:diagnostic_always_buy_holding_exit:v1:000002.SZ:2023-12-21:entry:2023-12-22,000002.SZ,buy,1300,11.84,2023-12-22,15392.59,5.00,0.00,0.00,5.00,-15397.59
trade:order:diagnostic_always_buy_holding_exit:v1:600000.SH:2023-12-21:exit:2023-12-22,order:diagnostic_always_buy_holding_exit:v1:600000.SH:2023-12-21:exit:2023-12-22,600000.SH,sell,200,12.46,2023-12-22,2491.27,5.00,2.49,0.00,7.49,2483.78
trade:order:diagnostic_always_buy_holding_exit:v1:000001.SZ:2023-12-22:entry:2023-12-25,order:diagnostic_always_buy_holding_exit:v1:000001.SZ:2023-12-22:entry:2023-12-25,000001.SZ,buy,800,11.25,2023-12-25,9001.46,5.00,0.00,0.00,5.00,-9006.46
trade:order:diagnostic_always_buy_holding_exit:v1:000002.SZ:2023-12-22:entry:2023-12-25,order:diagnostic_always_buy_holding_exit:v1:000002.SZ:2023-12-22:entry:2023-12-25,000002.SZ,buy,800,11.88,2023-12-25,9505.32,5.00,0.00,0.00,5.00,-9510.32
trade:order:diagnostic_always_buy_holding_exit:v1:600000.SH:2023-12-22:entry:2023-12-25,order:diagnostic_always_buy_holding_exit:v1:600000.SH:2023-12-22:entry:2023-12-25,600000.SH,buy,800,12.64,2023-12-25,10108.08,5.00,0.00,0.00,5.00,-10113.08
trade:order:diagnostic_always_buy_holding_exit:v1:000001.SZ:2023-12-25:exit:2023-12-26,order:diagnostic_always_buy_holding_exit:v1:000001.SZ:2023-12-25:exit:2023-12-26,000001.SZ,sell,3800,11.26,2023-12-26,42788.53,12.84,42.79,0.00,55.63,42732.91
trade:order:diagnostic_always_buy_holding_exit:v1:000002.SZ:2023-12-25:entry:2023-12-26,order:diagnostic_always_buy_holding_exit:v1:000002.SZ:2023-12-25:entry:2023-12-26,000002.SZ,buy,300,11.94,2023-12-26,3583.01,5.00,0.00,0.00,5.00,-3588.01
trade:order:diagnostic_always_buy_holding_exit:v1:600000.SH:2023-12-25:entry:2023-12-26,order:diagnostic_always_buy_holding_exit:v1:600000.SH:2023-12-25:entry:2023-12-26,600000.SH,buy,300,12.64,2023-12-26,3793.14,5.00,0.00,0.00,5.00,-3798.14
trade:order:diagnostic_always_buy_holding_exit:v1:600000.SH:2023-12-26:entry:2023-12-27,order:diagnostic_always_buy_holding_exit:v1:600000.SH:2023-12-26:entry:2023-12-27,600000.SH,buy,900,12.56,2023-12-27,11301.14,5.00,0.00,0.00,5.00,-11306.14
trade:order:diagnostic_always_buy_holding_exit:v1:000001.SZ:2023-12-26:exit:2023-12-27,order:diagnostic_always_buy_holding_exit:v1:000001.SZ:2023-12-26:exit:2023-12-27,000001.SZ,sell,800,11.41,2023-12-27,9126.57,5.00,9.13,0.00,14.13,9112.45
trade:order:diagnostic_always_buy_holding_exit:v1:000001.SZ:2023-12-27:entry:2023-12-28,order:diagnostic_always_buy_holding_exit:v1:000001.SZ:2023-12-27:entry:2023-12-28,000001.SZ,buy,900,11.44,2023-12-28,10293.60,5.00,0.00,0.00,5.00,-10298.60
trade:order:diagnostic_always_buy_holding_exit:v1:600000.SH:2023-12-27:entry:2023-12-28,order:diagnostic_always_buy_holding_exit:v1:600000.SH:2023-12-27:entry:2023-12-28,600000.SH,buy,800,12.84,2023-12-28,10268.47,5.00,0.00,0.00,5.00,-10273.47
trade:order:diagnostic_always_buy_holding_exit:v1:000002.SZ:2023-12-27:exit:2023-12-28,order:diagnostic_always_buy_holding_exit:v1:000002.SZ:2023-12-27:exit:2023-12-28,000002.SZ,sell,2400,11.75,2023-12-28,28197.11,8.46,28.20,0.00,36.66,28160.46
trade:order:diagnostic_always_buy_holding_exit:v1:600000.SH:2023-12-28:entry:2023-12-29,order:diagnostic_always_buy_holding_exit:v1:600000.SH:2023-12-28:entry:2023-12-29,600000.SH,buy,900,12.79,2023-12-29,11507.90,5.00,0.00,0.00,5.00,-11512.90
trade:order:diagnostic_always_buy_holding_exit:v1:000001.SZ:2023-12-29:entry:2024-01-01,order:diagnostic_always_buy_holding_exit:v1:000001.SZ:2023-12-29:entry:2024-01-01,000001.SZ,buy,900,11.40,2024-01-01,10257.24,5.00,0.00,0.00,5.00,-10262.24
trade:order:diagnostic_always_buy_holding_exit:v1:600000.SH:2023-12-29:entry:2024-01-01,order:diagnostic_always_buy_holding_exit:v1:600000.SH:2023-12-29:entry:2024-01-01,600000.SH,buy,800,12.76,2024-01-01,10207.48,5.00,0.00,0.00,5.00,-10212.48
trade:order:diagnostic_always_buy_holding_exit:v1:000001.SZ:2024-01-01:entry:2024-01-02,order:diagnostic_always_buy_holding_exit:v1:000001.SZ:2024-01-01:entry:2024-01-02,000001.SZ,buy,500,11.43,2024-01-02,5717.21,5.00,0.00,0.00,5.00,-5722.21
trade:order:diagnostic_always_buy_holding_exit:v1:600000.SH:2024-01-01:exit:2024-01-02,order:diagnostic_always_buy_holding_exit:v1:600000.SH:2024-01-01:exit:2024-01-02,600000.SH,sell,3700,12.92,2024-01-02,47792.65,14.34,47.79,0.00,62.13,47730.52
trade:order:diagnostic_always_buy_holding_exit:v1:600000.SH:2024-01-02:exit:2024-01-03,order:diagnostic_always_buy_holding_exit:v1:600000.SH:2024-01-02:exit:2024-01-03,600000.SH,sell,800,12.82,2024-01-03,10255.34,5.00,10.26,0.00,15.26,10240.08
trade:order:diagnostic_always_buy_holding_exit:v1:000001.SZ:2024-01-02:exit:2024-01-03,order:diagnostic_always_buy_holding_exit:v1:000001.SZ:2024-01-02:exit:2024-01-03,000001.SZ,sell,1800,11.41,2024-01-03,20545.22,6.16,20.55,0.00,26.71,20518.51
trade:order:diagnostic_always_buy_holding_exit:v1:000001.SZ:2024-01-03:exit:2024-01-04,order:diagnostic_always_buy_holding_exit:v1:000001.SZ:2024-01-03:exit:2024-01-04,000001.SZ,sell,500,11.34,2024-01-04,5668.72,5.00,5.67,0.00,10.67,5658.05
trade:order:diagnostic_always_buy_holding_exit:v1:600000.SH:2024-01-03:entry:2024-01-04,order:diagnostic_always_buy_holding_exit:v1:600000.SH:2024-01-03:entry:2024-01-04,600000.SH,buy,1600,12.92,2024-01-04,20666.05,6.20,0.00,0.00,6.20,-20672.25
trade:order:diagnostic_always_buy_holding_exit:v1:600000.SH:2024-01-04:entry:2024-01-05,order:diagnostic_always_buy_holding_exit:v1:600000.SH:2024-01-04:entry:2024-01-05,600000.SH,buy,1300,12.98,2024-01-05,16876.24,5.06,0.00,0.00,5.06,-16881.30
trade:order:diagnostic_always_buy_holding_exit:v1:600000.SH:2024-01-08:entry:2024-01-09,order:diagnostic_always_buy_holding_exit:v1:600000.SH:2024-01-08:entry:2024-01-09,600000.SH,buy,1100,12.92,2024-01-09,14207.03,5.00,0.00,0.00,5.00,-14212.03
trade:order:diagnostic_always_buy_holding_exit:v1:000002.SZ:2024-01-09:entry:2024-01-10,order:diagnostic_always_buy_holding_exit:v1:000002.SZ:2024-01-09:entry:2024-01-10,000002.SZ,buy,900,11.87,2024-01-10,10683.78,5.00,0.00,0.00,5.00,-10688.78
trade:order:diagnostic_always_buy_holding_exit:v1:600000.SH:2024-01-09:exit:2024-01-10,order:diagnostic_always_buy_holding_exit:v1:600000.SH:2024-01-09:exit:2024-01-10,600000.SH,sell,2900,12.94,2024-01-10,37533.40,11.26,37.53,0.00,48.79,37484.60
trade:order:diagnostic_always_buy_holding_exit:v1:000001.SZ:2024-01-10:entry:2024-01-11,order:diagnostic_always_buy_holding_exit:v1:000001.SZ:2024-01-10:entry:2024-01-11,000001.SZ,buy,1500,11.21,2024-01-11,16811.07,5.04,0.00,0.00,5.04,-16816.11
trade:order:diagnostic_always_buy_holding_exit:v1:000002.SZ:2024-01-10:entry:2024-01-11,order:diagnostic_always_buy_holding_exit:v1:000002.SZ:2024-01-10:entry:2024-01-11,000002.SZ,buy,1400,11.67,2024-01-11,16334.95,5.00,0.00,0.00,5.00,-16339.95
trade:order:diagnostic_always_buy_holding_exit:v1:600000.SH:2024-01-10:exit:2024-01-11,order:diagnostic_always_buy_holding_exit:v1:600000.SH:2024-01-10:exit:2024-01-11,600000.SH,sell,1100,13.01,2024-01-11,14309.43,5.00,14.31,0.00,19.31,14290.12
trade:order:diagnostic_always_buy_holding_exit:v1:600000.SH:2024-01-11:entry:2024-01-12,order:diagnostic_always_buy_holding_exit:v1:600000.SH:2024-01-11:entry:2024-01-12,600000.SH,buy,1000,13.08,2024-01-12,13084.76,5.00,0.00,0.00,5.00,-13089.76
trade:order:diagnostic_always_buy_holding_exit:v1:600000.SH:2024-01-12:entry:2024-01-15,order:diagnostic_always_buy_holding_exit:v1:600000.SH:2024-01-12:entry:2024-01-15,600000.SH,buy,800,13.13,2024-01-15,10501.86,5.00,0.00,0.00,5.00,-10506.86
trade:order:diagnostic_always_buy_holding_exit:v1:600000.SH:2024-01-15:entry:2024-01-16,order:diagnostic_always_buy_holding_exit:v1:600000.SH:2024-01-15:entry:2024-01-16,600000.SH,buy,600,13.14,2024-01-16,7886.42,5.00,0.00,0.00,5.00,-7891.42
trade:order:diagnostic_always_buy_holding_exit:v1:000002.SZ:2024-01-15:exit:2024-01-16,order:diagnostic_always_buy_holding_exit:v1:000002.SZ:2024-01-15:exit:2024-01-16,000002.SZ,sell,2300,11.66,2024-01-16,26817.68,8.05,26.82,0.00,34.86,26782.81
trade:order:diagnostic_always_buy_holding_exit:v1:000001.SZ:2024-01-16:exit:2024-01-17,order:diagnostic_always_buy_holding_exit:v1:000001.SZ:2024-01-16:exit:2024-01-17,000001.SZ,sell,1500,11.07,2024-01-17,16606.51,5.00,16.61,0.00,21.61,16584.91
trade:order:diagnostic_always_buy_holding_exit:v1:600000.SH:2024-01-16:entry:2024-01-17,order:diagnostic_always_buy_holding_exit:v1:600000.SH:2024-01-16:entry:2024-01-17,600000.SH,buy,900,13.22,2024-01-17,11901.36,5.00,0.00,0.00,5.00,-11906.36
trade:order:diagnostic_always_buy_holding_exit:v1:600000.SH:2024-01-17:exit:2024-01-18,order:diagnostic_always_buy_holding_exit:v1:600000.SH:2024-01-17:exit:2024-01-18,600000.SH,sell,2400,13.16,2024-01-18,31595.21,9.48,31.60,0.00,41.07,31554.13
trade:order:diagnostic_always_buy_holding_exit:v1:000001.SZ:2024-01-18:entry:2024-01-19,order:diagnostic_always_buy_holding_exit:v1:000001.SZ:2024-01-18:entry:2024-01-19,000001.SZ,buy,1700,11.13,2024-01-19,18927.26,5.68,0.00,0.00,5.68,-18932.94
trade:order:diagnostic_always_buy_holding_exit:v1:600000.SH:2024-01-18:exit:2024-01-19,order:diagnostic_always_buy_holding_exit:v1:600000.SH:2024-01-18:exit:2024-01-19,600000.SH,sell,900,13.19,2024-01-19,11867.93,5.00,11.87,0.00,16.87,11851.06
trade:order:diagnostic_always_buy_holding_exit:v1:000001.SZ:2024-01-19:entry:2024-01-22,order:diagnostic_always_buy_holding_exit:v1:000001.SZ:2024-01-19:entry:2024-01-22,000001.SZ,buy,1600,11.27,2024-01-22,18030.88,5.41,0.00,0.00,5.41,-18036.29
trade:order:diagnostic_always_buy_holding_exit:v1:000002.SZ:2024-01-19:entry:2024-01-22,order:diagnostic_always_buy_holding_exit:v1:000002.SZ:2024-01-19:entry:2024-01-22,000002.SZ,buy,1500,11.73,2024-01-22,17600.47,5.28,0.00,0.00,5.28,-17605.75
trade:order:diagnostic_always_buy_holding_exit:v1:600000.SH:2024-01-19:entry:2024-01-22,order:diagnostic_always_buy_holding_exit:v1:600000.SH:2024-01-19:entry:2024-01-22,600000.SH,buy,1300,13.39,2024-01-22,17411.86,5.22,0.00,0.00,5.22,-17417.09
trade:order:diagnostic_always_buy_holding_exit:v1:000002.SZ:2024-01-22:entry:2024-01-23,order:diagnostic_always_buy_holding_exit:v1:000002.SZ:2024-01-22:entry:2024-01-23,000002.SZ,buy,600,11.62,2024-01-23,6970.14,5.00,0.00,0.00,5.00,-6975.14
trade:order:diagnostic_always_buy_holding_exit:v1:600000.SH:2024-01-22:entry:2024-01-23,order:diagnostic_always_buy_holding_exit:v1:600000.SH:2024-01-22:entry:2024-01-23,600000.SH,buy,500,13.21,2024-01-23,6603.88,5.00,0.00,0.00,5.00,-6608.88
trade:order:diagnostic_always_buy_holding_exit:v1:000001.SZ:2024-01-23:entry:2024-01-24,order:diagnostic_always_buy_holding_exit:v1:000001.SZ:2024-01-23:entry:2024-01-24,000001.SZ,buy,400,11.22,2024-01-24,4488.32,5.00,0.00,0.00,5.00,-4493.32
trade:order:diagnostic_always_buy_holding_exit:v1:000002.SZ:2024-01-23:entry:2024-01-24,order:diagnostic_always_buy_holding_exit:v1:000002.SZ:2024-01-23:entry:2024-01-24,000002.SZ,buy,400,11.74,2024-01-24,4697.02,5.00,0.00,0.00,5.00,-4702.02
trade:order:diagnostic_always_buy_holding_exit:v1:600000.SH:2024-01-23:entry:2024-01-24,order:diagnostic_always_buy_holding_exit:v1:600000.SH:2024-01-23:entry:2024-01-24,600000.SH,buy,300,13.30,2024-01-24,3989.55,5.00,0.00,0.00,5.00,-3994.55
trade:order:diagnostic_always_buy_holding_exit:v1:000001.SZ:2024-01-24:exit:2024-01-25,order:diagnostic_always_buy_holding_exit:v1:000001.SZ:2024-01-24:exit:2024-01-25,000001.SZ,sell,3300,11.17,2024-01-25,36863.25,11.06,36.86,0.00,47.92,36815.33
trade:order:diagnostic_always_buy_holding_exit:v1:000002.SZ:2024-01-24:entry:2024-01-25,order:diagnostic_always_buy_holding_exit:v1:000002.SZ:2024-01-24:entry:2024-01-25,000002.SZ,buy,100,11.73,2024-01-25,1173.04,5.00,0.00,0.00,5.00,-1178.04
trade:order:diagnostic_always_buy_holding_exit:v1:600000.SH:2024-01-24:entry:2024-01-25,order:diagnostic_always_buy_holding_exit:v1:600000.SH:2024-01-24:entry:2024-01-25,600000.SH,buy,100,13.27,2024-01-25,1327.11,5.00,0.00,0.00,5.00,-1332.11
trade:order:diagnostic_always_buy_holding_exit:v1:000002.SZ:2024-01-25:entry:2024-01-26,order:diagnostic_always_buy_holding_exit:v1:000002.SZ:2024-01-25:entry:2024-01-26,000002.SZ,buy,700,11.72,2024-01-26,8200.96,5.00,0.00,0.00,5.00,-8205.96
trade:order:diagnostic_always_buy_holding_exit:v1:600000.SH:2024-01-25:entry:2024-01-26,order:diagnostic_always_buy_holding_exit:v1:600000.SH:2024-01-25:entry:2024-01-26,600000.SH,buy,600,13.26,2024-01-26,7953.51,5.00,0.00,0.00,5.00,-7958.51
trade:order:diagnostic_always_buy_holding_exit:v1:000001.SZ:2024-01-25:exit:2024-01-26,order:diagnostic_always_buy_holding_exit:v1:000001.SZ:2024-01-25:exit:2024-01-26,000001.SZ,sell,400,11.13,2024-01-26,4450.86,5.00,4.45,0.00,9.45,4441.41
trade:order:diagnostic_always_buy_holding_exit:v1:000001.SZ:2024-01-26:entry:2024-01-29,order:diagnostic_always_buy_holding_exit:v1:000001.SZ:2024-01-26:entry:2024-01-29,000001.SZ,buy,500,11.12,2024-01-29,5561.59,5.00,0.00,0.00,5.00,-5566.59
trade:order:diagnostic_always_buy_holding_exit:v1:600000.SH:2024-01-26:entry:2024-01-29,order:diagnostic_always_buy_holding_exit:v1:600000.SH:2024-01-26:entry:2024-01-29,600000.SH,buy,400,13.37,2024-01-29,5349.45,5.00,0.00,0.00,5.00,-5354.45
trade:order:diagnostic_always_buy_holding_exit:v1:600000.SH:2024-01-29:exit:2024-01-30,order:diagnostic_always_buy_holding_exit:v1:600000.SH:2024-01-29:exit:2024-01-30,600000.SH,sell,2800,13.40,2024-01-30,37523.05,11.26,37.52,0.00,48.78,37474.27
trade:order:diagnostic_always_buy_holding_exit:v1:000002.SZ:2024-01-29:exit:2024-01-30,order:diagnostic_always_buy_holding_exit:v1:000002.SZ:2024-01-29:exit:2024-01-30,000002.SZ,sell,3300,11.70,2024-01-30,38611.89,11.58,38.61,0.00,50.20,38561.69
trade:order:diagnostic_always_buy_holding_exit:v1:000002.SZ:2024-01-30:entry:2024-01-31,order:diagnostic_always_buy_holding_exit:v1:000002.SZ:2024-01-30:entry:2024-01-31,000002.SZ,buy,1600,11.88,2024-01-31,19007.14,5.70,0.00,0.00,5.70,-19012.84
trade:order:diagnostic_always_buy_holding_exit:v1:600000.SH:2024-01-30:exit:2024-01-31,order:diagnostic_always_buy_holding_exit:v1:600000.SH:2024-01-30:exit:2024-01-31,600000.SH,sell,400,13.34,2024-01-31,5337.55,5.00,5.34,0.00,10.34,5327.21
trade:order:diagnostic_always_buy_holding_exit:v1:000001.SZ:2024-01-31:entry:2024-02-01,order:diagnostic_always_buy_holding_exit:v1:000001.SZ:2024-01-31:entry:2024-02-01,000001.SZ,buy,1500,11.42,2024-02-01,17132.56,5.14,0.00,0.00,5.14,-17137.70
trade:order:diagnostic_always_buy_holding_exit:v1:000002.SZ:2024-01-31:entry:2024-02-01,order:diagnostic_always_buy_holding_exit:v1:000002.SZ:2024-01-31:entry:2024-02-01,000002.SZ,buy,1400,11.69,2024-02-01,16360.02,5.00,0.00,0.00,5.00,-16365.02
trade:order:diagnostic_always_buy_holding_exit:v1:600000.SH:2024-01-31:entry:2024-02-01,order:diagnostic_always_buy_holding_exit:v1:600000.SH:2024-01-31:entry:2024-02-01,600000.SH,buy,1200,13.25,2024-02-01,15903.55,5.00,0.00,0.00,5.00,-15908.55
trade:order:diagnostic_always_buy_holding_exit:v1:000001.SZ:2024-02-01:entry:2024-02-02,order:diagnostic_always_buy_holding_exit:v1:000001.SZ:2024-02-01:entry:2024-02-02,000001.SZ,buy,600,11.22,2024-02-02,6732.23,5.00,0.00,0.00,5.00,-6737.23
trade:order:diagnostic_always_buy_holding_exit:v1:000001.SZ:2024-02-02:entry:2024-02-05,order:diagnostic_always_buy_holding_exit:v1:000001.SZ:2024-02-02:entry:2024-02-05,000001.SZ,buy,500,11.36,2024-02-05,5680.95,5.00,0.00,0.00,5.00,-5685.95
trade:order:diagnostic_always_buy_holding_exit:v1:000002.SZ:2024-02-02:entry:2024-02-05,order:diagnostic_always_buy_holding_exit:v1:000002.SZ:2024-02-02:entry:2024-02-05,000002.SZ,buy,400,11.84,2024-02-05,4735.65,5.00,0.00,0.00,5.00,-4740.65
trade:order:diagnostic_always_buy_holding_exit:v1:000001.SZ:2024-02-05:exit:2024-02-06,order:diagnostic_always_buy_holding_exit:v1:000001.SZ:2024-02-05:exit:2024-02-06,000001.SZ,sell,2600,11.23,2024-02-06,29185.11,8.76,29.19,0.00,37.94,29147.17
trade:order:diagnostic_always_buy_holding_exit:v1:000002.SZ:2024-02-05:exit:2024-02-06,order:diagnostic_always_buy_holding_exit:v1:000002.SZ:2024-02-05:exit:2024-02-06,000002.SZ,sell,3000,11.68,2024-02-06,35053.57,10.52,35.05,0.00,45.57,35008.00
trade:order:diagnostic_always_buy_holding_exit:v1:600000.SH:2024-02-05:entry:2024-02-06,order:diagnostic_always_buy_holding_exit:v1:600000.SH:2024-02-05:entry:2024-02-06,600000.SH,buy,200,13.44,2024-02-06,2688.23,5.00,0.00,0.00,5.00,-2693.23
trade:order:diagnostic_always_buy_holding_exit:v1:000002.SZ:2024-02-06:exit:2024-02-07,order:diagnostic_always_buy_holding_exit:v1:000002.SZ:2024-02-06:exit:2024-02-07,000002.SZ,sell,400,11.72,2024-02-07,4687.86,5.00,4.69,0.00,9.69,4678.17
trade:order:diagnostic_always_buy_holding_exit:v1:600000.SH:2024-02-06:exit:2024-02-07,order:diagnostic_always_buy_holding_exit:v1:600000.SH:2024-02-06:exit:2024-02-07,600000.SH,sell,1200,13.33,2024-02-07,15992.91,5.00,15.99,0.00,20.99,15971.92
trade:order:diagnostic_always_buy_holding_exit:v1:000001.SZ:2024-02-06:exit:2024-02-07,order:diagnostic_always_buy_holding_exit:v1:000001.SZ:2024-02-06:exit:2024-02-07,000001.SZ,sell,500,11.35,2024-02-07,5676.70,5.00,5.68,0.00,10.68,5666.02
trade:order:diagnostic_always_buy_holding_exit:v1:600000.SH:2024-02-07:exit:2024-02-08,order:diagnostic_always_buy_holding_exit:v1:600000.SH:2024-02-07:exit:2024-02-08,600000.SH,sell,200,13.36,2024-02-08,2672.22,5.00,2.67,0.00,7.67,2664.55
trade:order:diagnostic_always_buy_holding_exit:v1:000001.SZ:2024-02-08:entry:2024-02-09,order:diagnostic_always_buy_holding_exit:v1:000001.SZ:2024-02-08:entry:2024-02-09,000001.SZ,buy,1900,11.38,2024-02-09,21624.29,6.49,0.00,0.00,6.49,-21630.77
trade:order:diagnostic_always_buy_holding_exit:v1:600000.SH:2024-02-08:entry:2024-02-09,order:diagnostic_always_buy_holding_exit:v1:600000.SH:2024-02-08:entry:2024-02-09,600000.SH,buy,1600,13.27,2024-02-09,21230.96,6.37,0.00,0.00,6.37,-21237.33
trade:order:diagnostic_always_buy_holding_exit:v1:000001.SZ:2024-02-09:entry:2024-02-12,order:diagnostic_always_buy_holding_exit:v1:000001.SZ:2024-02-09:entry:2024-02-12,000001.SZ,buy,1100,11.34,2024-02-12,12475.12,5.00,0.00,0.00,5.00,-12480.12
trade:order:diagnostic_always_buy_holding_exit:v1:600000.SH:2024-02-09:entry:2024-02-12,order:diagnostic_always_buy_holding_exit:v1:600000.SH:2024-02-09:entry:2024-02-12,600000.SH,buy,900,13.37,2024-02-12,12029.71,5.00,0.00,0.00,5.00,-12034.71
trade:order:diagnostic_always_buy_holding_exit:v1:000001.SZ:2024-02-12:entry:2024-02-13,order:diagnostic_always_buy_holding_exit:v1:000001.SZ:2024-02-12:entry:2024-02-13,000001.SZ,buy,700,11.42,2024-02-13,7995.41,5.00,0.00,0.00,5.00,-8000.41
trade:order:diagnostic_always_buy_holding_exit:v1:600000.SH:2024-02-13:entry:2024-02-14,order:diagnostic_always_buy_holding_exit:v1:600000.SH:2024-02-13:entry:2024-02-14,600000.SH,buy,400,13.30,2024-02-14,5319.61,5.00,0.00,0.00,5.00,-5324.61
trade:order:diagnostic_always_buy_holding_exit:v1:600000.SH:2024-02-14:exit:2024-02-15,order:diagnostic_always_buy_holding_exit:v1:600000.SH:2024-02-14:exit:2024-02-15,600000.SH,sell,2500,13.37,2024-02-15,33414.19,10.02,33.41,0.00,43.44,33370.76
trade:order:diagnostic_always_buy_holding_exit:v1:000001.SZ:2024-02-14:exit:2024-02-15,order:diagnostic_always_buy_holding_exit:v1:000001.SZ:2024-02-14:exit:2024-02-15,000001.SZ,sell,3700,11.18,2024-02-15,41366.61,12.41,41.37,0.00,53.78,41312.83
trade:order:diagnostic_always_buy_holding_exit:v1:600000.SH:2024-02-15:exit:2024-02-16,order:diagnostic_always_buy_holding_exit:v1:600000.SH:2024-02-15:exit:2024-02-16,600000.SH,sell,400,13.29,2024-02-16,5316.26,5.00,5.32,0.00,10.32,5305.94
trade:order:diagnostic_always_buy_holding_exit:v1:000001.SZ:2024-02-16:entry:2024-02-19,order:diagnostic_always_buy_holding_exit:v1:000001.SZ:2024-02-16:entry:2024-02-19,000001.SZ,buy,1900,11.25,2024-02-19,21369.89,6.41,0.00,0.00,6.41,-21376.30
trade:order:diagnostic_always_buy_holding_exit:v1:600000.SH:2024-02-16:entry:2024-02-19,order:diagnostic_always_buy_holding_exit:v1:600000.SH:2024-02-16:entry:2024-02-19,600000.SH,buy,1600,13.42,2024-02-19,21472.98,6.44,0.00,0.00,6.44,-21479.42
trade:order:diagnostic_always_buy_holding_exit:v1:000001.SZ:2024-02-19:entry:2024-02-20,order:diagnostic_always_buy_holding_exit:v1:000001.SZ:2024-02-19:entry:2024-02-20,000001.SZ,buy,1100,11.42,2024-02-20,12559.51,5.00,0.00,0.00,5.00,-12564.51
trade:order:diagnostic_always_buy_holding_exit:v1:000002.SZ:2024-02-19:entry:2024-02-20,order:diagnostic_always_buy_holding_exit:v1:000002.SZ:2024-02-19:entry:2024-02-20,000002.SZ,buy,1100,11.70,2024-02-20,12869.32,5.00,0.00,0.00,5.00,-12874.32
trade:order:diagnostic_always_buy_holding_exit:v1:000001.SZ:2024-02-20:entry:2024-02-21,order:diagnostic_always_buy_holding_exit:v1:000001.SZ:2024-02-20:entry:2024-02-21,000001.SZ,buy,600,11.29,2024-02-21,6776.15,5.00,0.00,0.00,5.00,-6781.15
trade:order:diagnostic_always_buy_holding_exit:v1:000002.SZ:2024-02-20:entry:2024-02-21,order:diagnostic_always_buy_holding_exit:v1:000002.SZ:2024-02-20:entry:2024-02-21,000002.SZ,buy,600,11.56,2024-02-21,6934.56,5.00,0.00,0.00,5.00,-6939.56
trade:order:diagnostic_always_buy_holding_exit:v1:000001.SZ:2024-02-21:entry:2024-02-22,order:diagnostic_always_buy_holding_exit:v1:000001.SZ:2024-02-21:entry:2024-02-22,000001.SZ,buy,400,11.50,2024-02-22,4598.47,5.00,0.00,0.00,5.00,-4603.47
trade:order:diagnostic_always_buy_holding_exit:v1:000001.SZ:2024-02-22:entry:2024-02-23,order:diagnostic_always_buy_holding_exit:v1:000001.SZ:2024-02-22:entry:2024-02-23,000001.SZ,buy,300,11.46,2024-02-23,3439.16,5.00,0.00,0.00,5.00,-3444.16
trade:order:diagnostic_always_buy_holding_exit:v1:000001.SZ:2024-02-23:entry:2024-02-26,order:diagnostic_always_buy_holding_exit:v1:000001.SZ:2024-02-23:entry:2024-02-26,000001.SZ,buy,300,11.56,2024-02-26,3468.43,5.00,0.00,0.00,5.00,-3473.43
trade:order:diagnostic_always_buy_holding_exit:v1:000002.SZ:2024-02-23:entry:2024-02-26,order:diagnostic_always_buy_holding_exit:v1:000002.SZ:2024-02-23:entry:2024-02-26,000002.SZ,buy,300,11.51,2024-02-26,3453.66,5.00,0.00,0.00,5.00,-3458.66
trade:order:diagnostic_always_buy_holding_exit:v1:000001.SZ:2024-02-26:exit:2024-02-27,order:diagnostic_always_buy_holding_exit:v1:000001.SZ:2024-02-26:exit:2024-02-27,000001.SZ,sell,4300,11.48,2024-02-27,49373.55,14.81,49.37,0.00,64.19,49309.36
trade:order:diagnostic_always_buy_holding_exit:v1:000002.SZ:2024-02-26:exit:2024-02-27,order:diagnostic_always_buy_holding_exit:v1:000002.SZ:2024-02-26:exit:2024-02-27,000002.SZ,sell,1700,11.73,2024-02-27,19935.50,5.98,19.94,0.00,25.92,19909.58
trade:order:diagnostic_always_buy_holding_exit:v1:600000.SH:2024-02-26:exit:2024-02-27,order:diagnostic_always_buy_holding_exit:v1:600000.SH:2024-02-26:exit:2024-02-27,600000.SH,sell,1600,13.39,2024-02-27,21419.42,6.43,21.42,0.00,27.85,21391.58
trade:order:diagnostic_always_buy_holding_exit:v1:000001.SZ:2024-02-27:exit:2024-02-28,order:diagnostic_always_buy_holding_exit:v1:000001.SZ:2024-02-27:exit:2024-02-28,000001.SZ,sell,300,11.33,2024-02-28,3399.73,5.00,3.40,0.00,8.40,3391.33
trade:order:diagnostic_always_buy_holding_exit:v1:000002.SZ:2024-02-27:exit:2024-02-28,order:diagnostic_always_buy_holding_exit:v1:000002.SZ:2024-02-27:exit:2024-02-28,000002.SZ,sell,300,11.65,2024-02-28,3493.76,5.00,3.49,0.00,8.49,3485.27
trade:order:diagnostic_always_buy_holding_exit:v1:000002.SZ:2024-02-28:entry:2024-02-29,order:diagnostic_always_buy_holding_exit:v1:000002.SZ:2024-02-28:entry:2024-02-29,000002.SZ,buy,1800,11.69,2024-02-29,21047.93,6.31,0.00,0.00,6.31,-21054.25
trade:order:diagnostic_always_buy_holding_exit:v1:000001.SZ:2024-02-29:entry:2024-03-01,order:diagnostic_always_buy_holding_exit:v1:000001.SZ:2024-02-29:entry:2024-03-01,000001.SZ,buy,1500,11.58,2024-03-01,17365.67,5.21,0.00,0.00,5.21,-17370.88
trade:order:diagnostic_always_buy_holding_exit:v1:000002.SZ:2024-02-29:entry:2024-03-01,order:diagnostic_always_buy_holding_exit:v1:000002.SZ:2024-02-29:entry:2024-03-01,000002.SZ,buy,1400,11.54,2024-03-01,16159.46,5.00,0.00,0.00,5.00,-16164.46
trade:order:diagnostic_always_buy_holding_exit:v1:000001.SZ:2024-03-01:entry:2024-03-04,order:diagnostic_always_buy_holding_exit:v1:000001.SZ:2024-03-01:entry:2024-03-04,000001.SZ,buy,900,11.43,2024-03-04,10289.04,5.00,0.00,0.00,5.00,-10294.04
trade:order:diagnostic_always_buy_holding_exit:v1:000001.SZ:2024-03-04:entry:2024-03-05,order:diagnostic_always_buy_holding_exit:v1:000001.SZ:2024-03-04:entry:2024-03-05,000001.SZ,buy,700,11.56,2024-03-05,8095.48,5.00,0.00,0.00,5.00,-8100.48
trade:order:diagnostic_always_buy_holding_exit:v1:000001.SZ:2024-03-05:entry:2024-03-06,order:diagnostic_always_buy_holding_exit:v1:000001.SZ:2024-03-05:entry:2024-03-06,000001.SZ,buy,600,11.59,2024-03-06,6952.66,5.00,0.00,0.00,5.00,-6957.66
trade:order:diagnostic_always_buy_holding_exit:v1:000002.SZ:2024-03-05:exit:2024-03-06,order:diagnostic_always_buy_holding_exit:v1:000002.SZ:2024-03-05:exit:2024-03-06,000002.SZ,sell,3200,11.64,2024-03-06,37247.50,11.17,37.25,0.00,48.42,37199.08
trade:order:diagnostic_always_buy_holding_exit:v1:000001.SZ:2024-03-06:exit:2024-03-07,order:diagnostic_always_buy_holding_exit:v1:000001.SZ:2024-03-06:exit:2024-03-07,000001.SZ,sell,3100,11.56,2024-03-07,35828.53,10.75,35.83,0.00,46.58,35781.95
trade:order:diagnostic_always_buy_holding_exit:v1:000002.SZ:2024-03-06:entry:2024-03-07,order:diagnostic_always_buy_holding_exit:v1:000002.SZ:2024-03-06:entry:2024-03-07,000002.SZ,buy,1100,11.72,2024-03-07,12889.05,5.00,0.00,0.00,5.00,-12894.05
trade:order:diagnostic_always_buy_holding_exit:v1:000001.SZ:2024-03-07:exit:2024-03-08,order:diagnostic_always_buy_holding_exit:v1:000001.SZ:2024-03-07:exit:2024-03-08,000001.SZ,sell,600,11.47,2024-03-08,6879.99,5.00,6.88,0.00,11.88,6868.11
trade:order:diagnostic_always_buy_holding_exit:v1:000002.SZ:2024-03-07:entry:2024-03-08,order:diagnostic_always_buy_holding_exit:v1:000002.SZ:2024-03-07:entry:2024-03-08,000002.SZ,buy,1500,11.83,2024-03-08,17750.24,5.33,0.00,0.00,5.33,-17755.57
trade:order:diagnostic_always_buy_holding_exit:v1:000001.SZ:2024-03-08:entry:2024-03-11,order:diagnostic_always_buy_holding_exit:v1:000001.SZ:2024-03-08:entry:2024-03-11,000001.SZ,buy,1300,11.45,2024-03-11,14888.73,5.00,0.00,0.00,5.00,-14893.73
trade:order:diagnostic_always_buy_holding_exit:v1:000002.SZ:2024-03-08:entry:2024-03-11,order:diagnostic_always_buy_holding_exit:v1:000002.SZ:2024-03-08:entry:2024-03-11,000002.SZ,buy,1300,11.72,2024-03-11,15237.23,5.00,0.00,0.00,5.00,-15242.23
trade:order:diagnostic_always_buy_holding_exit:v1:000001.SZ:2024-03-11:entry:2024-03-12,order:diagnostic_always_buy_holding_exit:v1:000001.SZ:2024-03-11:entry:2024-03-12,000001.SZ,buy,800,11.59,2024-03-12,9275.31,5.00,0.00,0.00,5.00,-9280.31
trade:order:diagnostic_always_buy_holding_exit:v1:000002.SZ:2024-03-11:entry:2024-03-12,order:diagnostic_always_buy_holding_exit:v1:000002.SZ:2024-03-11:entry:2024-03-12,000002.SZ,buy,800,11.79,2024-03-12,9434.92,5.00,0.00,0.00,5.00,-9439.92
trade:order:diagnostic_always_buy_holding_exit:v1:000001.SZ:2024-03-12:entry:2024-03-13,order:diagnostic_always_buy_holding_exit:v1:000001.SZ:2024-03-12:entry:2024-03-13,000001.SZ,buy,400,11.70,2024-03-13,4679.78,5.00,0.00,0.00,5.00,-4684.78
trade:order:diagnostic_always_buy_holding_exit:v1:000002.SZ:2024-03-12:exit:2024-03-13,order:diagnostic_always_buy_holding_exit:v1:000002.SZ:2024-03-12:exit:2024-03-13,000002.SZ,sell,3900,11.75,2024-03-13,45824.84,13.75,45.82,0.00,59.57,45765.27
trade:order:diagnostic_always_buy_holding_exit:v1:000001.SZ:2024-03-13:entry:2024-03-14,order:diagnostic_always_buy_holding_exit:v1:000001.SZ:2024-03-13:entry:2024-03-14,000001.SZ,buy,1200,11.58,2024-03-14,13891.50,5.00,0.00,0.00,5.00,-13896.50
trade:order:diagnostic_always_buy_holding_exit:v1:000002.SZ:2024-03-13:exit:2024-03-14,order:diagnostic_always_buy_holding_exit:v1:000002.SZ:2024-03-13:exit:2024-03-14,000002.SZ,sell,800,11.56,2024-03-14,9245.19,5.00,9.25,0.00,14.25,9230.94
trade:order:diagnostic_always_buy_holding_exit:v1:000001.SZ:2024-03-14:entry:2024-03-15,order:diagnostic_always_buy_holding_exit:v1:000001.SZ:2024-03-14:entry:2024-03-15,000001.SZ,buy,1100,11.60,2024-03-15,12763.10,5.00,0.00,0.00,5.00,-12768.10
trade:order:diagnostic_always_buy_holding_exit:v1:000001.SZ:2024-03-15:entry:2024-03-18,order:diagnostic_always_buy_holding_exit:v1:000001.SZ:2024-03-15:entry:2024-03-18,000001.SZ,buy,800,11.80,2024-03-18,9438.60,5.00,0.00,0.00,5.00,-9443.60
trade:order:diagnostic_always_buy_holding_exit:v1:000001.SZ:2024-03-18:exit:2024-03-19,order:diagnostic_always_buy_holding_exit:v1:000001.SZ:2024-03-18:exit:2024-03-19,000001.SZ,sell,4800,11.76,2024-03-19,56433.84,16.93,56.43,0.00,73.36,56360.48
trade:order:diagnostic_always_buy_holding_exit:v1:000001.SZ:2024-03-19:exit:2024-03-20,order:diagnostic_always_buy_holding_exit:v1:000001.SZ:2024-03-19:exit:2024-03-20,000001.SZ,sell,800,11.69,2024-03-20,9354.83,5.00,9.35,0.00,14.35,9340.48
trade:order:diagnostic_always_buy_holding_exit:v1:000002.SZ:2024-03-19:entry:2024-03-20,order:diagnostic_always_buy_holding_exit:v1:000002.SZ:2024-03-19:entry:2024-03-20,000002.SZ,buy,1700,11.67,2024-03-20,19846.34,5.95,0.00,0.00,5.95,-19852.30
trade:order:diagnostic_always_buy_holding_exit:v1:000001.SZ:2024-03-20:entry:2024-03-21,order:diagnostic_always_buy_holding_exit:v1:000001.SZ:2024-03-20:entry:2024-03-21,000001.SZ,buy,1500,11.78,2024-03-21,17665.26,5.30,0.00,0.00,5.30,-17670.56
trade:order:diagnostic_always_buy_holding_exit:v1:000002.SZ:2024-03-20:entry:2024-03-21,order:diagnostic_always_buy_holding_exit:v1:000002.SZ:2024-03-20:entry:2024-03-21,000002.SZ,buy,1500,11.62,2024-03-21,17432.10,5.23,0.00,0.00,5.23,-17437.33
trade:order:diagnostic_always_buy_holding_exit:v1:000001.SZ:2024-03-21:entry:2024-03-22,order:diagnostic_always_buy_holding_exit:v1:000001.SZ:2024-03-21:entry:2024-03-22,000001.SZ,buy,900,11.76,2024-03-22,10583.45,5.00,0.00,0.00,5.00,-10588.45
trade:order:diagnostic_always_buy_holding_exit:v1:000002.SZ:2024-03-21:entry:2024-03-22,order:diagnostic_always_buy_holding_exit:v1:000002.SZ:2024-03-21:entry:2024-03-22,000002.SZ,buy,900,11.78,2024-03-22,10606.47,5.00,0.00,0.00,5.00,-10611.47
trade:order:diagnostic_always_buy_holding_exit:v1:000001.SZ:2024-03-22:entry:2024-03-25,order:diagnostic_always_buy_holding_exit:v1:000001.SZ:2024-03-22:entry:2024-03-25,000001.SZ,buy,500,11.70,2024-03-25,5852.01,5.00,0.00,0.00,5.00,-5857.01
trade:order:diagnostic_always_buy_holding_exit:v1:000002.SZ:2024-03-22:entry:2024-03-25,order:diagnostic_always_buy_holding_exit:v1:000002.SZ:2024-03-22:entry:2024-03-25,000002.SZ,buy,500,11.71,2024-03-25,5854.73,5.00,0.00,0.00,5.00,-5859.73
trade:order:diagnostic_always_buy_holding_exit:v1:000001.SZ:2024-03-25:entry:2024-03-26,order:diagnostic_always_buy_holding_exit:v1:000001.SZ:2024-03-25:entry:2024-03-26,000001.SZ,buy,300,12.18,2024-03-26,3653.26,5.00,0.00,0.00,5.00,-3658.26
trade:order:diagnostic_always_buy_holding_exit:v1:000002.SZ:2024-03-25:exit:2024-03-26,order:diagnostic_always_buy_holding_exit:v1:000002.SZ:2024-03-25:exit:2024-03-26,000002.SZ,sell,4100,12.23,2024-03-26,50156.67,15.05,50.16,0.00,65.20,50091.47
trade:order:diagnostic_always_buy_holding_exit:v1:000001.SZ:2024-03-26:exit:2024-03-27,order:diagnostic_always_buy_holding_exit:v1:000001.SZ:2024-03-26:exit:2024-03-27,000001.SZ,sell,2900,11.74,2024-03-27,34055.23,10.22,34.06,0.00,44.27,34010.96
trade:order:diagnostic_always_buy_holding_exit:v1:000002.SZ:2024-03-26:exit:2024-03-27,order:diagnostic_always_buy_holding_exit:v1:000002.SZ:2024-03-26:exit:2024-03-27,000002.SZ,sell,500,11.66,2024-03-27,5829.91,5.00,5.83,0.00,10.83,5819.08
trade:order:diagnostic_always_buy_holding_exit:v1:600000.SH:2024-03-26:entry:2024-03-27,order:diagnostic_always_buy_holding_exit:v1:600000.SH:2024-03-26:entry:2024-03-27,600000.SH,buy,900,12.61,2024-03-27,11348.37,5.00,0.00,0.00,5.00,-11353.37
trade:order:diagnostic_always_buy_holding_exit:v1:000001.SZ:2024-03-27:exit:2024-03-28,order:diagnostic_always_buy_holding_exit:v1:000001.SZ:2024-03-27:exit:2024-03-28,000001.SZ,sell,300,11.86,2024-03-28,3557.78,5.00,3.56,0.00,8.56,3549.22
trade:order:diagnostic_always_buy_holding_exit:v1:600000.SH:2024-04-01:exit:2024-04-02,order:diagnostic_always_buy_holding_exit:v1:600000.SH:2024-04-01:exit:2024-04-02,600000.SH,sell,900,12.49,2024-04-02,11244.36,5.00,11.24,0.00,16.24,11228.12
trade:order:diagnostic_always_buy_holding_exit:v1:000001.SZ:2024-04-03:entry:2024-04-04,order:diagnostic_always_buy_holding_exit:v1:000001.SZ:2024-04-03:entry:2024-04-04,000001.SZ,buy,1800,11.96,2024-04-04,21520.70,6.46,0.00,0.00,6.46,-21527.15
trade:order:diagnostic_always_buy_holding_exit:v1:000002.SZ:2024-04-03:entry:2024-04-04,order:diagnostic_always_buy_holding_exit:v1:000002.SZ:2024-04-03:entry:2024-04-04,000002.SZ,buy,1800,11.75,2024-04-04,21147.18,6.34,0.00,0.00,6.34,-21153.52
trade:order:diagnostic_always_buy_holding_exit:v1:000001.SZ:2024-04-04:entry:2024-04-05,order:diagnostic_always_buy_holding_exit:v1:000001.SZ:2024-04-04:entry:2024-04-05,000001.SZ,buy,1100,11.92,2024-04-05,13115.82,5.00,0.00,0.00,5.00,-13120.82
trade:order:diagnostic_always_buy_holding_exit:v1:000002.SZ:2024-04-04:entry:2024-04-05,order:diagnostic_always_buy_holding_exit:v1:000002.SZ:2024-04-04:entry:2024-04-05,000002.SZ,buy,1100,11.77,2024-04-05,12949.88,5.00,0.00,0.00,5.00,-12954.88
trade:order:diagnostic_always_buy_holding_exit:v1:000001.SZ:2024-04-05:entry:2024-04-08,order:diagnostic_always_buy_holding_exit:v1:000001.SZ:2024-04-05:entry:2024-04-08,000001.SZ,buy,600,11.94,2024-04-08,7166.54,5.00,0.00,0.00,5.00,-7171.54
trade:order:diagnostic_always_buy_holding_exit:v1:000002.SZ:2024-04-05:entry:2024-04-08,order:diagnostic_always_buy_holding_exit:v1:000002.SZ:2024-04-05:entry:2024-04-08,000002.SZ,buy,700,11.80,2024-04-08,8259.47,5.00,0.00,0.00,5.00,-8264.47
trade:order:diagnostic_always_buy_holding_exit:v1:000001.SZ:2024-04-08:entry:2024-04-09,order:diagnostic_always_buy_holding_exit:v1:000001.SZ:2024-04-08:entry:2024-04-09,000001.SZ,buy,400,11.94,2024-04-09,4774.41,5.00,0.00,0.00,5.00,-4779.41
trade:order:diagnostic_always_buy_holding_exit:v1:000002.SZ:2024-04-08:entry:2024-04-09,order:diagnostic_always_buy_holding_exit:v1:000002.SZ:2024-04-08:entry:2024-04-09,000002.SZ,buy,400,11.58,2024-04-09,4632.60,5.00,0.00,0.00,5.00,-4637.60
trade:order:diagnostic_always_buy_holding_exit:v1:000001.SZ:2024-04-09:exit:2024-04-10,order:diagnostic_always_buy_holding_exit:v1:000001.SZ:2024-04-09:exit:2024-04-10,000001.SZ,sell,3500,11.97,2024-04-10,41880.03,12.56,41.88,0.00,54.44,41825.59
trade:order:diagnostic_always_buy_holding_exit:v1:000002.SZ:2024-04-09:exit:2024-04-10,order:diagnostic_always_buy_holding_exit:v1:000002.SZ:2024-04-09:exit:2024-04-10,000002.SZ,sell,3600,11.68,2024-04-10,42055.15,12.62,42.06,0.00,54.67,42000.48
trade:order:diagnostic_always_buy_holding_exit:v1:000002.SZ:2024-04-10:exit:2024-04-11,order:diagnostic_always_buy_holding_exit:v1:000002.SZ:2024-04-10:exit:2024-04-11,000002.SZ,sell,400,11.87,2024-04-11,4749.71,5.00,4.75,0.00,9.75,4739.96
trade:order:diagnostic_always_buy_holding_exit:v1:000001.SZ:2024-04-10:exit:2024-04-11,order:diagnostic_always_buy_holding_exit:v1:000001.SZ:2024-04-10:exit:2024-04-11,000001.SZ,sell,400,12.06,2024-04-11,4823.95,5.00,4.82,0.00,9.82,4814.13
trade:order:diagnostic_always_buy_holding_exit:v1:000002.SZ:2024-04-11:entry:2024-04-12,order:diagnostic_always_buy_holding_exit:v1:000002.SZ:2024-04-11:entry:2024-04-12,000002.SZ,buy,1800,11.80,2024-04-12,21243.36,6.37,0.00,0.00,6.37,-21249.73
trade:order:diagnostic_always_buy_holding_exit:v1:000002.SZ:2024-04-12:entry:2024-04-15,order:diagnostic_always_buy_holding_exit:v1:000002.SZ:2024-04-12:entry:2024-04-15,000002.SZ,buy,1500,11.84,2024-04-15,17767.11,5.33,0.00,0.00,5.33,-17772.44
trade:order:diagnostic_always_buy_holding_exit:v1:000001.SZ:2024-04-15:entry:2024-04-16,order:diagnostic_always_buy_holding_exit:v1:000001.SZ:2024-04-15:entry:2024-04-16,000001.SZ,buy,1100,12.03,2024-04-16,13237.39,5.00,0.00,0.00,5.00,-13242.39
trade:order:diagnostic_always_buy_holding_exit:v1:000002.SZ:2024-04-15:entry:2024-04-16,order:diagnostic_always_buy_holding_exit:v1:000002.SZ:2024-04-15:entry:2024-04-16,000002.SZ,buy,1200,11.84,2024-04-16,14212.23,5.00,0.00,0.00,5.00,-14217.23
trade:order:diagnostic_always_buy_holding_exit:v1:000001.SZ:2024-04-16:entry:2024-04-17,order:diagnostic_always_buy_holding_exit:v1:000001.SZ:2024-04-16:entry:2024-04-17,000001.SZ,buy,700,12.02,2024-04-17,8415.62,5.00,0.00,0.00,5.00,-8420.62
trade:order:diagnostic_always_buy_holding_exit:v1:000002.SZ:2024-04-16:entry:2024-04-17,order:diagnostic_always_buy_holding_exit:v1:000002.SZ:2024-04-16:entry:2024-04-17,000002.SZ,buy,700,11.85,2024-04-17,8293.71,5.00,0.00,0.00,5.00,-8298.71
trade:order:diagnostic_always_buy_holding_exit:v1:000002.SZ:2024-04-17:exit:2024-04-18,order:diagnostic_always_buy_holding_exit:v1:000002.SZ:2024-04-17:exit:2024-04-18,000002.SZ,sell,4500,11.87,2024-04-18,53402.20,16.02,53.40,0.00,69.42,53332.78
trade:order:diagnostic_always_buy_holding_exit:v1:000002.SZ:2024-04-18:exit:2024-04-19,order:diagnostic_always_buy_holding_exit:v1:000002.SZ:2024-04-18:exit:2024-04-19,000002.SZ,sell,700,11.84,2024-04-19,8286.41,5.00,8.29,0.00,13.29,8273.13
trade:order:diagnostic_always_buy_holding_exit:v1:000001.SZ:2024-04-19:entry:2024-04-22,order:diagnostic_always_buy_holding_exit:v1:000001.SZ:2024-04-19:entry:2024-04-22,000001.SZ,buy,1400,12.02,2024-04-22,16828.83,5.05,0.00,0.00,5.05,-16833.88
trade:order:diagnostic_always_buy_holding_exit:v1:600000.SH:2024-04-22:entry:2024-04-23,order:diagnostic_always_buy_holding_exit:v1:600000.SH:2024-04-22:entry:2024-04-23,600000.SH,buy,1100,12.51,2024-04-23,13759.73,5.00,0.00,0.00,5.00,-13764.73
trade:order:diagnostic_always_buy_holding_exit:v1:000001.SZ:2024-04-22:exit:2024-04-23,order:diagnostic_always_buy_holding_exit:v1:000001.SZ:2024-04-22:exit:2024-04-23,000001.SZ,sell,1800,11.88,2024-04-23,21381.24,6.41,21.38,0.00,27.80,21353.44
trade:order:diagnostic_always_buy_holding_exit:v1:000001.SZ:2024-04-23:exit:2024-04-24,order:diagnostic_always_buy_holding_exit:v1:000001.SZ:2024-04-23:exit:2024-04-24,000001.SZ,sell,1400,11.92,2024-04-24,16681.61,5.00,16.68,0.00,21.69,16659.92
trade:order:diagnostic_always_buy_holding_exit:v1:000001.SZ:2024-04-25:entry:2024-04-26,order:diagnostic_always_buy_holding_exit:v1:000001.SZ:2024-04-25:entry:2024-04-26,000001.SZ,buy,1600,11.84,2024-04-26,18947.84,5.68,0.00,0.00,5.68,-18953.53
trade:order:diagnostic_always_buy_holding_exit:v1:000002.SZ:2024-04-25:entry:2024-04-26,order:diagnostic_always_buy_holding_exit:v1:000002.SZ:2024-04-25:entry:2024-04-26,000002.SZ,buy,1600,11.73,2024-04-26,18767.46,5.63,0.00,0.00,5.63,-18773.09
trade:order:diagnostic_always_buy_holding_exit:v1:000002.SZ:2024-04-26:entry:2024-04-29,order:diagnostic_always_buy_holding_exit:v1:000002.SZ:2024-04-26:entry:2024-04-29,000002.SZ,buy,900,11.79,2024-04-29,10612.21,5.00,0.00,0.00,5.00,-10617.21
trade:order:diagnostic_always_buy_holding_exit:v1:000002.SZ:2024-04-29:entry:2024-04-30,order:diagnostic_always_buy_holding_exit:v1:000002.SZ:2024-04-29:entry:2024-04-30,000002.SZ,buy,800,11.75,2024-04-30,9396.96,5.00,0.00,0.00,5.00,-9401.96
trade:order:diagnostic_always_buy_holding_exit:v1:600000.SH:2024-04-29:exit:2024-04-30,order:diagnostic_always_buy_holding_exit:v1:600000.SH:2024-04-29:exit:2024-04-30,600000.SH,sell,1100,12.33,2024-04-30,13567.28,5.00,13.57,0.00,18.57,13548.72
trade:order:diagnostic_always_buy_holding_exit:v1:000002.SZ:2024-04-30:entry:2024-05-01,order:diagnostic_always_buy_holding_exit:v1:000002.SZ:2024-04-30:entry:2024-05-01,000002.SZ,buy,800,11.94,2024-05-01,9552.04,5.00,0.00,0.00,5.00,-9557.04
trade:order:diagnostic_always_buy_holding_exit:v1:600000.SH:2024-04-30:entry:2024-05-01,order:diagnostic_always_buy_holding_exit:v1:600000.SH:2024-04-30:entry:2024-05-01,600000.SH,buy,800,12.37,2024-05-01,9899.05,5.00,0.00,0.00,5.00,-9904.05
trade:order:diagnostic_always_buy_holding_exit:v1:000002.SZ:2024-05-01:exit:2024-05-02,order:diagnostic_always_buy_holding_exit:v1:000002.SZ:2024-05-01:exit:2024-05-02,000002.SZ,sell,3300,12.13,2024-05-02,40018.97,12.01,40.02,0.00,52.02,39966.94
trade:order:diagnostic_always_buy_holding_exit:v1:600000.SH:2024-05-01:entry:2024-05-02,order:diagnostic_always_buy_holding_exit:v1:600000.SH:2024-05-01:entry:2024-05-02,600000.SH,buy,500,12.47,2024-05-02,6234.66,5.00,0.00,0.00,5.00,-6239.66
trade:order:diagnostic_always_buy_holding_exit:v1:000001.SZ:2024-05-01:exit:2024-05-02,order:diagnostic_always_buy_holding_exit:v1:000001.SZ:2024-05-01:exit:2024-05-02,000001.SZ,sell,1600,11.79,2024-05-02,18868.84,5.66,18.87,0.00,24.53,18844.31
trade:order:diagnostic_always_buy_holding_exit:v1:000002.SZ:2024-05-02:exit:2024-05-03,order:diagnostic_always_buy_holding_exit:v1:000002.SZ:2024-05-02:exit:2024-05-03,000002.SZ,sell,800,11.92,2024-05-03,9532.87,5.00,9.53,0.00,14.53,9518.34
trade:order:diagnostic_always_buy_holding_exit:v1:000002.SZ:2024-05-03:entry:2024-05-06,order:diagnostic_always_buy_holding_exit:v1:000002.SZ:2024-05-03:entry:2024-05-06,000002.SZ,buy,1500,12.04,2024-05-06,18066.34,5.42,0.00,0.00,5.42,-18071.76
trade:order:diagnostic_always_buy_holding_exit:v1:000002.SZ:2024-05-06:entry:2024-05-07,order:diagnostic_always_buy_holding_exit:v1:000002.SZ:2024-05-06:entry:2024-05-07,000002.SZ,buy,1200,11.94,2024-05-07,14323.28,5.00,0.00,0.00,5.00,-14328.28
trade:order:diagnostic_always_buy_holding_exit:v1:600000.SH:2024-05-06:exit:2024-05-07,order:diagnostic_always_buy_holding_exit:v1:600000.SH:2024-05-06:exit:2024-05-07,600000.SH,sell,1300,12.28,2024-05-07,15963.77,5.00,15.96,0.00,20.96,15942.80
trade:order:diagnostic_always_buy_holding_exit:v1:000002.SZ:2024-05-07:entry:2024-05-08,order:diagnostic_always_buy_holding_exit:v1:000002.SZ:2024-05-07:entry:2024-05-08,000002.SZ,buy,1200,12.00,2024-05-08,14396.36,5.00,0.00,0.00,5.00,-14401.36
trade:order:diagnostic_always_buy_holding_exit:v1:000001.SZ:2024-05-08:entry:2024-05-09,order:diagnostic_always_buy_holding_exit:v1:000001.SZ:2024-05-08:entry:2024-05-09,000001.SZ,buy,1000,11.82,2024-05-09,11821.09,5.00,0.00,0.00,5.00,-11826.09
trade:order:diagnostic_always_buy_holding_exit:v1:000002.SZ:2024-05-08:entry:2024-05-09,order:diagnostic_always_buy_holding_exit:v1:000002.SZ:2024-05-08:entry:2024-05-09,000002.SZ,buy,1000,12.20,2024-05-09,12196.93,5.00,0.00,0.00,5.00,-12201.93
trade:order:diagnostic_always_buy_holding_exit:v1:000001.SZ:2024-05-09:entry:2024-05-10,order:diagnostic_always_buy_holding_exit:v1:000001.SZ:2024-05-09:entry:2024-05-10,000001.SZ,buy,600,11.95,2024-05-10,7167.77,5.00,0.00,0.00,5.00,-7172.77
trade:order:diagnostic_always_buy_holding_exit:v1:000002.SZ:2024-05-09:entry:2024-05-10,order:diagnostic_always_buy_holding_exit:v1:000002.SZ:2024-05-09:entry:2024-05-10,000002.SZ,buy,600,12.01,2024-05-10,7207.10,5.00,0.00,0.00,5.00,-7212.10
trade:order:diagnostic_always_buy_holding_exit:v1:000001.SZ:2024-05-10:entry:2024-05-13,order:diagnostic_always_buy_holding_exit:v1:000001.SZ:2024-05-10:entry:2024-05-13,000001.SZ,buy,400,12.01,2024-05-13,4805.65,5.00,0.00,0.00,5.00,-4810.65
trade:order:diagnostic_always_buy_holding_exit:v1:000002.SZ:2024-05-10:entry:2024-05-13,order:diagnostic_always_buy_holding_exit:v1:000002.SZ:2024-05-10:entry:2024-05-13,000002.SZ,buy,400,11.94,2024-05-13,4774.80,5.00,0.00,0.00,5.00,-4779.80
trade:order:diagnostic_always_buy_holding_exit:v1:000001.SZ:2024-05-13:entry:2024-05-14,order:diagnostic_always_buy_holding_exit:v1:000001.SZ:2024-05-13:entry:2024-05-14,000001.SZ,buy,200,11.99,2024-05-14,2398.49,5.00,0.00,0.00,5.00,-2403.49
trade:order:diagnostic_always_buy_holding_exit:v1:000002.SZ:2024-05-13:exit:2024-05-14,order:diagnostic_always_buy_holding_exit:v1:000002.SZ:2024-05-13:exit:2024-05-14,000002.SZ,sell,5500,11.99,2024-05-14,65970.98,19.79,65.97,0.00,85.76,65885.21
trade:order:diagnostic_always_buy_holding_exit:v1:600000.SH:2024-05-14:entry:2024-05-15,order:diagnostic_always_buy_holding_exit:v1:600000.SH:2024-05-14:entry:2024-05-15,600000.SH,buy,1200,12.34,2024-05-15,14811.60,5.00,0.00,0.00,5.00,-14816.60
trade:order:diagnostic_always_buy_holding_exit:v1:000002.SZ:2024-05-14:exit:2024-05-15,order:diagnostic_always_buy_holding_exit:v1:000002.SZ:2024-05-14:exit:2024-05-15,000002.SZ,sell,400,11.98,2024-05-15,4792.96,5.00,4.79,0.00,9.79,4783.17
trade:order:diagnostic_always_buy_holding_exit:v1:000001.SZ:2024-05-14:exit:2024-05-15,order:diagnostic_always_buy_holding_exit:v1:000001.SZ:2024-05-14:exit:2024-05-15,000001.SZ,sell,2000,11.85,2024-05-15,23699.07,7.11,23.70,0.00,30.81,23668.26
trade:order:diagnostic_always_buy_holding_exit:v1:600000.SH:2024-05-15:entry:2024-05-16,order:diagnostic_always_buy_holding_exit:v1:600000.SH:2024-05-15:entry:2024-05-16,600000.SH,buy,1500,12.44,2024-05-16,18661.13,5.60,0.00,0.00,5.60,-18666.72
trade:order:diagnostic_always_buy_holding_exit:v1:000001.SZ:2024-05-15:exit:2024-05-16,order:diagnostic_always_buy_holding_exit:v1:000001.SZ:2024-05-15:exit:2024-05-16,000001.SZ,sell,200,11.77,2024-05-16,2353.58,5.00,2.35,0.00,7.35,2346.22
trade:order:diagnostic_always_buy_holding_exit:v1:600000.SH:2024-05-16:entry:2024-05-17,order:diagnostic_always_buy_holding_exit:v1:600000.SH:2024-05-16:entry:2024-05-17,600000.SH,buy,1200,12.44,2024-05-17,14925.71,5.00,0.00,0.00,5.00,-14930.71
trade:order:diagnostic_always_buy_holding_exit:v1:000001.SZ:2024-05-17:entry:2024-05-20,order:diagnostic_always_buy_holding_exit:v1:000001.SZ:2024-05-17:entry:2024-05-20,000001.SZ,buy,1000,11.89,2024-05-20,11886.58,5.00,0.00,0.00,5.00,-11891.58
trade:order:diagnostic_always_buy_holding_exit:v1:000002.SZ:2024-05-17:entry:2024-05-20,order:diagnostic_always_buy_holding_exit:v1:000002.SZ:2024-05-17:entry:2024-05-20,000002.SZ,buy,1000,11.99,2024-05-20,11992.88,5.00,0.00,0.00,5.00,-11997.88
trade:order:diagnostic_always_buy_holding_exit:v1:600000.SH:2024-05-17:entry:2024-05-20,order:diagnostic_always_buy_holding_exit:v1:600000.SH:2024-05-17:entry:2024-05-20,600000.SH,buy,900,12.27,2024-05-20,11038.55,5.00,0.00,0.00,5.00,-11043.55
trade:order:diagnostic_always_buy_holding_exit:v1:000002.SZ:2024-05-20:entry:2024-05-21,order:diagnostic_always_buy_holding_exit:v1:000002.SZ:2024-05-20:entry:2024-05-21,000002.SZ,buy,400,12.19,2024-05-21,4875.36,5.00,0.00,0.00,5.00,-4880.36
trade:order:diagnostic_always_buy_holding_exit:v1:600000.SH:2024-05-20:exit:2024-05-21,order:diagnostic_always_buy_holding_exit:v1:600000.SH:2024-05-20:exit:2024-05-21,600000.SH,sell,3900,12.45,2024-05-21,48563.14,14.57,48.56,0.00,63.13,48500.01
trade:order:diagnostic_always_buy_holding_exit:v1:000001.SZ:2024-05-21:entry:2024-05-22,order:diagnostic_always_buy_holding_exit:v1:000001.SZ:2024-05-21:entry:2024-05-22,000001.SZ,buy,1100,11.91,2024-05-22,13105.89,5.00,0.00,0.00,5.00,-13110.89
trade:order:diagnostic_always_buy_holding_exit:v1:000002.SZ:2024-05-21:entry:2024-05-22,order:diagnostic_always_buy_holding_exit:v1:000002.SZ:2024-05-21:entry:2024-05-22,000002.SZ,buy,1100,12.06,2024-05-22,13266.32,5.00,0.00,0.00,5.00,-13271.32
trade:order:diagnostic_always_buy_holding_exit:v1:600000.SH:2024-05-21:exit:2024-05-22,order:diagnostic_always_buy_holding_exit:v1:600000.SH:2024-05-21:exit:2024-05-22,600000.SH,sell,900,12.34,2024-05-22,11102.16,5.00,11.10,0.00,16.10,11086.06
trade:order:diagnostic_always_buy_holding_exit:v1:000001.SZ:2024-05-22:entry:2024-05-23,order:diagnostic_always_buy_holding_exit:v1:000001.SZ:2024-05-22:entry:2024-05-23,000001.SZ,buy,900,12.05,2024-05-23,10848.36,5.00,0.00,0.00,5.00,-10853.36
trade:order:diagnostic_always_buy_holding_exit:v1:600000.SH:2024-05-22:entry:2024-05-23,order:diagnostic_always_buy_holding_exit:v1:600000.SH:2024-05-22:entry:2024-05-23,600000.SH,buy,800,12.36,2024-05-23,9890.96,5.00,0.00,0.00,5.00,-9895.96
trade:order:diagnostic_always_buy_holding_exit:v1:000001.SZ:2024-05-23:entry:2024-05-24,order:diagnostic_always_buy_holding_exit:v1:000001.SZ:2024-05-23:entry:2024-05-24,000001.SZ,buy,500,11.94,2024-05-24,5967.64,5.00,0.00,0.00,5.00,-5972.64
trade:order:diagnostic_always_buy_holding_exit:v1:600000.SH:2024-05-23:entry:2024-05-24,order:diagnostic_always_buy_holding_exit:v1:600000.SH:2024-05-23:entry:2024-05-24,600000.SH,buy,500,12.33,2024-05-24,6166.74,5.00,0.00,0.00,5.00,-6171.74
trade:order:diagnostic_always_buy_holding_exit:v1:000001.SZ:2024-05-24:entry:2024-05-27,order:diagnostic_always_buy_holding_exit:v1:000001.SZ:2024-05-24:entry:2024-05-27,000001.SZ,buy,300,12.12,2024-05-27,3636.33,5.00,0.00,0.00,5.00,-3641.33
trade:order:diagnostic_always_buy_holding_exit:v1:600000.SH:2024-05-24:entry:2024-05-27,order:diagnostic_always_buy_holding_exit:v1:600000.SH:2024-05-24:entry:2024-05-27,600000.SH,buy,300,12.48,2024-05-27,3744.73,5.00,0.00,0.00,5.00,-3749.73
trade:order:diagnostic_always_buy_holding_exit:v1:000001.SZ:2024-05-27:exit:2024-05-28,order:diagnostic_always_buy_holding_exit:v1:000001.SZ:2024-05-27:exit:2024-05-28,000001.SZ,sell,3500,11.94,2024-05-28,41798.77,12.54,41.80,0.00,54.34,41744.43
trade:order:diagnostic_always_buy_holding_exit:v1:600000.SH:2024-05-27:entry:2024-05-28,order:diagnostic_always_buy_holding_exit:v1:600000.SH:2024-05-27:entry:2024-05-28,600000.SH,buy,200,12.52,2024-05-28,2503.60,5.00,0.00,0.00,5.00,-2508.60
trade:order:diagnostic_always_buy_holding_exit:v1:000002.SZ:2024-05-27:exit:2024-05-28,order:diagnostic_always_buy_holding_exit:v1:000002.SZ:2024-05-27:exit:2024-05-28,000002.SZ,sell,2500,12.00,2024-05-28,30007.31,9.00,30.01,0.00,39.01,29968.30
trade:order:diagnostic_always_buy_holding_exit:v1:000001.SZ:2024-05-28:exit:2024-05-29,order:diagnostic_always_buy_holding_exit:v1:000001.SZ:2024-05-28:exit:2024-05-29,000001.SZ,sell,300,12.02,2024-05-29,3606.07,5.00,3.61,0.00,8.61,3597.47
trade:order:diagnostic_always_buy_holding_exit:v1:000002.SZ:2024-05-28:entry:2024-05-29,order:diagnostic_always_buy_holding_exit:v1:000002.SZ:2024-05-28:entry:2024-05-29,000002.SZ,buy,1300,12.07,2024-05-29,15692.54,5.00,0.00,0.00,5.00,-15697.54
trade:order:diagnostic_always_buy_holding_exit:v1:600000.SH:2024-05-28:exit:2024-05-29,order:diagnostic_always_buy_holding_exit:v1:600000.SH:2024-05-28:exit:2024-05-29,600000.SH,sell,1600,12.41,2024-05-29,19862.96,5.96,19.86,0.00,25.82,19837.14
trade:order:diagnostic_always_buy_holding_exit:v1:000001.SZ:2024-05-29:entry:2024-05-30,order:diagnostic_always_buy_holding_exit:v1:000001.SZ:2024-05-29:entry:2024-05-30,000001.SZ,buy,1500,12.13,2024-05-30,18197.31,5.46,0.00,0.00,5.46,-18202.77
trade:order:diagnostic_always_buy_holding_exit:v1:600000.SH:2024-05-29:exit:2024-05-30,order:diagnostic_always_buy_holding_exit:v1:600000.SH:2024-05-29:exit:2024-05-30,600000.SH,sell,200,12.48,2024-05-30,2495.94,5.00,2.50,0.00,7.50,2488.44
trade:order:diagnostic_always_buy_holding_exit:v1:000001.SZ:2024-05-30:entry:2024-05-31,order:diagnostic_always_buy_holding_exit:v1:000001.SZ:2024-05-30:entry:2024-05-31,000001.SZ,buy,1200,12.05,2024-05-31,14457.57,5.00,0.00,0.00,5.00,-14462.57
trade:order:diagnostic_always_buy_holding_exit:v1:000002.SZ:2024-05-30:entry:2024-05-31,order:diagnostic_always_buy_holding_exit:v1:000002.SZ:2024-05-30:entry:2024-05-31,000002.SZ,buy,1200,12.11,2024-05-31,14531.97,5.00,0.00,0.00,5.00,-14536.97
trade:order:diagnostic_always_buy_holding_exit:v1:600000.SH:2024-05-30:entry:2024-05-31,order:diagnostic_always_buy_holding_exit:v1:600000.SH:2024-05-30:entry:2024-05-31,600000.SH,buy,1200,12.56,2024-05-31,15073.56,5.00,0.00,0.00,5.00,-15078.56
trade:order:diagnostic_always_buy_holding_exit:v1:000001.SZ:2024-05-31:entry:2024-06-03,order:diagnostic_always_buy_holding_exit:v1:000001.SZ:2024-05-31:entry:2024-06-03,000001.SZ,buy,500,11.94,2024-06-03,5969.39,5.00,0.00,0.00,5.00,-5974.39
trade:order:diagnostic_always_buy_holding_exit:v1:000002.SZ:2024-05-31:entry:2024-06-03,order:diagnostic_always_buy_holding_exit:v1:000002.SZ:2024-05-31:entry:2024-06-03,000002.SZ,buy,500,12.23,2024-06-03,6114.33,5.00,0.00,0.00,5.00,-6119.33
trade:order:diagnostic_always_buy_holding_exit:v1:600000.SH:2024-05-31:entry:2024-06-03,order:diagnostic_always_buy_holding_exit:v1:600000.SH:2024-05-31:entry:2024-06-03,600000.SH,buy,500,12.36,2024-06-03,6177.82,5.00,0.00,0.00,5.00,-6182.82
trade:order:diagnostic_always_buy_holding_exit:v1:000002.SZ:2024-06-03:exit:2024-06-04,order:diagnostic_always_buy_holding_exit:v1:000002.SZ:2024-06-03:exit:2024-06-04,000002.SZ,sell,2500,11.96,2024-06-04,29909.55,8.97,29.91,0.00,38.88,29870.67
trade:order:diagnostic_always_buy_holding_exit:v1:600000.SH:2024-06-03:entry:2024-06-04,order:diagnostic_always_buy_holding_exit:v1:600000.SH:2024-06-03:entry:2024-06-04,600000.SH,buy,200,12.44,2024-06-04,2487.08,5.00,0.00,0.00,5.00,-2492.08
trade:order:diagnostic_always_buy_holding_exit:v1:000002.SZ:2024-06-04:exit:2024-06-05,order:diagnostic_always_buy_holding_exit:v1:000002.SZ:2024-06-04:exit:2024-06-05,000002.SZ,sell,500,12.04,2024-06-05,6018.49,5.00,6.02,0.00,11.02,6007.48
trade:order:diagnostic_always_buy_holding_exit:v1:600000.SH:2024-06-04:entry:2024-06-05,order:diagnostic_always_buy_holding_exit:v1:600000.SH:2024-06-04:entry:2024-06-05,600000.SH,buy,600,12.55,2024-06-05,7532.86,5.00,0.00,0.00,5.00,-7537.86
trade:order:diagnostic_always_buy_holding_exit:v1:000001.SZ:2024-06-04:exit:2024-06-05,order:diagnostic_always_buy_holding_exit:v1:000001.SZ:2024-06-04:exit:2024-06-05,000001.SZ,sell,3200,12.10,2024-06-05,38730.03,11.62,38.73,0.00,50.35,38679.68
trade:order:diagnostic_always_buy_holding_exit:v1:000001.SZ:2024-06-05:entry:2024-06-06,order:diagnostic_always_buy_holding_exit:v1:000001.SZ:2024-06-05:entry:2024-06-06,000001.SZ,buy,1200,12.22,2024-06-06,14663.22,5.00,0.00,0.00,5.00,-14668.22
trade:order:diagnostic_always_buy_holding_exit:v1:000002.SZ:2024-06-05:entry:2024-06-06,order:diagnostic_always_buy_holding_exit:v1:000002.SZ:2024-06-05:entry:2024-06-06,000002.SZ,buy,1200,12.21,2024-06-06,14652.77,5.00,0.00,0.00,5.00,-14657.77
trade:order:diagnostic_always_buy_holding_exit:v1:600000.SH:2024-06-05:exit:2024-06-06,order:diagnostic_always_buy_holding_exit:v1:600000.SH:2024-06-05:exit:2024-06-06,600000.SH,sell,1900,12.45,2024-06-06,23663.51,7.10,23.66,0.00,30.76,23632.75
trade:order:diagnostic_always_buy_holding_exit:v1:000001.SZ:2024-06-06:entry:2024-06-07,order:diagnostic_always_buy_holding_exit:v1:000001.SZ:2024-06-06:entry:2024-06-07,000001.SZ,buy,1100,12.28,2024-06-07,13509.00,5.00,0.00,0.00,5.00,-13514.00
trade:order:diagnostic_always_buy_holding_exit:v1:000002.SZ:2024-06-06:entry:2024-06-07,order:diagnostic_always_buy_holding_exit:v1:000002.SZ:2024-06-06:entry:2024-06-07,000002.SZ,buy,1100,12.15,2024-06-07,13360.72,5.00,0.00,0.00,5.00,-13365.72
trade:order:diagnostic_always_buy_holding_exit:v1:600000.SH:2024-06-06:exit:2024-06-07,order:diagnostic_always_buy_holding_exit:v1:600000.SH:2024-06-06:exit:2024-06-07,600000.SH,sell,600,12.54,2024-06-07,7523.58,5.00,7.52,0.00,12.52,7511.05
trade:order:diagnostic_always_buy_holding_exit:v1:000001.SZ:2024-06-07:entry:2024-06-10,order:diagnostic_always_buy_holding_exit:v1:000001.SZ:2024-06-07:entry:2024-06-10,000001.SZ,buy,800,12.28,2024-06-10,9823.34,5.00,0.00,0.00,5.00,-9828.34
trade:order:diagnostic_always_buy_holding_exit:v1:600000.SH:2024-06-07:entry:2024-06-10,order:diagnostic_always_buy_holding_exit:v1:600000.SH:2024-06-07:entry:2024-06-10,600000.SH,buy,800,12.40,2024-06-10,9922.84,5.00,0.00,0.00,5.00,-9927.84
trade:order:diagnostic_always_buy_holding_exit:v1:000001.SZ:2024-06-10:entry:2024-06-11,order:diagnostic_always_buy_holding_exit:v1:000001.SZ:2024-06-10:entry:2024-06-11,000001.SZ,buy,500,12.22,2024-06-11,6110.38,5.00,0.00,0.00,5.00,-6115.38
trade:order:diagnostic_always_buy_holding_exit:v1:000002.SZ:2024-06-10:entry:2024-06-11,order:diagnostic_always_buy_holding_exit:v1:000002.SZ:2024-06-10:entry:2024-06-11,000002.SZ,buy,500,12.02,2024-06-11,6009.41,5.00,0.00,0.00,5.00,-6014.41
trade:order:diagnostic_always_buy_holding_exit:v1:000001.SZ:2024-06-11:exit:2024-06-12,order:diagnostic_always_buy_holding_exit:v1:000001.SZ:2024-06-11:exit:2024-06-12,000001.SZ,sell,3100,12.29,2024-06-12,38113.30,11.43,38.11,0.00,49.55,38063.75
trade:order:diagnostic_always_buy_holding_exit:v1:600000.SH:2024-06-11:entry:2024-06-12,order:diagnostic_always_buy_holding_exit:v1:600000.SH:2024-06-11:entry:2024-06-12,600000.SH,buy,300,12.60,2024-06-12,3780.77,5.00,0.00,0.00,5.00,-3785.77
trade:order:diagnostic_always_buy_holding_exit:v1:000002.SZ:2024-06-11:exit:2024-06-12,order:diagnostic_always_buy_holding_exit:v1:000002.SZ:2024-06-11:exit:2024-06-12,000002.SZ,sell,2300,12.16,2024-06-12,27957.80,8.39,27.96,0.00,36.35,27921.45
trade:order:diagnostic_always_buy_holding_exit:v1:000001.SZ:2024-06-12:exit:2024-06-13,order:diagnostic_always_buy_holding_exit:v1:000001.SZ:2024-06-12:exit:2024-06-13,000001.SZ,sell,500,12.21,2024-06-13,6103.89,5.00,6.10,0.00,11.10,6092.79
trade:order:diagnostic_always_buy_holding_exit:v1:600000.SH:2024-06-12:entry:2024-06-13,order:diagnostic_always_buy_holding_exit:v1:600000.SH:2024-06-12:entry:2024-06-13,600000.SH,buy,1300,12.47,2024-06-13,16212.36,5.00,0.00,0.00,5.00,-16217.36
trade:order:diagnostic_always_buy_holding_exit:v1:000002.SZ:2024-06-12:exit:2024-06-13,order:diagnostic_always_buy_holding_exit:v1:000002.SZ:2024-06-12:exit:2024-06-13,000002.SZ,sell,500,12.27,2024-06-13,6137.18,5.00,6.14,0.00,11.14,6126.04
trade:order:diagnostic_always_buy_holding_exit:v1:000001.SZ:2024-06-13:entry:2024-06-14,order:diagnostic_always_buy_holding_exit:v1:000001.SZ:2024-06-13:entry:2024-06-14,000001.SZ,buy,1200,12.39,2024-06-14,14862.85,5.00,0.00,0.00,5.00,-14867.85
trade:order:diagnostic_always_buy_holding_exit:v1:000002.SZ:2024-06-13:entry:2024-06-14,order:diagnostic_always_buy_holding_exit:v1:000002.SZ:2024-06-13:entry:2024-06-14,000002.SZ,buy,1200,12.13,2024-06-14,14554.59,5.00,0.00,0.00,5.00,-14559.59
trade:order:diagnostic_always_buy_holding_exit:v1:600000.SH:2024-06-13:entry:2024-06-14,order:diagnostic_always_buy_holding_exit:v1:600000.SH:2024-06-13:entry:2024-06-14,600000.SH,buy,1200,12.62,2024-06-14,15143.54,5.00,0.00,0.00,5.00,-15148.54
trade:order:diagnostic_always_buy_holding_exit:v1:000001.SZ:2024-06-14:entry:2024-06-17,order:diagnostic_always_buy_holding_exit:v1:000001.SZ:2024-06-14:entry:2024-06-17,000001.SZ,buy,500,12.49,2024-06-17,6244.92,5.00,0.00,0.00,5.00,-6249.92
trade:order:diagnostic_always_buy_holding_exit:v1:600000.SH:2024-06-14:entry:2024-06-17,order:diagnostic_always_buy_holding_exit:v1:600000.SH:2024-06-14:entry:2024-06-17,600000.SH,buy,500,12.43,2024-06-17,6214.70,5.00,0.00,0.00,5.00,-6219.70
trade:order:diagnostic_always_buy_holding_exit:v1:000001.SZ:2024-06-17:entry:2024-06-18,order:diagnostic_always_buy_holding_exit:v1:000001.SZ:2024-06-17:entry:2024-06-18,000001.SZ,buy,300,12.35,2024-06-18,3704.05,5.00,0.00,0.00,5.00,-3709.05
trade:order:diagnostic_always_buy_holding_exit:v1:600000.SH:2024-06-17:exit:2024-06-18,order:diagnostic_always_buy_holding_exit:v1:600000.SH:2024-06-17:exit:2024-06-18,600000.SH,sell,3600,12.41,2024-06-18,44679.11,13.40,44.68,0.00,58.08,44621.02
trade:order:diagnostic_always_buy_holding_exit:v1:600000.SH:2024-06-18:exit:2024-06-19,order:diagnostic_always_buy_holding_exit:v1:600000.SH:2024-06-18:exit:2024-06-19,600000.SH,sell,500,12.39,2024-06-19,6192.55,5.00,6.19,0.00,11.19,6181.36
trade:order:diagnostic_always_buy_holding_exit:v1:000001.SZ:2024-06-19:exit:2024-06-20,order:diagnostic_always_buy_holding_exit:v1:000001.SZ:2024-06-19:exit:2024-06-20,000001.SZ,sell,2000,12.30,2024-06-20,24593.69,7.38,24.59,0.00,31.97,24561.72
trade:order:diagnostic_always_buy_holding_exit:v1:000002.SZ:2024-06-19:exit:2024-06-20,order:diagnostic_always_buy_holding_exit:v1:000002.SZ:2024-06-19:exit:2024-06-20,000002.SZ,sell,1200,12.06,2024-06-20,14476.81,5.00,14.48,0.00,19.48,14457.33
trade:order:diagnostic_always_buy_holding_exit:v1:000002.SZ:2024-06-21:entry:2024-06-24,order:diagnostic_always_buy_holding_exit:v1:000002.SZ:2024-06-21:entry:2024-06-24,000002.SZ,buy,1700,12.08,2024-06-24,20544.23,6.16,0.00,0.00,6.16,-20550.39
trade:order:diagnostic_always_buy_holding_exit:v1:000001.SZ:2024-06-26:entry:2024-06-27,order:diagnostic_always_buy_holding_exit:v1:000001.SZ:2024-06-26:entry:2024-06-27,000001.SZ,buy,1400,12.35,2024-06-27,17295.18,5.19,0.00,0.00,5.19,-17300.37
trade:order:diagnostic_always_buy_holding_exit:v1:600000.SH:2024-06-26:entry:2024-06-27,order:diagnostic_always_buy_holding_exit:v1:600000.SH:2024-06-26:entry:2024-06-27,600000.SH,buy,1400,12.47,2024-06-27,17461.99,5.24,0.00,0.00,5.24,-17467.23
trade:order:diagnostic_always_buy_holding_exit:v1:000001.SZ:2024-06-27:entry:2024-06-28,order:diagnostic_always_buy_holding_exit:v1:000001.SZ:2024-06-27:entry:2024-06-28,000001.SZ,buy,800,12.38,2024-06-28,9907.81,5.00,0.00,0.00,5.00,-9912.81
trade:order:diagnostic_always_buy_holding_exit:v1:600000.SH:2024-06-27:entry:2024-06-28,order:diagnostic_always_buy_holding_exit:v1:600000.SH:2024-06-27:entry:2024-06-28,600000.SH,buy,800,12.50,2024-06-28,9996.69,5.00,0.00,0.00,5.00,-10001.69
trade:order:diagnostic_always_buy_holding_exit:v1:000001.SZ:2024-06-28:entry:2024-07-01,order:diagnostic_always_buy_holding_exit:v1:000001.SZ:2024-06-28:entry:2024-07-01,000001.SZ,buy,500,12.25,2024-07-01,6122.83,5.00,0.00,0.00,5.00,-6127.83
trade:order:diagnostic_always_buy_holding_exit:v1:000001.SZ:2024-07-01:entry:2024-07-02,order:diagnostic_always_buy_holding_exit:v1:000001.SZ:2024-07-01:entry:2024-07-02,000001.SZ,buy,400,12.39,2024-07-02,4955.86,5.00,0.00,0.00,5.00,-4960.86
trade:order:diagnostic_always_buy_holding_exit:v1:000002.SZ:2024-07-01:exit:2024-07-02,order:diagnostic_always_buy_holding_exit:v1:000002.SZ:2024-07-01:exit:2024-07-02,000002.SZ,sell,1700,11.80,2024-07-02,20064.28,6.02,20.06,0.00,26.08,20038.20
trade:order:diagnostic_always_buy_holding_exit:v1:000001.SZ:2024-07-02:exit:2024-07-03,order:diagnostic_always_buy_holding_exit:v1:000001.SZ:2024-07-02:exit:2024-07-03,000001.SZ,sell,2700,12.43,2024-07-03,33549.43,10.06,33.55,0.00,43.61,33505.81
trade:order:diagnostic_always_buy_holding_exit:v1:600000.SH:2024-07-02:exit:2024-07-03,order:diagnostic_always_buy_holding_exit:v1:600000.SH:2024-07-02:exit:2024-07-03,600000.SH,sell,2200,12.34,2024-07-03,27155.44,8.15,27.16,0.00,35.30,27120.14
trade:order:diagnostic_always_buy_holding_exit:v1:000001.SZ:2024-07-03:exit:2024-07-04,order:diagnostic_always_buy_holding_exit:v1:000001.SZ:2024-07-03:exit:2024-07-04,000001.SZ,sell,400,12.19,2024-07-04,4877.26,5.00,4.88,0.00,9.88,4867.39
trade:order:diagnostic_always_buy_holding_exit:v1:000001.SZ:2024-07-05:entry:2024-07-08,order:diagnostic_always_buy_holding_exit:v1:000001.SZ:2024-07-05:entry:2024-07-08,000001.SZ,buy,1700,12.39,2024-07-08,21057.81,6.32,0.00,0.00,6.32,-21064.13
trade:order:diagnostic_always_buy_holding_exit:v1:000001.SZ:2024-07-08:entry:2024-07-09,order:diagnostic_always_buy_holding_exit:v1:000001.SZ:2024-07-08:entry:2024-07-09,000001.SZ,buy,1300,12.44,2024-07-09,16168.53,5.00,0.00,0.00,5.00,-16173.53
trade:order:diagnostic_always_buy_holding_exit:v1:600000.SH:2024-07-08:entry:2024-07-09,order:diagnostic_always_buy_holding_exit:v1:600000.SH:2024-07-08:entry:2024-07-09,600000.SH,buy,1300,12.35,2024-07-09,16056.43,5.00,0.00,0.00,5.00,-16061.43
trade:order:diagnostic_always_buy_holding_exit:v1:000001.SZ:2024-07-09:entry:2024-07-10,order:diagnostic_always_buy_holding_exit:v1:000001.SZ:2024-07-09:entry:2024-07-10,000001.SZ,buy,800,12.33,2024-07-10,9867.42,5.00,0.00,0.00,5.00,-9872.42
trade:order:diagnostic_always_buy_holding_exit:v1:000002.SZ:2024-07-09:entry:2024-07-10,order:diagnostic_always_buy_holding_exit:v1:000002.SZ:2024-07-09:entry:2024-07-10,000002.SZ,buy,900,12.05,2024-07-10,10844.16,5.00,0.00,0.00,5.00,-10849.16
trade:order:diagnostic_always_buy_holding_exit:v1:000002.SZ:2024-07-10:entry:2024-07-11,order:diagnostic_always_buy_holding_exit:v1:000002.SZ:2024-07-10:entry:2024-07-11,000002.SZ,buy,500,11.95,2024-07-11,5974.18,5.00,0.00,0.00,5.00,-5979.18
trade:order:diagnostic_always_buy_holding_exit:v1:000001.SZ:2024-07-11:entry:2024-07-12,order:diagnostic_always_buy_holding_exit:v1:000001.SZ:2024-07-11:entry:2024-07-12,000001.SZ,buy,400,12.50,2024-07-12,5001.99,5.00,0.00,0.00,5.00,-5006.99
trade:order:diagnostic_always_buy_holding_exit:v1:000001.SZ:2024-07-12:entry:2024-07-15,order:diagnostic_always_buy_holding_exit:v1:000001.SZ:2024-07-12:entry:2024-07-15,000001.SZ,buy,300,12.58,2024-07-15,3772.82,5.00,0.00,0.00,5.00,-3777.82
trade:order:diagnostic_always_buy_holding_exit:v1:000001.SZ:2024-07-15:exit:2024-07-16,order:diagnostic_always_buy_holding_exit:v1:000001.SZ:2024-07-15:exit:2024-07-16,000001.SZ,sell,4200,12.35,2024-07-16,51881.58,15.56,51.88,0.00,67.45,51814.13
trade:order:diagnostic_always_buy_holding_exit:v1:600000.SH:2024-07-15:exit:2024-07-16,order:diagnostic_always_buy_holding_exit:v1:600000.SH:2024-07-15:exit:2024-07-16,600000.SH,sell,1300,12.24,2024-07-16,15907.62,5.00,15.91,0.00,20.91,15886.72
trade:order:diagnostic_always_buy_holding_exit:v1:000002.SZ:2024-07-15:exit:2024-07-16,order:diagnostic_always_buy_holding_exit:v1:000002.SZ:2024-07-15:exit:2024-07-16,000002.SZ,sell,1400,11.98,2024-07-16,16774.34,5.03,16.77,0.00,21.81,16752.53
trade:order:diagnostic_always_buy_holding_exit:v1:000002.SZ:2024-07-16:entry:2024-07-17,order:diagnostic_always_buy_holding_exit:v1:000002.SZ:2024-07-16:entry:2024-07-17,000002.SZ,buy,1700,11.90,2024-07-17,20225.22,6.07,0.00,0.00,6.07,-20231.28
trade:order:diagnostic_always_buy_holding_exit:v1:000001.SZ:2024-07-16:exit:2024-07-17,order:diagnostic_always_buy_holding_exit:v1:000001.SZ:2024-07-16:exit:2024-07-17,000001.SZ,sell,300,12.40,2024-07-17,3719.10,5.00,3.72,0.00,8.72,3710.38
trade:order:diagnostic_always_buy_holding_exit:v1:000002.SZ:2024-07-17:entry:2024-07-18,order:diagnostic_always_buy_holding_exit:v1:000002.SZ:2024-07-17:entry:2024-07-18,000002.SZ,buy,1400,12.03,2024-07-18,16839.58,5.05,0.00,0.00,5.05,-16844.64
trade:order:diagnostic_always_buy_holding_exit:v1:000002.SZ:2024-07-18:entry:2024-07-19,order:diagnostic_always_buy_holding_exit:v1:000002.SZ:2024-07-18:entry:2024-07-19,000002.SZ,buy,1100,12.10,2024-07-19,13308.81,5.00,0.00,0.00,5.00,-13313.81
trade:order:diagnostic_always_buy_holding_exit:v1:000002.SZ:2024-07-19:entry:2024-07-22,order:diagnostic_always_buy_holding_exit:v1:000002.SZ:2024-07-19:entry:2024-07-22,000002.SZ,buy,900,11.97,2024-07-22,10774.91,5.00,0.00,0.00,5.00,-10779.91
trade:order:diagnostic_always_buy_holding_exit:v1:000002.SZ:2024-07-22:exit:2024-07-23,order:diagnostic_always_buy_holding_exit:v1:000002.SZ:2024-07-22:exit:2024-07-23,000002.SZ,sell,4200,11.92,2024-07-23,50046.41,15.01,50.05,0.00,65.06,49981.35
trade:order:diagnostic_always_buy_holding_exit:v1:000001.SZ:2024-07-23:entry:2024-07-24,order:diagnostic_always_buy_holding_exit:v1:000001.SZ:2024-07-23:entry:2024-07-24,000001.SZ,buy,1500,12.35,2024-07-24,18523.69,5.56,0.00,0.00,5.56,-18529.24
trade:order:diagnostic_always_buy_holding_exit:v1:000002.SZ:2024-07-23:exit:2024-07-24,order:diagnostic_always_buy_holding_exit:v1:000002.SZ:2024-07-23:exit:2024-07-24,000002.SZ,sell,900,11.99,2024-07-24,10787.62,5.00,10.79,0.00,15.79,10771.83
trade:order:diagnostic_always_buy_holding_exit:v1:000002.SZ:2024-07-24:entry:2024-07-25,order:diagnostic_always_buy_holding_exit:v1:000002.SZ:2024-07-24:entry:2024-07-25,000002.SZ,buy,1400,12.07,2024-07-25,16898.12,5.07,0.00,0.00,5.07,-16903.19
trade:order:diagnostic_always_buy_holding_exit:v1:000002.SZ:2024-07-25:entry:2024-07-26,order:diagnostic_always_buy_holding_exit:v1:000002.SZ:2024-07-25:entry:2024-07-26,000002.SZ,buy,1100,12.04,2024-07-26,13243.65,5.00,0.00,0.00,5.00,-13248.65
trade:order:diagnostic_always_buy_holding_exit:v1:000002.SZ:2024-07-26:entry:2024-07-29,order:diagnostic_always_buy_holding_exit:v1:000002.SZ:2024-07-26:entry:2024-07-29,000002.SZ,buy,900,11.99,2024-07-29,10792.36,5.00,0.00,0.00,5.00,-10797.36
trade:order:diagnostic_always_buy_holding_exit:v1:000001.SZ:2024-07-29:exit:2024-07-30,order:diagnostic_always_buy_holding_exit:v1:000001.SZ:2024-07-29:exit:2024-07-30,000001.SZ,sell,1500,12.92,2024-07-30,19372.60,5.81,19.37,0.00,25.18,19347.42
trade:order:diagnostic_always_buy_holding_exit:v1:000001.SZ:2024-07-30:entry:2024-07-31,order:diagnostic_always_buy_holding_exit:v1:000001.SZ:2024-07-30:entry:2024-07-31,000001.SZ,buy,1000,12.28,2024-07-31,12280.52,5.00,0.00,0.00,5.00,-12285.52
trade:order:diagnostic_always_buy_holding_exit:v1:000002.SZ:2024-07-30:exit:2024-07-31,order:diagnostic_always_buy_holding_exit:v1:000002.SZ:2024-07-30:exit:2024-07-31,000002.SZ,sell,3400,12.06,2024-07-31,40990.17,12.30,40.99,0.00,53.29,40936.88
trade:order:diagnostic_always_buy_holding_exit:v1:600000.SH:2024-07-30:entry:2024-07-31,order:diagnostic_always_buy_holding_exit:v1:600000.SH:2024-07-30:entry:2024-07-31,600000.SH,buy,1000,12.07,2024-07-31,12065.97,5.00,0.00,0.00,5.00,-12070.97
trade:order:diagnostic_always_buy_holding_exit:v1:000001.SZ:2024-08-05:exit:2024-08-06,order:diagnostic_always_buy_holding_exit:v1:000001.SZ:2024-08-05:exit:2024-08-06,000001.SZ,sell,1000,12.39,2024-08-06,12386.07,5.00,12.39,0.00,17.39,12368.68
trade:order:diagnostic_always_buy_holding_exit:v1:600000.SH:2024-08-05:exit:2024-08-06,order:diagnostic_always_buy_holding_exit:v1:600000.SH:2024-08-05:exit:2024-08-06,600000.SH,sell,1000,11.88,2024-08-06,11875.08,5.00,11.88,0.00,16.88,11858.21
trade:order:diagnostic_always_buy_holding_exit:v1:000001.SZ:2024-08-06:entry:2024-08-07,order:diagnostic_always_buy_holding_exit:v1:000001.SZ:2024-08-06:entry:2024-08-07,000001.SZ,buy,1700,12.43,2024-08-07,21133.42,6.34,0.00,0.00,6.34,-21139.76
trade:order:diagnostic_always_buy_holding_exit:v1:000001.SZ:2024-08-07:entry:2024-08-08,order:diagnostic_always_buy_holding_exit:v1:000001.SZ:2024-08-07:entry:2024-08-08,000001.SZ,buy,1300,12.53,2024-08-08,16293.09,5.00,0.00,0.00,5.00,-16298.09
trade:order:diagnostic_always_buy_holding_exit:v1:000001.SZ:2024-08-08:entry:2024-08-09,order:diagnostic_always_buy_holding_exit:v1:000001.SZ:2024-08-08:entry:2024-08-09,000001.SZ,buy,1100,12.48,2024-08-09,13729.44,5.00,0.00,0.00,5.00,-13734.44
trade:order:diagnostic_always_buy_holding_exit:v1:000002.SZ:2024-08-08:entry:2024-08-09,order:diagnostic_always_buy_holding_exit:v1:000002.SZ:2024-08-08:entry:2024-08-09,000002.SZ,buy,1100,11.91,2024-08-09,13098.22,5.00,0.00,0.00,5.00,-13103.22
trade:order:diagnostic_always_buy_holding_exit:v1:000001.SZ:2024-08-09:entry:2024-08-12,order:diagnostic_always_buy_holding_exit:v1:000001.SZ:2024-08-09:entry:2024-08-12,000001.SZ,buy,600,12.51,2024-08-12,7503.53,5.00,0.00,0.00,5.00,-7508.53
trade:order:diagnostic_always_buy_holding_exit:v1:000002.SZ:2024-08-09:entry:2024-08-12,order:diagnostic_always_buy_holding_exit:v1:000002.SZ:2024-08-09:entry:2024-08-12,000002.SZ,buy,700,11.95,2024-08-12,8362.55,5.00,0.00,0.00,5.00,-8367.55
trade:order:diagnostic_always_buy_holding_exit:v1:000001.SZ:2024-08-12:exit:2024-08-13,order:diagnostic_always_buy_holding_exit:v1:000001.SZ:2024-08-12:exit:2024-08-13,000001.SZ,sell,4100,12.64,2024-08-13,51819.26,15.55,51.82,0.00,67.37,51751.90
trade:order:diagnostic_always_buy_holding_exit:v1:000001.SZ:2024-08-13:exit:2024-08-14,order:diagnostic_always_buy_holding_exit:v1:000001.SZ:2024-08-13:exit:2024-08-14,000001.SZ,sell,600,12.66,2024-08-14,7594.61,5.00,7.59,0.00,12.59,7582.02
trade:order:diagnostic_always_buy_holding_exit:v1:000002.SZ:2024-08-13:entry:2024-08-14,order:diagnostic_always_buy_holding_exit:v1:000002.SZ:2024-08-13:entry:2024-08-14,000002.SZ,buy,1300,11.99,2024-08-14,15583.72,5.00,0.00,0.00,5.00,-15588.72
trade:order:diagnostic_always_buy_holding_exit:v1:000001.SZ:2024-08-14:entry:2024-08-15,order:diagnostic_always_buy_holding_exit:v1:000001.SZ:2024-08-14:entry:2024-08-15,000001.SZ,buy,1100,12.62,2024-08-15,13887.47,5.00,0.00,0.00,5.00,-13892.47
trade:order:diagnostic_always_buy_holding_exit:v1:000002.SZ:2024-08-14:exit:2024-08-15,order:diagnostic_always_buy_holding_exit:v1:000002.SZ:2024-08-14:exit:2024-08-15,000002.SZ,sell,1800,11.89,2024-08-15,21396.35,6.42,21.40,0.00,27.82,21368.54
trade:order:diagnostic_always_buy_holding_exit:v1:000001.SZ:2024-08-15:entry:2024-08-16,order:diagnostic_always_buy_holding_exit:v1:000001.SZ:2024-08-15:entry:2024-08-16,000001.SZ,buy,1200,12.63,2024-08-16,15155.09,5.00,0.00,0.00,5.00,-15160.09
trade:order:diagnostic_always_buy_holding_exit:v1:000002.SZ:2024-08-15:exit:2024-08-16,order:diagnostic_always_buy_holding_exit:v1:000002.SZ:2024-08-15:exit:2024-08-16,000002.SZ,sell,1300,11.87,2024-08-16,15431.10,5.00,15.43,0.00,20.43,15410.66
trade:order:diagnostic_always_buy_holding_exit:v1:000001.SZ:2024-08-16:entry:2024-08-19,order:diagnostic_always_buy_holding_exit:v1:000001.SZ:2024-08-16:entry:2024-08-19,000001.SZ,buy,1200,12.90,2024-08-19,15480.53,5.00,0.00,0.00,5.00,-15485.53
trade:order:diagnostic_always_buy_holding_exit:v1:000002.SZ:2024-08-16:entry:2024-08-19,order:diagnostic_always_buy_holding_exit:v1:000002.SZ:2024-08-16:entry:2024-08-19,000002.SZ,buy,1300,11.89,2024-08-19,15462.90,5.00,0.00,0.00,5.00,-15467.90
trade:order:diagnostic_always_buy_holding_exit:v1:000001.SZ:2024-08-19:entry:2024-08-20,order:diagnostic_always_buy_holding_exit:v1:000001.SZ:2024-08-19:entry:2024-08-20,000001.SZ,buy,700,12.82,2024-08-20,8971.02,5.00,0.00,0.00,5.00,-8976.02
trade:order:diagnostic_always_buy_holding_exit:v1:000001.SZ:2024-08-20:exit:2024-08-21,order:diagnostic_always_buy_holding_exit:v1:000001.SZ:2024-08-20:exit:2024-08-21,000001.SZ,sell,3500,12.92,2024-08-21,45203.31,13.56,45.20,0.00,58.76,45144.54
trade:order:diagnostic_always_buy_holding_exit:v1:000002.SZ:2024-08-20:entry:2024-08-21,order:diagnostic_always_buy_holding_exit:v1:000002.SZ:2024-08-20:entry:2024-08-21,000002.SZ,buy,600,12.02,2024-08-21,7212.19,5.00,0.00,0.00,5.00,-7217.19
trade:order:diagnostic_always_buy_holding_exit:v1:000001.SZ:2024-08-21:exit:2024-08-22,order:diagnostic_always_buy_holding_exit:v1:000001.SZ:2024-08-21:exit:2024-08-22,000001.SZ,sell,700,12.85,2024-08-22,8992.29,5.00,8.99,0.00,13.99,8978.30
trade:order:diagnostic_always_buy_holding_exit:v1:000002.SZ:2024-08-21:entry:2024-08-22,order:diagnostic_always_buy_holding_exit:v1:000002.SZ:2024-08-21:entry:2024-08-22,000002.SZ,buy,1200,12.05,2024-08-22,14460.53,5.00,0.00,0.00,5.00,-14465.53
trade:order:diagnostic_always_buy_holding_exit:v1:000001.SZ:2024-08-22:entry:2024-08-23,order:diagnostic_always_buy_holding_exit:v1:000001.SZ:2024-08-22:entry:2024-08-23,000001.SZ,buy,1100,12.93,2024-08-23,14226.57,5.00,0.00,0.00,5.00,-14231.57
trade:order:diagnostic_always_buy_holding_exit:v1:000001.SZ:2024-08-23:entry:2024-08-26,order:diagnostic_always_buy_holding_exit:v1:000001.SZ:2024-08-23:entry:2024-08-26,000001.SZ,buy,800,12.79,2024-08-26,10231.49,5.00,0.00,0.00,5.00,-10236.49
trade:order:diagnostic_always_buy_holding_exit:v1:000002.SZ:2024-08-23:entry:2024-08-26,order:diagnostic_always_buy_holding_exit:v1:000002.SZ:2024-08-23:entry:2024-08-26,000002.SZ,buy,900,12.11,2024-08-26,10896.56,5.00,0.00,0.00,5.00,-10901.56
trade:order:diagnostic_always_buy_holding_exit:v1:000002.SZ:2024-08-26:exit:2024-08-27,order:diagnostic_always_buy_holding_exit:v1:000002.SZ:2024-08-26:exit:2024-08-27,000002.SZ,sell,3100,12.03,2024-08-27,37286.41,11.19,37.29,0.00,48.47,37237.94
trade:order:diagnostic_always_buy_holding_exit:v1:000002.SZ:2024-08-27:exit:2024-08-28,order:diagnostic_always_buy_holding_exit:v1:000002.SZ:2024-08-27:exit:2024-08-28,000002.SZ,sell,900,12.13,2024-08-28,10914.98,5.00,10.91,0.00,15.91,10899.06
trade:order:diagnostic_always_buy_holding_exit:v1:000002.SZ:2024-08-28:entry:2024-08-29,order:diagnostic_always_buy_holding_exit:v1:000002.SZ:2024-08-28:entry:2024-08-29,000002.SZ,buy,1300,12.34,2024-08-29,16046.54,5.00,0.00,0.00,5.00,-16051.54
trade:order:diagnostic_always_buy_holding_exit:v1:000001.SZ:2024-08-28:exit:2024-08-29,order:diagnostic_always_buy_holding_exit:v1:000001.SZ:2024-08-28:exit:2024-08-29,000001.SZ,sell,1900,12.59,2024-08-29,23926.54,7.18,23.93,0.00,31.10,23895.43
trade:order:diagnostic_always_buy_holding_exit:v1:000002.SZ:2024-08-29:entry:2024-08-30,order:diagnostic_always_buy_holding_exit:v1:000002.SZ:2024-08-29:entry:2024-08-30,000002.SZ,buy,1400,12.12,2024-08-30,16970.95,5.09,0.00,0.00,5.09,-16976.04
trade:order:diagnostic_always_buy_holding_exit:v1:000002.SZ:2024-08-30:entry:2024-09-02,order:diagnostic_always_buy_holding_exit:v1:000002.SZ:2024-08-30:entry:2024-09-02,000002.SZ,buy,1200,12.24,2024-09-02,14693.82,5.00,0.00,0.00,5.00,-14698.82
trade:order:diagnostic_always_buy_holding_exit:v1:000001.SZ:2024-09-02:entry:2024-09-03,order:diagnostic_always_buy_holding_exit:v1:000001.SZ:2024-09-02:entry:2024-09-03,000001.SZ,buy,900,12.87,2024-09-03,11586.30,5.00,0.00,0.00,5.00,-11591.30
trade:order:diagnostic_always_buy_holding_exit:v1:000002.SZ:2024-09-02:entry:2024-09-03,order:diagnostic_always_buy_holding_exit:v1:000002.SZ:2024-09-02:entry:2024-09-03,000002.SZ,buy,900,12.37,2024-09-03,11136.25,5.00,0.00,0.00,5.00,-11141.25
trade:order:diagnostic_always_buy_holding_exit:v1:000001.SZ:2024-09-03:entry:2024-09-04,order:diagnostic_always_buy_holding_exit:v1:000001.SZ:2024-09-03:entry:2024-09-04,000001.SZ,buy,500,12.80,2024-09-04,6399.33,5.00,0.00,0.00,5.00,-6404.33
trade:order:diagnostic_always_buy_holding_exit:v1:000002.SZ:2024-09-03:exit:2024-09-04,order:diagnostic_always_buy_holding_exit:v1:000002.SZ:2024-09-03:exit:2024-09-04,000002.SZ,sell,3900,12.24,2024-09-04,47741.13,14.32,47.74,0.00,62.06,47679.07
trade:order:diagnostic_always_buy_holding_exit:v1:000001.SZ:2024-09-04:entry:2024-09-05,order:diagnostic_always_buy_holding_exit:v1:000001.SZ:2024-09-04:entry:2024-09-05,000001.SZ,buy,1200,12.85,2024-09-05,15425.94,5.00,0.00,0.00,5.00,-15430.94
trade:order:diagnostic_always_buy_holding_exit:v1:000002.SZ:2024-09-04:exit:2024-09-05,order:diagnostic_always_buy_holding_exit:v1:000002.SZ:2024-09-04:exit:2024-09-05,000002.SZ,sell,900,12.14,2024-09-05,10928.36,5.00,10.93,0.00,15.93,10912.43
trade:order:diagnostic_always_buy_holding_exit:v1:000001.SZ:2024-09-05:entry:2024-09-06,order:diagnostic_always_buy_holding_exit:v1:000001.SZ:2024-09-05:entry:2024-09-06,000001.SZ,buy,1100,12.72,2024-09-06,13996.41,5.00,0.00,0.00,5.00,-14001.41
trade:order:diagnostic_always_buy_holding_exit:v1:000002.SZ:2024-09-05:entry:2024-09-06,order:diagnostic_always_buy_holding_exit:v1:000002.SZ:2024-09-05:entry:2024-09-06,000002.SZ,buy,1200,12.18,2024-09-06,14620.18,5.00,0.00,0.00,5.00,-14625.18
trade:order:diagnostic_always_buy_holding_exit:v1:000002.SZ:2024-09-09:entry:2024-09-10,order:diagnostic_always_buy_holding_exit:v1:000002.SZ:2024-09-09:entry:2024-09-10,000002.SZ,buy,700,12.33,2024-09-10,8632.86,5.00,0.00,0.00,5.00,-8637.86
trade:order:diagnostic_always_buy_holding_exit:v1:000001.SZ:2024-09-09:exit:2024-09-10,order:diagnostic_always_buy_holding_exit:v1:000001.SZ:2024-09-09:exit:2024-09-10,000001.SZ,sell,3700,12.68,2024-09-10,46910.94,14.07,46.91,0.00,60.98,46849.96
trade:order:diagnostic_always_buy_holding_exit:v1:600000.SH:2024-09-10:entry:2024-09-11,order:diagnostic_always_buy_holding_exit:v1:600000.SH:2024-09-10:entry:2024-09-11,600000.SH,buy,1400,11.50,2024-09-11,16102.61,5.00,0.00,0.00,5.00,-16107.61
trade:order:diagnostic_always_buy_holding_exit:v1:000001.SZ:2024-09-11:entry:2024-09-12,order:diagnostic_always_buy_holding_exit:v1:000001.SZ:2024-09-11:entry:2024-09-12,000001.SZ,buy,1000,12.74,2024-09-12,12737.03,5.00,0.00,0.00,5.00,-12742.03
trade:order:diagnostic_always_buy_holding_exit:v1:600000.SH:2024-09-11:entry:2024-09-12,order:diagnostic_always_buy_holding_exit:v1:600000.SH:2024-09-11:entry:2024-09-12,600000.SH,buy,1100,11.47,2024-09-12,12613.57,5.00,0.00,0.00,5.00,-12618.57
trade:order:diagnostic_always_buy_holding_exit:v1:000002.SZ:2024-09-11:exit:2024-09-12,order:diagnostic_always_buy_holding_exit:v1:000002.SZ:2024-09-11:exit:2024-09-12,000002.SZ,sell,1900,12.26,2024-09-12,23290.19,6.99,23.29,0.00,30.28,23259.91
trade:order:diagnostic_always_buy_holding_exit:v1:000002.SZ:2024-09-12:entry:2024-09-13,order:diagnostic_always_buy_holding_exit:v1:000002.SZ:2024-09-12:entry:2024-09-13,000002.SZ,buy,1000,12.22,2024-09-13,12220.14,5.00,0.00,0.00,5.00,-12225.14
trade:order:diagnostic_always_buy_holding_exit:v1:000002.SZ:2024-09-13:entry:2024-09-16,order:diagnostic_always_buy_holding_exit:v1:000002.SZ:2024-09-13:entry:2024-09-16,000002.SZ,buy,800,12.43,2024-09-16,9941.29,5.00,0.00,0.00,5.00,-9946.29
trade:order:diagnostic_always_buy_holding_exit:v1:000002.SZ:2024-09-16:entry:2024-09-17,order:diagnostic_always_buy_holding_exit:v1:000002.SZ:2024-09-16:entry:2024-09-17,000002.SZ,buy,600,12.35,2024-09-17,7410.00,5.00,0.00,0.00,5.00,-7415.00
trade:order:diagnostic_always_buy_holding_exit:v1:600000.SH:2024-09-16:exit:2024-09-17,order:diagnostic_always_buy_holding_exit:v1:600000.SH:2024-09-16:exit:2024-09-17,600000.SH,sell,2500,11.44,2024-09-17,28599.40,8.58,28.60,0.00,37.18,28562.23
trade:order:diagnostic_always_buy_holding_exit:v1:000002.SZ:2024-09-17:entry:2024-09-18,order:diagnostic_always_buy_holding_exit:v1:000002.SZ:2024-09-17:entry:2024-09-18,000002.SZ,buy,1000,12.47,2024-09-18,12474.04,5.00,0.00,0.00,5.00,-12479.04
trade:order:diagnostic_always_buy_holding_exit:v1:000001.SZ:2024-09-17:exit:2024-09-18,order:diagnostic_always_buy_holding_exit:v1:000001.SZ:2024-09-17:exit:2024-09-18,000001.SZ,sell,1000,12.59,2024-09-18,12585.01,5.00,12.59,0.00,17.59,12567.43
trade:order:diagnostic_always_buy_holding_exit:v1:000001.SZ:2024-09-18:entry:2024-09-19,order:diagnostic_always_buy_holding_exit:v1:000001.SZ:2024-09-18:entry:2024-09-19,000001.SZ,buy,1000,12.58,2024-09-19,12584.72,5.00,0.00,0.00,5.00,-12589.72
trade:order:diagnostic_always_buy_holding_exit:v1:000002.SZ:2024-09-18:exit:2024-09-19,order:diagnostic_always_buy_holding_exit:v1:000002.SZ:2024-09-18:exit:2024-09-19,000002.SZ,sell,2400,12.36,2024-09-19,29673.23,8.90,29.67,0.00,38.58,29634.66
trade:order:diagnostic_always_buy_holding_exit:v1:000002.SZ:2024-09-19:exit:2024-09-20,order:diagnostic_always_buy_holding_exit:v1:000002.SZ:2024-09-19:exit:2024-09-20,000002.SZ,sell,1000,12.44,2024-09-20,12441.45,5.00,12.44,0.00,17.44,12424.01
trade:order:diagnostic_always_buy_holding_exit:v1:000002.SZ:2024-09-20:entry:2024-09-23,order:diagnostic_always_buy_holding_exit:v1:000002.SZ:2024-09-20:entry:2024-09-23,000002.SZ,buy,1500,12.51,2024-09-23,18767.28,5.63,0.00,0.00,5.63,-18772.91
trade:order:diagnostic_always_buy_holding_exit:v1:600000.SH:2024-09-20:entry:2024-09-23,order:diagnostic_always_buy_holding_exit:v1:600000.SH:2024-09-20:entry:2024-09-23,600000.SH,buy,1600,11.54,2024-09-23,18462.38,5.54,0.00,0.00,5.54,-18467.92
trade:order:diagnostic_always_buy_holding_exit:v1:000002.SZ:2024-09-23:entry:2024-09-24,order:diagnostic_always_buy_holding_exit:v1:000002.SZ:2024-09-23:entry:2024-09-24,000002.SZ,buy,900,12.58,2024-09-24,11322.34,5.00,0.00,0.00,5.00,-11327.34
trade:order:diagnostic_always_buy_holding_exit:v1:600000.SH:2024-09-23:entry:2024-09-24,order:diagnostic_always_buy_holding_exit:v1:600000.SH:2024-09-23:entry:2024-09-24,600000.SH,buy,900,11.55,2024-09-24,10393.63,5.00,0.00,0.00,5.00,-10398.63
trade:order:diagnostic_always_buy_holding_exit:v1:000002.SZ:2024-09-24:entry:2024-09-25,order:diagnostic_always_buy_holding_exit:v1:000002.SZ:2024-09-24:entry:2024-09-25,000002.SZ,buy,500,12.46,2024-09-25,6228.96,5.00,0.00,0.00,5.00,-6233.96
trade:order:diagnostic_always_buy_holding_exit:v1:600000.SH:2024-09-24:entry:2024-09-25,order:diagnostic_always_buy_holding_exit:v1:600000.SH:2024-09-24:entry:2024-09-25,600000.SH,buy,600,11.44,2024-09-25,6862.48,5.00,0.00,0.00,5.00,-6867.48
trade:order:diagnostic_always_buy_holding_exit:v1:000001.SZ:2024-09-24:exit:2024-09-25,order:diagnostic_always_buy_holding_exit:v1:000001.SZ:2024-09-24:exit:2024-09-25,000001.SZ,sell,1000,12.71,2024-09-25,12713.56,5.00,12.71,0.00,17.71,12695.85
trade:order:diagnostic_always_buy_holding_exit:v1:000001.SZ:2024-09-25:entry:2024-09-26,order:diagnostic_always_buy_holding_exit:v1:000001.SZ:2024-09-25:entry:2024-09-26,000001.SZ,buy,500,12.72,2024-09-26,6360.98,5.00,0.00,0.00,5.00,-6365.98
trade:order:diagnostic_always_buy_holding_exit:v1:000002.SZ:2024-09-25:entry:2024-09-26,order:diagnostic_always_buy_holding_exit:v1:000002.SZ:2024-09-25:entry:2024-09-26,000002.SZ,buy,500,12.59,2024-09-26,6292.55,5.00,0.00,0.00,5.00,-6297.55
trade:order:diagnostic_always_buy_holding_exit:v1:600000.SH:2024-09-25:entry:2024-09-26,order:diagnostic_always_buy_holding_exit:v1:600000.SH:2024-09-25:entry:2024-09-26,600000.SH,buy,500,11.69,2024-09-26,5846.92,5.00,0.00,0.00,5.00,-5851.92
trade:order:diagnostic_always_buy_holding_exit:v1:000002.SZ:2024-09-26:entry:2024-09-27,order:diagnostic_always_buy_holding_exit:v1:000002.SZ:2024-09-26:entry:2024-09-27,000002.SZ,buy,200,12.59,2024-09-27,2517.94,5.00,0.00,0.00,5.00,-2522.94
trade:order:diagnostic_always_buy_holding_exit:v1:600000.SH:2024-09-26:entry:2024-09-27,order:diagnostic_always_buy_holding_exit:v1:600000.SH:2024-09-26:entry:2024-09-27,600000.SH,buy,200,11.60,2024-09-27,2319.72,5.00,0.00,0.00,5.00,-2324.72
trade:order:diagnostic_always_buy_holding_exit:v1:000001.SZ:2024-09-27:entry:2024-09-30,order:diagnostic_always_buy_holding_exit:v1:000001.SZ:2024-09-27:entry:2024-09-30,000001.SZ,buy,100,12.71,2024-09-30,1271.09,5.00,0.00,0.00,5.00,-1276.09
trade:order:diagnostic_always_buy_holding_exit:v1:000002.SZ:2024-09-27:entry:2024-09-30,order:diagnostic_always_buy_holding_exit:v1:000002.SZ:2024-09-27:entry:2024-09-30,000002.SZ,buy,100,12.51,2024-09-30,1251.43,5.00,0.00,0.00,5.00,-1256.43
trade:order:diagnostic_always_buy_holding_exit:v1:600000.SH:2024-09-27:entry:2024-09-30,order:diagnostic_always_buy_holding_exit:v1:600000.SH:2024-09-27:entry:2024-09-30,600000.SH,buy,100,11.59,2024-09-30,1158.89,5.00,0.00,0.00,5.00,-1163.89
trade:order:diagnostic_always_buy_holding_exit:v1:000002.SZ:2024-09-30:exit:2024-10-01,order:diagnostic_always_buy_holding_exit:v1:000002.SZ:2024-09-30:exit:2024-10-01,000002.SZ,sell,3600,12.52,2024-10-01,45084.87,13.53,45.08,0.00,58.61,45026.26
trade:order:diagnostic_always_buy_holding_exit:v1:600000.SH:2024-09-30:exit:2024-10-01,order:diagnostic_always_buy_holding_exit:v1:600000.SH:2024-09-30:exit:2024-10-01,600000.SH,sell,3800,11.63,2024-10-01,44177.50,13.25,44.18,0.00,57.43,44120.07
trade:order:diagnostic_always_buy_holding_exit:v1:000002.SZ:2024-10-01:exit:2024-10-02,order:diagnostic_always_buy_holding_exit:v1:000002.SZ:2024-10-01:exit:2024-10-02,000002.SZ,sell,100,12.50,2024-10-02,1249.66,5.00,1.25,0.00,6.25,1243.41
trade:order:diagnostic_always_buy_holding_exit:v1:600000.SH:2024-10-01:exit:2024-10-02,order:diagnostic_always_buy_holding_exit:v1:600000.SH:2024-10-01:exit:2024-10-02,600000.SH,sell,100,11.72,2024-10-02,1172.48,5.00,1.17,0.00,6.17,1166.31
trade:order:diagnostic_always_buy_holding_exit:v1:000001.SZ:2024-10-01:exit:2024-10-02,order:diagnostic_always_buy_holding_exit:v1:000001.SZ:2024-10-01:exit:2024-10-02,000001.SZ,sell,600,12.51,2024-10-02,7507.75,5.00,7.51,0.00,12.51,7495.24
trade:order:diagnostic_always_buy_holding_exit:v1:000002.SZ:2024-10-02:entry:2024-10-03,order:diagnostic_always_buy_holding_exit:v1:000002.SZ:2024-10-02:entry:2024-10-03,000002.SZ,buy,1600,12.79,2024-10-03,20464.40,6.14,0.00,0.00,6.14,-20470.54
trade:order:diagnostic_always_buy_holding_exit:v1:600000.SH:2024-10-02:entry:2024-10-03,order:diagnostic_always_buy_holding_exit:v1:600000.SH:2024-10-02:entry:2024-10-03,600000.SH,buy,1800,11.67,2024-10-03,21008.81,6.30,0.00,0.00,6.30,-21015.11
trade:order:diagnostic_always_buy_holding_exit:v1:000002.SZ:2024-10-03:entry:2024-10-04,order:diagnostic_always_buy_holding_exit:v1:000002.SZ:2024-10-03:entry:2024-10-04,000002.SZ,buy,1000,12.62,2024-10-04,12616.04,5.00,0.00,0.00,5.00,-12621.04
trade:order:diagnostic_always_buy_holding_exit:v1:600000.SH:2024-10-03:entry:2024-10-04,order:diagnostic_always_buy_holding_exit:v1:600000.SH:2024-10-03:entry:2024-10-04,600000.SH,buy,1100,11.80,2024-10-04,12974.66,5.00,0.00,0.00,5.00,-12979.66
trade:order:diagnostic_always_buy_holding_exit:v1:000002.SZ:2024-10-04:entry:2024-10-07,order:diagnostic_always_buy_holding_exit:v1:000002.SZ:2024-10-04:entry:2024-10-07,000002.SZ,buy,600,12.81,2024-10-07,7684.63,5.00,0.00,0.00,5.00,-7689.63
trade:order:diagnostic_always_buy_holding_exit:v1:600000.SH:2024-10-04:entry:2024-10-07,order:diagnostic_always_buy_holding_exit:v1:600000.SH:2024-10-04:entry:2024-10-07,600000.SH,buy,600,11.77,2024-10-07,7060.90,5.00,0.00,0.00,5.00,-7065.90
trade:order:diagnostic_always_buy_holding_exit:v1:000002.SZ:2024-10-07:entry:2024-10-08,order:diagnostic_always_buy_holding_exit:v1:000002.SZ:2024-10-07:entry:2024-10-08,000002.SZ,buy,300,12.88,2024-10-08,3864.45,5.00,0.00,0.00,5.00,-3869.45
trade:order:diagnostic_always_buy_holding_exit:v1:600000.SH:2024-10-07:entry:2024-10-08,order:diagnostic_always_buy_holding_exit:v1:600000.SH:2024-10-07:entry:2024-10-08,600000.SH,buy,400,11.68,2024-10-08,4672.88,5.00,0.00,0.00,5.00,-4677.88
trade:order:diagnostic_always_buy_holding_exit:v1:000001.SZ:2024-10-08:entry:2024-10-09,order:diagnostic_always_buy_holding_exit:v1:000001.SZ:2024-10-08:entry:2024-10-09,000001.SZ,buy,200,12.51,2024-10-09,2501.78,5.00,0.00,0.00,5.00,-2506.78
trade:order:diagnostic_always_buy_holding_exit:v1:000002.SZ:2024-10-08:exit:2024-10-09,order:diagnostic_always_buy_holding_exit:v1:000002.SZ:2024-10-08:exit:2024-10-09,000002.SZ,sell,3200,12.84,2024-10-09,41096.48,12.33,41.10,0.00,53.43,41043.05
trade:order:diagnostic_always_buy_holding_exit:v1:600000.SH:2024-10-08:exit:2024-10-09,order:diagnostic_always_buy_holding_exit:v1:600000.SH:2024-10-08:exit:2024-10-09,600000.SH,sell,3500,11.86,2024-10-09,41519.11,12.46,41.52,0.00,53.97,41465.14
trade:order:diagnostic_always_buy_holding_exit:v1:000001.SZ:2024-10-09:entry:2024-10-10,order:diagnostic_always_buy_holding_exit:v1:000001.SZ:2024-10-09:entry:2024-10-10,000001.SZ,buy,1500,12.60,2024-10-10,18898.93,5.67,0.00,0.00,5.67,-18904.60
trade:order:diagnostic_always_buy_holding_exit:v1:000002.SZ:2024-10-09:exit:2024-10-10,order:diagnostic_always_buy_holding_exit:v1:000002.SZ:2024-10-09:exit:2024-10-10,000002.SZ,sell,300,12.86,2024-10-10,3857.02,5.00,3.86,0.00,8.86,3848.16
trade:order:diagnostic_always_buy_holding_exit:v1:600000.SH:2024-10-09:exit:2024-10-10,order:diagnostic_always_buy_holding_exit:v1:600000.SH:2024-10-09:exit:2024-10-10,600000.SH,sell,400,11.69,2024-10-10,4677.25,5.00,4.68,0.00,9.68,4667.57
trade:order:diagnostic_always_buy_holding_exit:v1:000001.SZ:2024-10-10:entry:2024-10-11,order:diagnostic_always_buy_holding_exit:v1:000001.SZ:2024-10-10:entry:2024-10-11,000001.SZ,buy,1300,12.62,2024-10-11,16406.00,5.00,0.00,0.00,5.00,-16411.00
trade:order:diagnostic_always_buy_holding_exit:v1:000002.SZ:2024-10-10:entry:2024-10-11,order:diagnostic_always_buy_holding_exit:v1:000002.SZ:2024-10-10:entry:2024-10-11,000002.SZ,buy,1300,12.67,2024-10-11,16467.73,5.00,0.00,0.00,5.00,-16472.73
trade:order:diagnostic_always_buy_holding_exit:v1:600000.SH:2024-10-10:entry:2024-10-11,order:diagnostic_always_buy_holding_exit:v1:600000.SH:2024-10-10:entry:2024-10-11,600000.SH,buy,1400,11.81,2024-10-11,16536.82,5.00,0.00,0.00,5.00,-16541.82
trade:order:diagnostic_always_buy_holding_exit:v1:000001.SZ:2024-10-11:entry:2024-10-14,order:diagnostic_always_buy_holding_exit:v1:000001.SZ:2024-10-11:entry:2024-10-14,000001.SZ,buy,500,12.46,2024-10-14,6228.01,5.00,0.00,0.00,5.00,-6233.01
trade:order:diagnostic_always_buy_holding_exit:v1:600000.SH:2024-10-11:entry:2024-10-14,order:diagnostic_always_buy_holding_exit:v1:600000.SH:2024-10-11:entry:2024-10-14,600000.SH,buy,600,11.86,2024-10-14,7115.22,5.00,0.00,0.00,5.00,-7120.22
trade:order:diagnostic_always_buy_holding_exit:v1:600000.SH:2024-10-14:entry:2024-10-15,order:diagnostic_always_buy_holding_exit:v1:600000.SH:2024-10-14:entry:2024-10-15,600000.SH,buy,300,11.89,2024-10-15,3565.66,5.00,0.00,0.00,5.00,-3570.66
trade:order:diagnostic_always_buy_holding_exit:v1:000001.SZ:2024-10-14:exit:2024-10-15,order:diagnostic_always_buy_holding_exit:v1:000001.SZ:2024-10-14:exit:2024-10-15,000001.SZ,sell,3000,12.56,2024-10-15,37675.19,11.30,37.68,0.00,48.98,37626.21
trade:order:diagnostic_always_buy_holding_exit:v1:000002.SZ:2024-10-15:entry:2024-10-16,order:diagnostic_always_buy_holding_exit:v1:000002.SZ:2024-10-15:entry:2024-10-16,000002.SZ,buy,800,12.95,2024-10-16,10359.32,5.00,0.00,0.00,5.00,-10364.32
trade:order:diagnostic_always_buy_holding_exit:v1:600000.SH:2024-10-15:entry:2024-10-16,order:diagnostic_always_buy_holding_exit:v1:600000.SH:2024-10-15:entry:2024-10-16,600000.SH,buy,900,11.98,2024-10-16,10784.64,5.00,0.00,0.00,5.00,-10789.64
trade:order:diagnostic_always_buy_holding_exit:v1:000001.SZ:2024-10-15:exit:2024-10-16,order:diagnostic_always_buy_holding_exit:v1:000001.SZ:2024-10-15:exit:2024-10-16,000001.SZ,sell,500,12.64,2024-10-16,6320.81,5.00,6.32,0.00,11.32,6309.49
trade:order:diagnostic_always_buy_holding_exit:v1:000001.SZ:2024-10-16:entry:2024-10-17,order:diagnostic_always_buy_holding_exit:v1:000001.SZ:2024-10-16:entry:2024-10-17,000001.SZ,buy,600,12.52,2024-10-17,7510.77,5.00,0.00,0.00,5.00,-7515.77
trade:order:diagnostic_always_buy_holding_exit:v1:000002.SZ:2024-10-16:exit:2024-10-17,order:diagnostic_always_buy_holding_exit:v1:000002.SZ:2024-10-16:exit:2024-10-17,000002.SZ,sell,1300,12.78,2024-10-17,16615.99,5.00,16.62,0.00,21.62,16594.37
trade:order:diagnostic_always_buy_holding_exit:v1:600000.SH:2024-10-16:exit:2024-10-17,order:diagnostic_always_buy_holding_exit:v1:600000.SH:2024-10-16:exit:2024-10-17,600000.SH,sell,2300,12.02,2024-10-17,27635.72,8.29,27.64,0.00,35.93,27599.80
trade:order:diagnostic_always_buy_holding_exit:v1:000001.SZ:2024-10-17:entry:2024-10-18,order:diagnostic_always_buy_holding_exit:v1:000001.SZ:2024-10-17:entry:2024-10-18,000001.SZ,buy,1200,12.54,2024-10-18,15045.05,5.00,0.00,0.00,5.00,-15050.05
trade:order:diagnostic_always_buy_holding_exit:v1:000002.SZ:2024-10-17:exit:2024-10-18,order:diagnostic_always_buy_holding_exit:v1:000002.SZ:2024-10-17:exit:2024-10-18,000002.SZ,sell,800,13.05,2024-10-18,10441.82,5.00,10.44,0.00,15.44,10426.38
trade:order:diagnostic_always_buy_holding_exit:v1:600000.SH:2024-10-17:exit:2024-10-18,order:diagnostic_always_buy_holding_exit:v1:600000.SH:2024-10-17:exit:2024-10-18,600000.SH,sell,900,11.91,2024-10-18,10719.27,5.00,10.72,0.00,15.72,10703.55
trade:order:diagnostic_always_buy_holding_exit:v1:000001.SZ:2024-10-18:entry:2024-10-21,order:diagnostic_always_buy_holding_exit:v1:000001.SZ:2024-10-18:entry:2024-10-21,000001.SZ,buy,1300,12.70,2024-10-21,16509.08,5.00,0.00,0.00,5.00,-16514.08
trade:order:diagnostic_always_buy_holding_exit:v1:000002.SZ:2024-10-18:entry:2024-10-21,order:diagnostic_always_buy_holding_exit:v1:000002.SZ:2024-10-18:entry:2024-10-21,000002.SZ,buy,1300,13.09,2024-10-21,17016.67,5.10,0.00,0.00,5.10,-17021.77
trade:order:diagnostic_always_buy_holding_exit:v1:600000.SH:2024-10-18:entry:2024-10-21,order:diagnostic_always_buy_holding_exit:v1:600000.SH:2024-10-18:entry:2024-10-21,600000.SH,buy,1400,12.11,2024-10-21,16950.28,5.09,0.00,0.00,5.09,-16955.36
trade:order:diagnostic_always_buy_holding_exit:v1:000002.SZ:2024-10-21:entry:2024-10-22,order:diagnostic_always_buy_holding_exit:v1:000002.SZ:2024-10-21:entry:2024-10-22,000002.SZ,buy,500,13.04,2024-10-22,6521.58,5.00,0.00,0.00,5.00,-6526.58
trade:order:diagnostic_always_buy_holding_exit:v1:600000.SH:2024-10-21:entry:2024-10-22,order:diagnostic_always_buy_holding_exit:v1:600000.SH:2024-10-21:entry:2024-10-22,600000.SH,buy,500,12.19,2024-10-22,6092.56,5.00,0.00,0.00,5.00,-6097.56
trade:order:diagnostic_always_buy_holding_exit:v1:000002.SZ:2024-10-22:entry:2024-10-23,order:diagnostic_always_buy_holding_exit:v1:000002.SZ:2024-10-22:entry:2024-10-23,000002.SZ,buy,300,12.97,2024-10-23,3891.92,5.00,0.00,0.00,5.00,-3896.92
trade:order:diagnostic_always_buy_holding_exit:v1:600000.SH:2024-10-22:entry:2024-10-23,order:diagnostic_always_buy_holding_exit:v1:600000.SH:2024-10-22:entry:2024-10-23,600000.SH,buy,300,12.17,2024-10-23,3650.01,5.00,0.00,0.00,5.00,-3655.01
trade:order:diagnostic_always_buy_holding_exit:v1:000001.SZ:2024-10-22:exit:2024-10-23,order:diagnostic_always_buy_holding_exit:v1:000001.SZ:2024-10-22:exit:2024-10-23,000001.SZ,sell,3100,12.42,2024-10-23,38501.91,11.55,38.50,0.00,50.05,38451.85
trade:order:diagnostic_always_buy_holding_exit:v1:000002.SZ:2024-10-23:entry:2024-10-24,order:diagnostic_always_buy_holding_exit:v1:000002.SZ:2024-10-23:entry:2024-10-24,000002.SZ,buy,800,13.01,2024-10-24,10405.05,5.00,0.00,0.00,5.00,-10410.05
trade:order:diagnostic_always_buy_holding_exit:v1:600000.SH:2024-10-23:entry:2024-10-24,order:diagnostic_always_buy_holding_exit:v1:600000.SH:2024-10-23:entry:2024-10-24,600000.SH,buy,800,12.34,2024-10-24,9868.88,5.00,0.00,0.00,5.00,-9873.88
trade:order:diagnostic_always_buy_holding_exit:v1:000002.SZ:2024-10-24:entry:2024-10-25,order:diagnostic_always_buy_holding_exit:v1:000002.SZ:2024-10-24:entry:2024-10-25,000002.SZ,buy,400,13.16,2024-10-25,5264.39,5.00,0.00,0.00,5.00,-5269.39
trade:order:diagnostic_always_buy_holding_exit:v1:600000.SH:2024-10-24:entry:2024-10-25,order:diagnostic_always_buy_holding_exit:v1:600000.SH:2024-10-24:entry:2024-10-25,600000.SH,buy,500,12.27,2024-10-25,6135.74,5.00,0.00,0.00,5.00,-6140.74
trade:order:diagnostic_always_buy_holding_exit:v1:000002.SZ:2024-10-25:entry:2024-10-28,order:diagnostic_always_buy_holding_exit:v1:000002.SZ:2024-10-25:entry:2024-10-28,000002.SZ,buy,300,13.01,2024-10-28,3901.60,5.00,0.00,0.00,5.00,-3906.60
trade:order:diagnostic_always_buy_holding_exit:v1:600000.SH:2024-10-25:entry:2024-10-28,order:diagnostic_always_buy_holding_exit:v1:600000.SH:2024-10-25:entry:2024-10-28,600000.SH,buy,300,12.36,2024-10-28,3707.30,5.00,0.00,0.00,5.00,-3712.30
trade:order:diagnostic_always_buy_holding_exit:v1:000001.SZ:2024-10-28:entry:2024-10-29,order:diagnostic_always_buy_holding_exit:v1:000001.SZ:2024-10-28:entry:2024-10-29,000001.SZ,buy,200,12.60,2024-10-29,2520.38,5.00,0.00,0.00,5.00,-2525.38
trade:order:diagnostic_always_buy_holding_exit:v1:000002.SZ:2024-10-28:exit:2024-10-29,order:diagnostic_always_buy_holding_exit:v1:000002.SZ:2024-10-28:exit:2024-10-29,000002.SZ,sell,3300,13.07,2024-10-29,43137.11,12.94,43.14,0.00,56.08,43081.03
trade:order:diagnostic_always_buy_holding_exit:v1:600000.SH:2024-10-28:exit:2024-10-29,order:diagnostic_always_buy_holding_exit:v1:600000.SH:2024-10-28:exit:2024-10-29,600000.SH,sell,3500,12.35,2024-10-29,43216.42,12.96,43.22,0.00,56.18,43160.24
trade:order:diagnostic_always_buy_holding_exit:v1:000001.SZ:2024-10-29:entry:2024-10-30,order:diagnostic_always_buy_holding_exit:v1:000001.SZ:2024-10-29:entry:2024-10-30,000001.SZ,buy,1500,12.53,2024-10-30,18789.48,5.64,0.00,0.00,5.64,-18795.12
trade:order:diagnostic_always_buy_holding_exit:v1:000002.SZ:2024-10-29:exit:2024-10-30,order:diagnostic_always_buy_holding_exit:v1:000002.SZ:2024-10-29:exit:2024-10-30,000002.SZ,sell,300,13.07,2024-10-30,3920.06,5.00,3.92,0.00,8.92,3911.14
trade:order:diagnostic_always_buy_holding_exit:v1:600000.SH:2024-10-29:exit:2024-10-30,order:diagnostic_always_buy_holding_exit:v1:600000.SH:2024-10-29:exit:2024-10-30,600000.SH,sell,300,12.37,2024-10-30,3709.52,5.00,3.71,0.00,8.71,3700.81
trade:order:diagnostic_always_buy_holding_exit:v1:000001.SZ:2024-10-30:entry:2024-10-31,order:diagnostic_always_buy_holding_exit:v1:000001.SZ:2024-10-30:entry:2024-10-31,000001.SZ,buy,1300,12.74,2024-10-31,16555.82,5.00,0.00,0.00,5.00,-16560.82
trade:order:diagnostic_always_buy_holding_exit:v1:000002.SZ:2024-10-30:entry:2024-10-31,order:diagnostic_always_buy_holding_exit:v1:000002.SZ:2024-10-30:entry:2024-10-31,000002.SZ,buy,1300,13.11,2024-10-31,17043.16,5.11,0.00,0.00,5.11,-17048.27
trade:order:diagnostic_always_buy_holding_exit:v1:600000.SH:2024-10-30:entry:2024-10-31,order:diagnostic_always_buy_holding_exit:v1:600000.SH:2024-10-30:entry:2024-10-31,600000.SH,buy,1300,12.38,2024-10-31,16089.86,5.00,0.00,0.00,5.00,-16094.86
trade:order:diagnostic_always_buy_holding_exit:v1:000001.SZ:2024-10-31:entry:2024-11-01,order:diagnostic_always_buy_holding_exit:v1:000001.SZ:2024-10-31:entry:2024-11-01,000001.SZ,buy,500,12.69,2024-11-01,6345.25,5.00,0.00,0.00,5.00,-6350.25
trade:order:diagnostic_always_buy_holding_exit:v1:600000.SH:2024-10-31:entry:2024-11-01,order:diagnostic_always_buy_holding_exit:v1:600000.SH:2024-10-31:entry:2024-11-01,600000.SH,buy,500,12.52,2024-11-01,6259.51,5.00,0.00,0.00,5.00,-6264.51
trade:order:diagnostic_always_buy_holding_exit:v1:000001.SZ:2024-11-01:entry:2024-11-04,order:diagnostic_always_buy_holding_exit:v1:000001.SZ:2024-11-01:entry:2024-11-04,000001.SZ,buy,300,12.71,2024-11-04,3812.70,5.00,0.00,0.00,5.00,-3817.70
trade:order:diagnostic_always_buy_holding_exit:v1:600000.SH:2024-11-01:entry:2024-11-04,order:diagnostic_always_buy_holding_exit:v1:600000.SH:2024-11-01:entry:2024-11-04,600000.SH,buy,300,12.42,2024-11-04,3724.85,5.00,0.00,0.00,5.00,-3729.85
trade:order:diagnostic_always_buy_holding_exit:v1:000001.SZ:2024-11-04:exit:2024-11-05,order:diagnostic_always_buy_holding_exit:v1:000001.SZ:2024-11-04:exit:2024-11-05,000001.SZ,sell,3500,12.79,2024-11-05,44753.12,13.43,44.75,0.00,58.18,44694.94
trade:order:diagnostic_always_buy_holding_exit:v1:600000.SH:2024-11-04:entry:2024-11-05,order:diagnostic_always_buy_holding_exit:v1:600000.SH:2024-11-04:entry:2024-11-05,600000.SH,buy,200,12.48,2024-11-05,2495.14,5.00,0.00,0.00,5.00,-2500.14
trade:order:diagnostic_always_buy_holding_exit:v1:000001.SZ:2024-11-05:exit:2024-11-06,order:diagnostic_always_buy_holding_exit:v1:000001.SZ:2024-11-05:exit:2024-11-06,000001.SZ,sell,300,12.80,2024-11-06,3840.72,5.00,3.84,0.00,8.84,3831.88
trade:order:diagnostic_always_buy_holding_exit:v1:600000.SH:2024-11-05:exit:2024-11-06,order:diagnostic_always_buy_holding_exit:v1:600000.SH:2024-11-05:exit:2024-11-06,600000.SH,sell,2100,12.68,2024-11-06,26622.73,7.99,26.62,0.00,34.61,26588.12
trade:order:diagnostic_always_buy_holding_exit:v1:000002.SZ:2024-11-05:exit:2024-11-06,order:diagnostic_always_buy_holding_exit:v1:000002.SZ:2024-11-05:exit:2024-11-06,000002.SZ,sell,1300,13.04,2024-11-06,16945.83,5.08,16.95,0.00,22.03,16923.80
trade:order:diagnostic_always_buy_holding_exit:v1:000001.SZ:2024-11-06:entry:2024-11-07,order:diagnostic_always_buy_holding_exit:v1:000001.SZ:2024-11-06:entry:2024-11-07,000001.SZ,buy,1600,12.71,2024-11-07,20337.61,6.10,0.00,0.00,6.10,-20343.71
trade:order:diagnostic_always_buy_holding_exit:v1:600000.SH:2024-11-06:exit:2024-11-07,order:diagnostic_always_buy_holding_exit:v1:600000.SH:2024-11-06:exit:2024-11-07,600000.SH,sell,200,12.76,2024-11-07,2551.77,5.00,2.55,0.00,7.55,2544.22
trade:order:diagnostic_always_buy_holding_exit:v1:000002.SZ:2024-11-07:entry:2024-11-08,order:diagnostic_always_buy_holding_exit:v1:000002.SZ:2024-11-07:entry:2024-11-08,000002.SZ,buy,1300,12.93,2024-11-08,16803.28,5.04,0.00,0.00,5.04,-16808.32
trade:order:diagnostic_always_buy_holding_exit:v1:600000.SH:2024-11-07:entry:2024-11-08,order:diagnostic_always_buy_holding_exit:v1:600000.SH:2024-11-07:entry:2024-11-08,600000.SH,buy,1300,12.64,2024-11-08,16425.79,5.00,0.00,0.00,5.00,-16430.79
trade:order:diagnostic_always_buy_holding_exit:v1:600000.SH:2024-11-08:entry:2024-11-11,order:diagnostic_always_buy_holding_exit:v1:600000.SH:2024-11-08:entry:2024-11-11,600000.SH,buy,800,12.83,2024-11-11,10263.60,5.00,0.00,0.00,5.00,-10268.60
trade:order:diagnostic_always_buy_holding_exit:v1:600000.SH:2024-11-11:entry:2024-11-12,order:diagnostic_always_buy_holding_exit:v1:600000.SH:2024-11-11:entry:2024-11-12,600000.SH,buy,600,12.92,2024-11-12,7752.87,5.00,0.00,0.00,5.00,-7757.87
trade:order:diagnostic_always_buy_holding_exit:v1:000001.SZ:2024-11-12:exit:2024-11-13,order:diagnostic_always_buy_holding_exit:v1:000001.SZ:2024-11-12:exit:2024-11-13,000001.SZ,sell,1600,12.55,2024-11-13,20083.48,6.03,20.08,0.00,26.11,20057.37
